<?xml version="1.0" encoding="UTF-8"?>
<!-- Created with BasicAirData GPS Logger for Android - ver. 3.3.0 -->
<!-- Track 1 = 6704 TrackPoints + 0 Placemarks -->

<!-- Track Statistics (based on Total Time | Time in Movement): -->
<!--  Distance = 208.2 km -->
<!--  Duration = 01:59:40 | 01:21:42 -->
<!--  Altitude Gap = -4 m -->
<!--  Max Speed = 260 km/h -->
<!--  Avg Speed = 104.4 | 152.9 km/h -->
<!--  Direction = N -->
<!--  Activity = flying -->
<!--  Altitudes = Raw -->

<gpx version="1.0"
     creator="BasicAirData GPS Logger 3.3.0"
     xmlns="http://www.topografix.com/GPX/1/0"
     xmlns:xsi="http://www.w3.org/2001/XMLSchema-instance"
     xsi:schemaLocation="http://www.topografix.com/GPX/1/0 http://www.topografix.com/GPX/1/0/gpx.xsd">
<name>GPS Logger 20260913-111658</name>
<desc>Vuelo5</desc>
<time>2026-09-13T17:42:04Z</time>
<keywords>flying</keywords>
<bounds minlat="-33.72851000" minlon="-70.57474000" maxlat="-33.32675667" maxlon="-70.22122333" />

<trk>
 <name>Track 20260913-111658</name>
 <trkseg>
  <trkpt lat="-33.45637333" lon="-70.54802167"><ele>671.800</ele><time>2026-09-13T14:16:58Z</time><speed>0.063</speed><sat>26</sat></trkpt>
  <trkpt lat="-33.45637000" lon="-70.54802167"><ele>671.800</ele><time>2026-09-13T14:16:59Z</time><speed>0.003</speed><sat>28</sat></trkpt>
  <trkpt lat="-33.45637000" lon="-70.54802167"><ele>671.600</ele><time>2026-09-13T14:17:00Z</time><speed>0.064</speed><sat>28</sat></trkpt>
  <trkpt lat="-33.45637000" lon="-70.54802333"><ele>671.500</ele><time>2026-09-13T14:17:01Z</time><speed>0.049</speed><sat>30</sat></trkpt>
  <trkpt lat="-33.45637167" lon="-70.54802500"><ele>671.700</ele><time>2026-09-13T14:17:02Z</time><speed>0.066</speed><sat>29</sat></trkpt>
  <trkpt lat="-33.45637333" lon="-70.54802500"><ele>672.200</ele><time>2026-09-13T14:17:03Z</time><speed>0.302</speed><sat>30</sat></trkpt>
  <trkpt lat="-33.45637000" lon="-70.54802667"><ele>672.200</ele><time>2026-09-13T14:17:04Z</time><speed>0.341</speed><sat>29</sat></trkpt>
  <trkpt lat="-33.45636667" lon="-70.54802500"><ele>672.000</ele><time>2026-09-13T14:17:05Z</time><speed>0.000</speed><sat>29</sat></trkpt>
  <trkpt lat="-33.45636667" lon="-70.54802500"><ele>671.900</ele><time>2026-09-13T14:17:06Z</time><speed>0.213</speed><sat>29</sat></trkpt>
  <trkpt lat="-33.45636833" lon="-70.54802667"><ele>671.900</ele><time>2026-09-13T14:17:07Z</time><speed>0.114</speed><sat>28</sat></trkpt>
  <trkpt lat="-33.45636833" lon="-70.54802833"><ele>671.800</ele><time>2026-09-13T14:17:08Z</time><speed>0.061</speed><sat>28</sat></trkpt>
  <trkpt lat="-33.45636833" lon="-70.54802500"><ele>671.700</ele><time>2026-09-13T14:17:09Z</time><speed>0.046</speed><sat>29</sat></trkpt>
  <trkpt lat="-33.45637000" lon="-70.54802167"><ele>671.500</ele><time>2026-09-13T14:17:10Z</time><speed>0.080</speed><sat>28</sat></trkpt>
  <trkpt lat="-33.45636667" lon="-70.54801833"><ele>671.500</ele><time>2026-09-13T14:17:11Z</time><speed>0.121</speed><sat>30</sat></trkpt>
  <trkpt lat="-33.45636667" lon="-70.54802000"><ele>671.600</ele><time>2026-09-13T14:17:12Z</time><speed>0.256</speed><sat>30</sat></trkpt>
  <trkpt lat="-33.45636500" lon="-70.54801833"><ele>671.400</ele><time>2026-09-13T14:17:13Z</time><speed>0.153</speed><sat>29</sat></trkpt>
  <trkpt lat="-33.45636500" lon="-70.54801833"><ele>671.300</ele><time>2026-09-13T14:17:14Z</time><speed>0.127</speed><sat>29</sat></trkpt>
  <trkpt lat="-33.45636167" lon="-70.54802333"><ele>671.100</ele><time>2026-09-13T14:17:15Z</time><speed>0.102</speed><sat>29</sat></trkpt>
  <trkpt lat="-33.45636167" lon="-70.54802333"><ele>670.700</ele><time>2026-09-13T14:17:16Z</time><speed>0.092</speed><sat>29</sat></trkpt>
  <trkpt lat="-33.45636167" lon="-70.54802333"><ele>670.500</ele><time>2026-09-13T14:17:17Z</time><speed>0.090</speed><sat>30</sat></trkpt>
  <trkpt lat="-33.45636500" lon="-70.54803000"><ele>670.300</ele><time>2026-09-13T14:17:18Z</time><speed>0.091</speed><sat>30</sat></trkpt>
  <trkpt lat="-33.45636500" lon="-70.54803000"><ele>670.100</ele><time>2026-09-13T14:17:19Z</time><speed>0.097</speed><sat>30</sat></trkpt>
  <trkpt lat="-33.45636500" lon="-70.54803000"><ele>670.000</ele><time>2026-09-13T14:17:20Z</time><speed>0.094</speed><sat>28</sat></trkpt>
  <trkpt lat="-33.45636500" lon="-70.54803000"><ele>669.900</ele><time>2026-09-13T14:17:21Z</time><speed>0.000</speed><sat>27</sat></trkpt>
  <trkpt lat="-33.45636500" lon="-70.54803000"><ele>669.700</ele><time>2026-09-13T14:17:22Z</time><speed>0.000</speed><sat>30</sat></trkpt>
  <trkpt lat="-33.45637000" lon="-70.54803667"><ele>669.700</ele><time>2026-09-13T14:17:23Z</time><speed>0.000</speed><sat>30</sat></trkpt>
  <trkpt lat="-33.45637167" lon="-70.54803833"><ele>669.400</ele><time>2026-09-13T14:17:24Z</time><speed>0.000</speed><sat>29</sat></trkpt>
  <trkpt lat="-33.45637333" lon="-70.54803833"><ele>669.400</ele><time>2026-09-13T14:17:25Z</time><speed>0.000</speed><sat>28</sat></trkpt>
  <trkpt lat="-33.45637500" lon="-70.54804000"><ele>669.300</ele><time>2026-09-13T14:17:26Z</time><speed>0.000</speed><sat>28</sat></trkpt>
  <trkpt lat="-33.45637500" lon="-70.54804000"><ele>669.300</ele><time>2026-09-13T14:17:27Z</time><speed>0.000</speed><sat>29</sat></trkpt>
  <trkpt lat="-33.45637500" lon="-70.54804000"><ele>669.300</ele><time>2026-09-13T14:17:28Z</time><speed>0.000</speed><sat>28</sat></trkpt>
  <trkpt lat="-33.45637500" lon="-70.54804000"><ele>669.300</ele><time>2026-09-13T14:17:29Z</time><speed>0.000</speed><sat>29</sat></trkpt>
  <trkpt lat="-33.45637500" lon="-70.54804000"><ele>669.300</ele><time>2026-09-13T14:17:30Z</time><speed>0.000</speed><sat>29</sat></trkpt>
  <trkpt lat="-33.45637500" lon="-70.54804000"><ele>669.300</ele><time>2026-09-13T14:17:31Z</time><speed>0.000</speed><sat>29</sat></trkpt>
  <trkpt lat="-33.45637500" lon="-70.54804000"><ele>669.300</ele><time>2026-09-13T14:17:32Z</time><speed>0.000</speed><sat>29</sat></trkpt>
  <trkpt lat="-33.45637500" lon="-70.54804000"><ele>669.300</ele><time>2026-09-13T14:17:33Z</time><speed>0.000</speed><sat>29</sat></trkpt>
  <trkpt lat="-33.45637500" lon="-70.54804000"><ele>669.300</ele><time>2026-09-13T14:17:34Z</time><speed>0.000</speed><sat>29</sat></trkpt>
  <trkpt lat="-33.45637500" lon="-70.54804000"><ele>669.300</ele><time>2026-09-13T14:17:35Z</time><speed>0.000</speed><sat>28</sat></trkpt>
  <trkpt lat="-33.45637500" lon="-70.54804000"><ele>669.300</ele><time>2026-09-13T14:17:36Z</time><speed>0.000</speed><sat>29</sat></trkpt>
  <trkpt lat="-33.45637500" lon="-70.54804000"><ele>669.300</ele><time>2026-09-13T14:17:37Z</time><speed>0.000</speed><sat>29</sat></trkpt>
  <trkpt lat="-33.45637500" lon="-70.54804000"><ele>669.300</ele><time>2026-09-13T14:17:38Z</time><speed>0.000</speed><sat>25</sat></trkpt>
  <trkpt lat="-33.45637500" lon="-70.54804000"><ele>669.300</ele><time>2026-09-13T14:17:39Z</time><speed>0.000</speed><sat>24</sat></trkpt>
  <trkpt lat="-33.45637500" lon="-70.54804000"><ele>669.300</ele><time>2026-09-13T14:17:40Z</time><speed>0.000</speed><sat>28</sat></trkpt>
  <trkpt lat="-33.45637500" lon="-70.54804000"><ele>669.300</ele><time>2026-09-13T14:17:41Z</time><speed>0.000</speed><sat>28</sat></trkpt>
  <trkpt lat="-33.45637500" lon="-70.54804000"><ele>669.300</ele><time>2026-09-13T14:17:42Z</time><speed>0.000</speed><sat>28</sat></trkpt>
  <trkpt lat="-33.45637500" lon="-70.54804000"><ele>669.300</ele><time>2026-09-13T14:17:43Z</time><speed>0.000</speed><sat>27</sat></trkpt>
  <trkpt lat="-33.45637500" lon="-70.54804000"><ele>669.300</ele><time>2026-09-13T14:17:44Z</time><speed>0.000</speed><sat>27</sat></trkpt>
  <trkpt lat="-33.45637500" lon="-70.54804000"><ele>669.300</ele><time>2026-09-13T14:17:45Z</time><speed>0.000</speed><sat>26</sat></trkpt>
  <trkpt lat="-33.45637500" lon="-70.54804000"><ele>669.300</ele><time>2026-09-13T14:17:46Z</time><speed>0.000</speed><sat>25</sat></trkpt>
  <trkpt lat="-33.45637500" lon="-70.54804000"><ele>669.300</ele><time>2026-09-13T14:17:47Z</time><speed>0.000</speed><sat>25</sat></trkpt>
  <trkpt lat="-33.45637500" lon="-70.54804000"><ele>669.300</ele><time>2026-09-13T14:17:48Z</time><speed>0.000</speed><sat>26</sat></trkpt>
  <trkpt lat="-33.45637500" lon="-70.54804000"><ele>669.300</ele><time>2026-09-13T14:17:49Z</time><speed>0.000</speed><sat>28</sat></trkpt>
  <trkpt lat="-33.45637500" lon="-70.54804000"><ele>669.300</ele><time>2026-09-13T14:17:50Z</time><speed>0.000</speed><sat>29</sat></trkpt>
  <trkpt lat="-33.45637500" lon="-70.54804000"><ele>669.300</ele><time>2026-09-13T14:17:51Z</time><speed>0.000</speed><sat>29</sat></trkpt>
  <trkpt lat="-33.45637500" lon="-70.54804000"><ele>669.300</ele><time>2026-09-13T14:17:52Z</time><speed>0.000</speed><sat>29</sat></trkpt>
  <trkpt lat="-33.45637500" lon="-70.54804000"><ele>669.300</ele><time>2026-09-13T14:17:53Z</time><speed>0.000</speed><sat>29</sat></trkpt>
  <trkpt lat="-33.45637500" lon="-70.54804000"><ele>669.300</ele><time>2026-09-13T14:17:54Z</time><speed>0.000</speed><sat>29</sat></trkpt>
  <trkpt lat="-33.45637500" lon="-70.54804000"><ele>669.300</ele><time>2026-09-13T14:17:55Z</time><speed>0.000</speed><sat>24</sat></trkpt>
  <trkpt lat="-33.45637500" lon="-70.54804000"><ele>669.300</ele><time>2026-09-13T14:17:56Z</time><speed>0.000</speed><sat>26</sat></trkpt>
  <trkpt lat="-33.45637500" lon="-70.54804000"><ele>669.300</ele><time>2026-09-13T14:17:57Z</time><speed>0.000</speed><sat>27</sat></trkpt>
  <trkpt lat="-33.45637500" lon="-70.54804000"><ele>669.300</ele><time>2026-09-13T14:17:58Z</time><speed>0.000</speed><sat>27</sat></trkpt>
  <trkpt lat="-33.45637500" lon="-70.54804000"><ele>669.300</ele><time>2026-09-13T14:17:59Z</time><speed>0.000</speed><sat>26</sat></trkpt>
  <trkpt lat="-33.45637500" lon="-70.54804000"><ele>669.300</ele><time>2026-09-13T14:18:00Z</time><speed>0.000</speed><sat>26</sat></trkpt>
  <trkpt lat="-33.45637500" lon="-70.54804000"><ele>669.300</ele><time>2026-09-13T14:18:01Z</time><speed>0.000</speed><sat>28</sat></trkpt>
  <trkpt lat="-33.45637500" lon="-70.54804000"><ele>669.300</ele><time>2026-09-13T14:18:02Z</time><speed>0.000</speed><sat>28</sat></trkpt>
  <trkpt lat="-33.45637500" lon="-70.54804000"><ele>669.300</ele><time>2026-09-13T14:18:03Z</time><speed>0.000</speed><sat>28</sat></trkpt>
  <trkpt lat="-33.45637500" lon="-70.54804000"><ele>669.300</ele><time>2026-09-13T14:18:04Z</time><speed>0.000</speed><sat>28</sat></trkpt>
  <trkpt lat="-33.45637500" lon="-70.54802000"><ele>668.000</ele><time>2026-09-13T14:18:05.052Z</time><speed>0.002</speed><sat>5</sat></trkpt>
  <trkpt lat="-33.45637500" lon="-70.54802000"><ele>668.000</ele><time>2026-09-13T14:18:06.336Z</time><speed>0.005</speed><sat>7</sat></trkpt>
  <trkpt lat="-33.45637333" lon="-70.54802167"><ele>667.700</ele><time>2026-09-13T14:18:07.500Z</time><speed>0.007</speed><sat>17</sat></trkpt>
  <trkpt lat="-33.45637333" lon="-70.54802167"><ele>667.700</ele><time>2026-09-13T14:18:08.500Z</time><speed>0.070</speed><sat>22</sat></trkpt>
  <trkpt lat="-33.45637333" lon="-70.54802167"><ele>667.700</ele><time>2026-09-13T14:18:09.500Z</time><speed>0.000</speed><sat>24</sat></trkpt>
  <trkpt lat="-33.45637333" lon="-70.54802167"><ele>667.900</ele><time>2026-09-13T14:18:11Z</time><speed>0.000</speed><sat>24</sat></trkpt>
  <trkpt lat="-33.45637333" lon="-70.54802167"><ele>667.900</ele><time>2026-09-13T14:18:12Z</time><speed>0.000</speed><sat>27</sat></trkpt>
  <trkpt lat="-33.45635667" lon="-70.54803167"><ele>667.900</ele><time>2026-09-13T14:18:13Z</time><speed>0.000</speed><sat>26</sat></trkpt>
  <trkpt lat="-33.45635667" lon="-70.54803167"><ele>667.600</ele><time>2026-09-13T14:18:14Z</time><speed>0.021</speed><sat>26</sat></trkpt>
  <trkpt lat="-33.45635833" lon="-70.54803000"><ele>667.300</ele><time>2026-09-13T14:18:15Z</time><speed>0.020</speed><sat>27</sat></trkpt>
  <trkpt lat="-33.45636000" lon="-70.54803167"><ele>667.200</ele><time>2026-09-13T14:18:16Z</time><speed>0.037</speed><sat>27</sat></trkpt>
  <trkpt lat="-33.45636000" lon="-70.54803167"><ele>667.100</ele><time>2026-09-13T14:18:17Z</time><speed>0.057</speed><sat>27</sat></trkpt>
  <trkpt lat="-33.45636000" lon="-70.54803167"><ele>667.000</ele><time>2026-09-13T14:18:18Z</time><speed>0.030</speed><sat>26</sat></trkpt>
  <trkpt lat="-33.45636167" lon="-70.54802833"><ele>666.900</ele><time>2026-09-13T14:18:19Z</time><speed>0.025</speed><sat>27</sat></trkpt>
  <trkpt lat="-33.45636167" lon="-70.54802833"><ele>666.800</ele><time>2026-09-13T14:18:20Z</time><speed>0.052</speed><sat>28</sat></trkpt>
  <trkpt lat="-33.45636167" lon="-70.54803000"><ele>666.800</ele><time>2026-09-13T14:18:21Z</time><speed>0.031</speed><sat>28</sat></trkpt>
  <trkpt lat="-33.45636333" lon="-70.54803000"><ele>666.800</ele><time>2026-09-13T14:18:22Z</time><speed>0.005</speed><sat>28</sat></trkpt>
  <trkpt lat="-33.45636333" lon="-70.54802833"><ele>666.800</ele><time>2026-09-13T14:18:23Z</time><speed>0.006</speed><sat>25</sat></trkpt>
  <trkpt lat="-33.45636333" lon="-70.54802833"><ele>666.900</ele><time>2026-09-13T14:18:24Z</time><speed>0.033</speed><sat>26</sat></trkpt>
  <trkpt lat="-33.45636333" lon="-70.54802833"><ele>667.000</ele><time>2026-09-13T14:18:25Z</time><speed>0.068</speed><sat>26</sat></trkpt>
  <trkpt lat="-33.45636333" lon="-70.54802833"><ele>667.000</ele><time>2026-09-13T14:18:26Z</time><speed>0.040</speed><sat>26</sat></trkpt>
  <trkpt lat="-33.45636333" lon="-70.54802833"><ele>667.000</ele><time>2026-09-13T14:18:27Z</time><speed>0.000</speed><sat>27</sat></trkpt>
  <trkpt lat="-33.45636333" lon="-70.54802833"><ele>667.100</ele><time>2026-09-13T14:18:28Z</time><speed>0.000</speed><sat>27</sat></trkpt>
  <trkpt lat="-33.45636833" lon="-70.54803333"><ele>667.100</ele><time>2026-09-13T14:18:29Z</time><speed>0.000</speed><sat>27</sat></trkpt>
  <trkpt lat="-33.45636667" lon="-70.54803333"><ele>667.200</ele><time>2026-09-13T14:18:30Z</time><speed>0.041</speed><sat>27</sat></trkpt>
  <trkpt lat="-33.45637000" lon="-70.54803500"><ele>667.200</ele><time>2026-09-13T14:18:31Z</time><speed>0.042</speed><sat>27</sat></trkpt>
  <trkpt lat="-33.45637167" lon="-70.54803333"><ele>667.100</ele><time>2026-09-13T14:18:32Z</time><speed>0.046</speed><sat>26</sat></trkpt>
  <trkpt lat="-33.45637167" lon="-70.54803333"><ele>667.100</ele><time>2026-09-13T14:18:33Z</time><speed>0.047</speed><sat>27</sat></trkpt>
  <trkpt lat="-33.45637167" lon="-70.54803333"><ele>667.200</ele><time>2026-09-13T14:18:34Z</time><speed>0.044</speed><sat>27</sat></trkpt>
  <trkpt lat="-33.45637500" lon="-70.54803333"><ele>667.200</ele><time>2026-09-13T14:18:35Z</time><speed>0.040</speed><sat>26</sat></trkpt>
  <trkpt lat="-33.45637500" lon="-70.54803333"><ele>667.300</ele><time>2026-09-13T14:18:36Z</time><speed>0.038</speed><sat>28</sat></trkpt>
  <trkpt lat="-33.45637667" lon="-70.54804000"><ele>667.400</ele><time>2026-09-13T14:18:37Z</time><speed>0.000</speed><sat>28</sat></trkpt>
  <trkpt lat="-33.45637833" lon="-70.54804333"><ele>667.500</ele><time>2026-09-13T14:18:38Z</time><speed>0.000</speed><sat>28</sat></trkpt>
  <trkpt lat="-33.45638000" lon="-70.54804333"><ele>667.500</ele><time>2026-09-13T14:18:39Z</time><speed>0.000</speed><sat>27</sat></trkpt>
  <trkpt lat="-33.45638000" lon="-70.54804333"><ele>667.500</ele><time>2026-09-13T14:18:40Z</time><speed>0.000</speed><sat>27</sat></trkpt>
  <trkpt lat="-33.45638000" lon="-70.54804333"><ele>667.500</ele><time>2026-09-13T14:18:41Z</time><speed>0.000</speed><sat>28</sat></trkpt>
  <trkpt lat="-33.45638000" lon="-70.54804333"><ele>667.500</ele><time>2026-09-13T14:18:42Z</time><speed>0.000</speed><sat>29</sat></trkpt>
  <trkpt lat="-33.45638000" lon="-70.54804333"><ele>667.500</ele><time>2026-09-13T14:18:43Z</time><speed>0.000</speed><sat>28</sat></trkpt>
  <trkpt lat="-33.45638000" lon="-70.54804333"><ele>667.500</ele><time>2026-09-13T14:18:44Z</time><speed>0.000</speed><sat>28</sat></trkpt>
  <trkpt lat="-33.45638000" lon="-70.54804333"><ele>667.500</ele><time>2026-09-13T14:18:45Z</time><speed>0.000</speed><sat>27</sat></trkpt>
  <trkpt lat="-33.45638000" lon="-70.54804333"><ele>667.500</ele><time>2026-09-13T14:18:46Z</time><speed>0.000</speed><sat>27</sat></trkpt>
  <trkpt lat="-33.45638000" lon="-70.54804333"><ele>667.500</ele><time>2026-09-13T14:18:47Z</time><speed>0.000</speed><sat>27</sat></trkpt>
  <trkpt lat="-33.45638000" lon="-70.54804333"><ele>667.500</ele><time>2026-09-13T14:18:48Z</time><speed>0.000</speed><sat>24</sat></trkpt>
  <trkpt lat="-33.45638000" lon="-70.54804333"><ele>667.500</ele><time>2026-09-13T14:18:49Z</time><speed>0.000</speed><sat>23</sat></trkpt>
  <trkpt lat="-33.45638000" lon="-70.54804333"><ele>667.500</ele><time>2026-09-13T14:18:50Z</time><speed>0.000</speed><sat>23</sat></trkpt>
  <trkpt lat="-33.45638000" lon="-70.54804333"><ele>667.500</ele><time>2026-09-13T14:18:51Z</time><speed>0.000</speed><sat>20</sat></trkpt>
  <trkpt lat="-33.45638000" lon="-70.54804333"><ele>667.500</ele><time>2026-09-13T14:18:52Z</time><speed>0.000</speed><sat>20</sat></trkpt>
  <trkpt lat="-33.45638000" lon="-70.54804333"><ele>667.500</ele><time>2026-09-13T14:18:53Z</time><speed>0.000</speed><sat>21</sat></trkpt>
  <trkpt lat="-33.45638000" lon="-70.54804333"><ele>667.500</ele><time>2026-09-13T14:18:54Z</time><speed>0.000</speed><sat>23</sat></trkpt>
  <trkpt lat="-33.45638000" lon="-70.54804333"><ele>667.500</ele><time>2026-09-13T14:18:55Z</time><speed>0.000</speed><sat>20</sat></trkpt>
  <trkpt lat="-33.45638000" lon="-70.54804333"><ele>667.500</ele><time>2026-09-13T14:18:56Z</time><speed>0.000</speed><sat>20</sat></trkpt>
  <trkpt lat="-33.45638000" lon="-70.54804333"><ele>667.500</ele><time>2026-09-13T14:18:57Z</time><speed>0.000</speed><sat>18</sat></trkpt>
  <trkpt lat="-33.45638000" lon="-70.54804333"><ele>667.500</ele><time>2026-09-13T14:18:58Z</time><speed>0.000</speed><sat>20</sat></trkpt>
  <trkpt lat="-33.45638000" lon="-70.54804333"><ele>667.500</ele><time>2026-09-13T14:18:59Z</time><speed>0.000</speed><sat>23</sat></trkpt>
  <trkpt lat="-33.45638000" lon="-70.54804333"><ele>667.500</ele><time>2026-09-13T14:19:00Z</time><speed>0.000</speed><sat>22</sat></trkpt>
  <trkpt lat="-33.45638000" lon="-70.54804333"><ele>667.500</ele><time>2026-09-13T14:19:01Z</time><speed>0.000</speed><sat>22</sat></trkpt>
  <trkpt lat="-33.45638000" lon="-70.54804333"><ele>667.500</ele><time>2026-09-13T14:19:02Z</time><speed>0.000</speed><sat>24</sat></trkpt>
  <trkpt lat="-33.45638000" lon="-70.54804333"><ele>667.500</ele><time>2026-09-13T14:19:03Z</time><speed>0.000</speed><sat>24</sat></trkpt>
  <trkpt lat="-33.45638000" lon="-70.54804333"><ele>667.500</ele><time>2026-09-13T14:19:04Z</time><speed>0.000</speed><sat>25</sat></trkpt>
  <trkpt lat="-33.45638000" lon="-70.54804333"><ele>667.500</ele><time>2026-09-13T14:19:05Z</time><speed>0.000</speed><sat>27</sat></trkpt>
  <trkpt lat="-33.45638000" lon="-70.54804333"><ele>667.500</ele><time>2026-09-13T14:19:06Z</time><speed>0.000</speed><sat>25</sat></trkpt>
  <trkpt lat="-33.45638000" lon="-70.54804333"><ele>667.500</ele><time>2026-09-13T14:19:07Z</time><speed>0.000</speed><sat>26</sat></trkpt>
  <trkpt lat="-33.45638000" lon="-70.54804333"><ele>667.500</ele><time>2026-09-13T14:19:08Z</time><speed>0.000</speed><sat>27</sat></trkpt>
  <trkpt lat="-33.45638000" lon="-70.54804333"><ele>667.500</ele><time>2026-09-13T14:19:09Z</time><speed>0.000</speed><sat>28</sat></trkpt>
  <trkpt lat="-33.45638000" lon="-70.54804333"><ele>667.500</ele><time>2026-09-13T14:19:10Z</time><speed>0.000</speed><sat>28</sat></trkpt>
  <trkpt lat="-33.45638000" lon="-70.54804333"><ele>667.500</ele><time>2026-09-13T14:19:11Z</time><speed>0.000</speed><sat>28</sat></trkpt>
  <trkpt lat="-33.45638000" lon="-70.54804333"><ele>667.500</ele><time>2026-09-13T14:19:12Z</time><speed>0.000</speed><sat>26</sat></trkpt>
  <trkpt lat="-33.45638000" lon="-70.54804333"><ele>667.500</ele><time>2026-09-13T14:19:13Z</time><speed>0.000</speed><sat>24</sat></trkpt>
  <trkpt lat="-33.45638000" lon="-70.54804333"><ele>667.500</ele><time>2026-09-13T14:19:14Z</time><speed>0.000</speed><sat>25</sat></trkpt>
  <trkpt lat="-33.45638000" lon="-70.54804333"><ele>667.500</ele><time>2026-09-13T14:19:15Z</time><speed>0.000</speed><sat>25</sat></trkpt>
  <trkpt lat="-33.45638000" lon="-70.54804333"><ele>667.500</ele><time>2026-09-13T14:19:16Z</time><speed>0.000</speed><sat>25</sat></trkpt>
  <trkpt lat="-33.45638000" lon="-70.54804333"><ele>667.500</ele><time>2026-09-13T14:19:17Z</time><speed>0.000</speed><sat>25</sat></trkpt>
  <trkpt lat="-33.45638000" lon="-70.54804333"><ele>667.500</ele><time>2026-09-13T14:19:18Z</time><speed>0.000</speed><sat>23</sat></trkpt>
  <trkpt lat="-33.45638000" lon="-70.54804333"><ele>667.500</ele><time>2026-09-13T14:19:19Z</time><speed>0.000</speed><sat>22</sat></trkpt>
  <trkpt lat="-33.45638000" lon="-70.54804333"><ele>667.500</ele><time>2026-09-13T14:19:20Z</time><speed>0.000</speed><sat>23</sat></trkpt>
  <trkpt lat="-33.45638000" lon="-70.54804333"><ele>667.500</ele><time>2026-09-13T14:19:21Z</time><speed>0.000</speed><sat>23</sat></trkpt>
  <trkpt lat="-33.45638000" lon="-70.54804333"><ele>667.500</ele><time>2026-09-13T14:19:22Z</time><speed>0.000</speed><sat>22</sat></trkpt>
  <trkpt lat="-33.45638000" lon="-70.54804333"><ele>667.500</ele><time>2026-09-13T14:19:23Z</time><speed>0.000</speed><sat>24</sat></trkpt>
  <trkpt lat="-33.45638000" lon="-70.54804333"><ele>667.500</ele><time>2026-09-13T14:19:24Z</time><speed>0.000</speed><sat>23</sat></trkpt>
  <trkpt lat="-33.45638000" lon="-70.54804333"><ele>667.500</ele><time>2026-09-13T14:19:25Z</time><speed>0.000</speed><sat>23</sat></trkpt>
  <trkpt lat="-33.45638000" lon="-70.54804333"><ele>667.500</ele><time>2026-09-13T14:19:26Z</time><speed>0.000</speed><sat>23</sat></trkpt>
  <trkpt lat="-33.45638000" lon="-70.54804333"><ele>667.500</ele><time>2026-09-13T14:19:27Z</time><speed>0.000</speed><sat>23</sat></trkpt>
  <trkpt lat="-33.45638000" lon="-70.54804333"><ele>667.500</ele><time>2026-09-13T14:19:28Z</time><speed>0.000</speed><sat>23</sat></trkpt>
  <trkpt lat="-33.45638000" lon="-70.54804333"><ele>667.500</ele><time>2026-09-13T14:19:29Z</time><speed>0.000</speed><sat>21</sat></trkpt>
  <trkpt lat="-33.45638000" lon="-70.54804333"><ele>667.500</ele><time>2026-09-13T14:19:30Z</time><speed>0.000</speed><sat>22</sat></trkpt>
  <trkpt lat="-33.45638000" lon="-70.54804333"><ele>667.500</ele><time>2026-09-13T14:19:31Z</time><speed>0.000</speed><sat>22</sat></trkpt>
  <trkpt lat="-33.45638000" lon="-70.54804333"><ele>667.500</ele><time>2026-09-13T14:19:32Z</time><speed>0.000</speed><sat>22</sat></trkpt>
  <trkpt lat="-33.45638000" lon="-70.54804333"><ele>667.500</ele><time>2026-09-13T14:19:33Z</time><speed>0.000</speed><sat>20</sat></trkpt>
  <trkpt lat="-33.45638000" lon="-70.54804333"><ele>667.500</ele><time>2026-09-13T14:19:34Z</time><speed>0.000</speed><sat>19</sat></trkpt>
  <trkpt lat="-33.45638000" lon="-70.54804333"><ele>667.500</ele><time>2026-09-13T14:19:35Z</time><speed>0.000</speed><sat>20</sat></trkpt>
  <trkpt lat="-33.45638000" lon="-70.54804333"><ele>667.500</ele><time>2026-09-13T14:19:36Z</time><speed>0.000</speed><sat>21</sat></trkpt>
  <trkpt lat="-33.45638000" lon="-70.54804333"><ele>667.500</ele><time>2026-09-13T14:19:37Z</time><speed>0.000</speed><sat>20</sat></trkpt>
  <trkpt lat="-33.45638000" lon="-70.54804333"><ele>667.500</ele><time>2026-09-13T14:19:38Z</time><speed>0.000</speed><sat>19</sat></trkpt>
  <trkpt lat="-33.45638000" lon="-70.54804333"><ele>667.500</ele><time>2026-09-13T14:19:39Z</time><speed>0.000</speed><sat>20</sat></trkpt>
  <trkpt lat="-33.45638000" lon="-70.54804333"><ele>667.500</ele><time>2026-09-13T14:19:40Z</time><speed>0.000</speed><sat>19</sat></trkpt>
  <trkpt lat="-33.45638000" lon="-70.54804333"><ele>667.500</ele><time>2026-09-13T14:19:41Z</time><speed>0.000</speed><sat>20</sat></trkpt>
  <trkpt lat="-33.45638000" lon="-70.54804333"><ele>667.500</ele><time>2026-09-13T14:19:42Z</time><speed>0.000</speed><sat>20</sat></trkpt>
  <trkpt lat="-33.45638000" lon="-70.54804333"><ele>667.500</ele><time>2026-09-13T14:19:43Z</time><speed>0.000</speed><sat>19</sat></trkpt>
  <trkpt lat="-33.45638000" lon="-70.54804333"><ele>667.500</ele><time>2026-09-13T14:19:44Z</time><speed>0.000</speed><sat>21</sat></trkpt>
  <trkpt lat="-33.45638000" lon="-70.54804333"><ele>667.500</ele><time>2026-09-13T14:19:45Z</time><speed>0.000</speed><sat>21</sat></trkpt>
  <trkpt lat="-33.45638000" lon="-70.54804333"><ele>667.500</ele><time>2026-09-13T14:19:46Z</time><speed>0.000</speed><sat>23</sat></trkpt>
  <trkpt lat="-33.45638000" lon="-70.54804333"><ele>667.500</ele><time>2026-09-13T14:19:47Z</time><speed>0.000</speed><sat>22</sat></trkpt>
  <trkpt lat="-33.45638000" lon="-70.54804333"><ele>667.500</ele><time>2026-09-13T14:19:48Z</time><speed>0.000</speed><sat>23</sat></trkpt>
  <trkpt lat="-33.45638000" lon="-70.54804333"><ele>667.500</ele><time>2026-09-13T14:19:49Z</time><speed>0.000</speed><sat>22</sat></trkpt>
  <trkpt lat="-33.45638000" lon="-70.54804333"><ele>667.500</ele><time>2026-09-13T14:19:50Z</time><speed>0.000</speed><sat>22</sat></trkpt>
  <trkpt lat="-33.45638000" lon="-70.54804333"><ele>667.500</ele><time>2026-09-13T14:19:51Z</time><speed>0.000</speed><sat>23</sat></trkpt>
  <trkpt lat="-33.45638000" lon="-70.54804333"><ele>667.500</ele><time>2026-09-13T14:19:52Z</time><speed>0.000</speed><sat>23</sat></trkpt>
  <trkpt lat="-33.45638000" lon="-70.54804333"><ele>667.500</ele><time>2026-09-13T14:19:53Z</time><speed>0.000</speed><sat>24</sat></trkpt>
  <trkpt lat="-33.45638000" lon="-70.54804333"><ele>667.500</ele><time>2026-09-13T14:19:54Z</time><speed>0.000</speed><sat>24</sat></trkpt>
  <trkpt lat="-33.45638000" lon="-70.54804333"><ele>667.500</ele><time>2026-09-13T14:19:55Z</time><speed>0.000</speed><sat>24</sat></trkpt>
  <trkpt lat="-33.45638000" lon="-70.54804333"><ele>667.500</ele><time>2026-09-13T14:19:56Z</time><speed>0.000</speed><sat>24</sat></trkpt>
  <trkpt lat="-33.45638000" lon="-70.54804333"><ele>667.500</ele><time>2026-09-13T14:19:57Z</time><speed>0.000</speed><sat>23</sat></trkpt>
  <trkpt lat="-33.45638000" lon="-70.54804333"><ele>667.500</ele><time>2026-09-13T14:19:58Z</time><speed>0.000</speed><sat>22</sat></trkpt>
  <trkpt lat="-33.45638000" lon="-70.54804333"><ele>667.500</ele><time>2026-09-13T14:19:59Z</time><speed>0.000</speed><sat>22</sat></trkpt>
  <trkpt lat="-33.45638000" lon="-70.54804333"><ele>667.500</ele><time>2026-09-13T14:20:00Z</time><speed>0.000</speed><sat>22</sat></trkpt>
  <trkpt lat="-33.45638000" lon="-70.54804333"><ele>667.500</ele><time>2026-09-13T14:20:01Z</time><speed>0.000</speed><sat>24</sat></trkpt>
  <trkpt lat="-33.45638000" lon="-70.54804333"><ele>667.500</ele><time>2026-09-13T14:20:02Z</time><speed>0.000</speed><sat>24</sat></trkpt>
  <trkpt lat="-33.45638000" lon="-70.54804333"><ele>667.500</ele><time>2026-09-13T14:20:03Z</time><speed>0.000</speed><sat>24</sat></trkpt>
  <trkpt lat="-33.45638000" lon="-70.54804333"><ele>667.500</ele><time>2026-09-13T14:20:04Z</time><speed>0.000</speed><sat>23</sat></trkpt>
  <trkpt lat="-33.45638000" lon="-70.54804333"><ele>667.500</ele><time>2026-09-13T14:20:05Z</time><speed>0.000</speed><sat>23</sat></trkpt>
  <trkpt lat="-33.45638000" lon="-70.54804333"><ele>667.500</ele><time>2026-09-13T14:20:06Z</time><speed>0.000</speed><sat>22</sat></trkpt>
  <trkpt lat="-33.45638000" lon="-70.54804333"><ele>667.500</ele><time>2026-09-13T14:20:07Z</time><speed>0.000</speed><sat>22</sat></trkpt>
  <trkpt lat="-33.45638000" lon="-70.54804333"><ele>667.500</ele><time>2026-09-13T14:20:08Z</time><speed>0.000</speed><sat>22</sat></trkpt>
  <trkpt lat="-33.45638000" lon="-70.54804333"><ele>667.500</ele><time>2026-09-13T14:20:09Z</time><speed>0.000</speed><sat>22</sat></trkpt>
  <trkpt lat="-33.45638000" lon="-70.54804333"><ele>667.500</ele><time>2026-09-13T14:20:10Z</time><speed>0.000</speed><sat>20</sat></trkpt>
  <trkpt lat="-33.45638000" lon="-70.54804333"><ele>667.500</ele><time>2026-09-13T14:20:11Z</time><speed>0.000</speed><sat>21</sat></trkpt>
  <trkpt lat="-33.45638000" lon="-70.54804333"><ele>667.500</ele><time>2026-09-13T14:20:12Z</time><speed>0.000</speed><sat>22</sat></trkpt>
  <trkpt lat="-33.45638000" lon="-70.54804333"><ele>667.500</ele><time>2026-09-13T14:20:13Z</time><speed>0.000</speed><sat>21</sat></trkpt>
  <trkpt lat="-33.45638000" lon="-70.54804333"><ele>667.500</ele><time>2026-09-13T14:20:14Z</time><speed>0.000</speed><sat>23</sat></trkpt>
  <trkpt lat="-33.45638000" lon="-70.54804333"><ele>667.500</ele><time>2026-09-13T14:20:15Z</time><speed>0.000</speed><sat>22</sat></trkpt>
  <trkpt lat="-33.45638000" lon="-70.54804333"><ele>667.500</ele><time>2026-09-13T14:20:16Z</time><speed>0.000</speed><sat>22</sat></trkpt>
  <trkpt lat="-33.45638000" lon="-70.54804333"><ele>667.500</ele><time>2026-09-13T14:20:17Z</time><speed>0.000</speed><sat>23</sat></trkpt>
  <trkpt lat="-33.45638000" lon="-70.54804333"><ele>667.500</ele><time>2026-09-13T14:20:18Z</time><speed>0.000</speed><sat>24</sat></trkpt>
  <trkpt lat="-33.45638000" lon="-70.54804333"><ele>667.500</ele><time>2026-09-13T14:20:19Z</time><speed>0.000</speed><sat>23</sat></trkpt>
  <trkpt lat="-33.45638000" lon="-70.54804333"><ele>667.500</ele><time>2026-09-13T14:20:20Z</time><speed>0.000</speed><sat>22</sat></trkpt>
  <trkpt lat="-33.45638000" lon="-70.54804333"><ele>667.500</ele><time>2026-09-13T14:20:21Z</time><speed>0.000</speed><sat>22</sat></trkpt>
  <trkpt lat="-33.45638000" lon="-70.54804333"><ele>667.500</ele><time>2026-09-13T14:20:22Z</time><speed>0.000</speed><sat>22</sat></trkpt>
  <trkpt lat="-33.45638000" lon="-70.54804333"><ele>667.500</ele><time>2026-09-13T14:20:23Z</time><speed>0.000</speed><sat>23</sat></trkpt>
  <trkpt lat="-33.45638000" lon="-70.54804333"><ele>667.500</ele><time>2026-09-13T14:20:24Z</time><speed>0.000</speed><sat>23</sat></trkpt>
  <trkpt lat="-33.45638000" lon="-70.54804333"><ele>667.500</ele><time>2026-09-13T14:20:25Z</time><speed>0.000</speed><sat>22</sat></trkpt>
  <trkpt lat="-33.45638000" lon="-70.54804333"><ele>667.500</ele><time>2026-09-13T14:20:26Z</time><speed>0.000</speed><sat>22</sat></trkpt>
  <trkpt lat="-33.45638000" lon="-70.54804333"><ele>667.500</ele><time>2026-09-13T14:20:27Z</time><speed>0.000</speed><sat>22</sat></trkpt>
  <trkpt lat="-33.45638000" lon="-70.54804333"><ele>667.500</ele><time>2026-09-13T14:20:28Z</time><speed>0.000</speed><sat>21</sat></trkpt>
  <trkpt lat="-33.45638000" lon="-70.54804333"><ele>667.500</ele><time>2026-09-13T14:20:29Z</time><speed>0.000</speed><sat>21</sat></trkpt>
  <trkpt lat="-33.45638000" lon="-70.54804333"><ele>667.500</ele><time>2026-09-13T14:20:30Z</time><speed>0.000</speed><sat>23</sat></trkpt>
  <trkpt lat="-33.45638000" lon="-70.54804333"><ele>667.500</ele><time>2026-09-13T14:20:31Z</time><speed>0.000</speed><sat>24</sat></trkpt>
  <trkpt lat="-33.45638000" lon="-70.54804333"><ele>667.500</ele><time>2026-09-13T14:20:32Z</time><speed>0.000</speed><sat>23</sat></trkpt>
  <trkpt lat="-33.45638000" lon="-70.54804333"><ele>667.500</ele><time>2026-09-13T14:20:33Z</time><speed>0.000</speed><sat>23</sat></trkpt>
  <trkpt lat="-33.45638000" lon="-70.54804333"><ele>667.500</ele><time>2026-09-13T14:20:34Z</time><speed>0.000</speed><sat>23</sat></trkpt>
  <trkpt lat="-33.45638000" lon="-70.54804333"><ele>667.500</ele><time>2026-09-13T14:20:35Z</time><speed>0.000</speed><sat>23</sat></trkpt>
  <trkpt lat="-33.45638000" lon="-70.54804333"><ele>667.500</ele><time>2026-09-13T14:20:36Z</time><speed>0.000</speed><sat>23</sat></trkpt>
  <trkpt lat="-33.45638000" lon="-70.54804333"><ele>667.500</ele><time>2026-09-13T14:20:37Z</time><speed>0.000</speed><sat>23</sat></trkpt>
  <trkpt lat="-33.45638000" lon="-70.54804333"><ele>667.500</ele><time>2026-09-13T14:20:38Z</time><speed>0.000</speed><sat>22</sat></trkpt>
  <trkpt lat="-33.45638000" lon="-70.54804333"><ele>667.500</ele><time>2026-09-13T14:20:39Z</time><speed>0.000</speed><sat>25</sat></trkpt>
  <trkpt lat="-33.45638000" lon="-70.54804333"><ele>667.500</ele><time>2026-09-13T14:20:40Z</time><speed>0.000</speed><sat>25</sat></trkpt>
  <trkpt lat="-33.45638000" lon="-70.54804333"><ele>667.500</ele><time>2026-09-13T14:20:41Z</time><speed>0.000</speed><sat>23</sat></trkpt>
  <trkpt lat="-33.45638000" lon="-70.54804333"><ele>667.500</ele><time>2026-09-13T14:20:42Z</time><speed>0.000</speed><sat>23</sat></trkpt>
  <trkpt lat="-33.45638000" lon="-70.54804333"><ele>667.500</ele><time>2026-09-13T14:20:43Z</time><speed>0.000</speed><sat>23</sat></trkpt>
  <trkpt lat="-33.45638000" lon="-70.54804333"><ele>667.500</ele><time>2026-09-13T14:20:44Z</time><speed>0.000</speed><sat>24</sat></trkpt>
  <trkpt lat="-33.45638000" lon="-70.54804333"><ele>667.500</ele><time>2026-09-13T14:20:45Z</time><speed>0.000</speed><sat>23</sat></trkpt>
  <trkpt lat="-33.45638000" lon="-70.54804333"><ele>667.500</ele><time>2026-09-13T14:20:46Z</time><speed>0.000</speed><sat>23</sat></trkpt>
  <trkpt lat="-33.45638000" lon="-70.54804333"><ele>667.500</ele><time>2026-09-13T14:20:47Z</time><speed>0.000</speed><sat>24</sat></trkpt>
  <trkpt lat="-33.45638000" lon="-70.54804333"><ele>667.500</ele><time>2026-09-13T14:20:48Z</time><speed>0.000</speed><sat>24</sat></trkpt>
  <trkpt lat="-33.45638000" lon="-70.54804333"><ele>667.500</ele><time>2026-09-13T14:20:49Z</time><speed>0.000</speed><sat>23</sat></trkpt>
  <trkpt lat="-33.45638000" lon="-70.54804333"><ele>667.500</ele><time>2026-09-13T14:20:50Z</time><speed>0.000</speed><sat>23</sat></trkpt>
  <trkpt lat="-33.45638000" lon="-70.54804333"><ele>667.500</ele><time>2026-09-13T14:20:51Z</time><speed>0.000</speed><sat>24</sat></trkpt>
  <trkpt lat="-33.45638000" lon="-70.54804333"><ele>667.500</ele><time>2026-09-13T14:20:52Z</time><speed>0.000</speed><sat>22</sat></trkpt>
  <trkpt lat="-33.45638000" lon="-70.54804333"><ele>667.500</ele><time>2026-09-13T14:20:53Z</time><speed>0.000</speed><sat>21</sat></trkpt>
  <trkpt lat="-33.45638000" lon="-70.54804333"><ele>667.500</ele><time>2026-09-13T14:20:54Z</time><speed>0.000</speed><sat>21</sat></trkpt>
  <trkpt lat="-33.45638000" lon="-70.54804333"><ele>667.500</ele><time>2026-09-13T14:20:55Z</time><speed>0.000</speed><sat>21</sat></trkpt>
  <trkpt lat="-33.45638000" lon="-70.54804333"><ele>667.500</ele><time>2026-09-13T14:20:56Z</time><speed>0.000</speed><sat>18</sat></trkpt>
  <trkpt lat="-33.45638000" lon="-70.54804333"><ele>667.500</ele><time>2026-09-13T14:20:57Z</time><speed>0.000</speed><sat>20</sat></trkpt>
  <trkpt lat="-33.45638000" lon="-70.54804333"><ele>667.500</ele><time>2026-09-13T14:20:58Z</time><speed>0.000</speed><sat>20</sat></trkpt>
  <trkpt lat="-33.45638000" lon="-70.54804333"><ele>667.500</ele><time>2026-09-13T14:20:59Z</time><speed>0.000</speed><sat>20</sat></trkpt>
  <trkpt lat="-33.45638000" lon="-70.54804333"><ele>667.500</ele><time>2026-09-13T14:21:00Z</time><speed>0.000</speed><sat>21</sat></trkpt>
  <trkpt lat="-33.45638000" lon="-70.54804333"><ele>667.500</ele><time>2026-09-13T14:21:01Z</time><speed>0.000</speed><sat>21</sat></trkpt>
  <trkpt lat="-33.45638000" lon="-70.54804333"><ele>667.500</ele><time>2026-09-13T14:21:02Z</time><speed>0.000</speed><sat>21</sat></trkpt>
  <trkpt lat="-33.45638000" lon="-70.54804333"><ele>667.500</ele><time>2026-09-13T14:21:03Z</time><speed>0.000</speed><sat>20</sat></trkpt>
  <trkpt lat="-33.45638000" lon="-70.54804333"><ele>667.500</ele><time>2026-09-13T14:21:04Z</time><speed>0.000</speed><sat>19</sat></trkpt>
  <trkpt lat="-33.45638000" lon="-70.54804333"><ele>667.500</ele><time>2026-09-13T14:21:05Z</time><speed>0.000</speed><sat>19</sat></trkpt>
  <trkpt lat="-33.45638000" lon="-70.54804333"><ele>667.500</ele><time>2026-09-13T14:21:06Z</time><speed>0.000</speed><sat>21</sat></trkpt>
  <trkpt lat="-33.45638000" lon="-70.54804333"><ele>667.500</ele><time>2026-09-13T14:21:07Z</time><speed>0.000</speed><sat>21</sat></trkpt>
  <trkpt lat="-33.45638000" lon="-70.54804333"><ele>667.500</ele><time>2026-09-13T14:21:08Z</time><speed>0.000</speed><sat>20</sat></trkpt>
  <trkpt lat="-33.45638000" lon="-70.54804333"><ele>667.500</ele><time>2026-09-13T14:21:09Z</time><speed>0.000</speed><sat>19</sat></trkpt>
  <trkpt lat="-33.45638000" lon="-70.54804333"><ele>667.500</ele><time>2026-09-13T14:21:10Z</time><speed>0.000</speed><sat>19</sat></trkpt>
  <trkpt lat="-33.45638000" lon="-70.54804333"><ele>667.500</ele><time>2026-09-13T14:21:11Z</time><speed>0.000</speed><sat>20</sat></trkpt>
  <trkpt lat="-33.45638000" lon="-70.54804333"><ele>667.500</ele><time>2026-09-13T14:21:12Z</time><speed>0.000</speed><sat>20</sat></trkpt>
  <trkpt lat="-33.45638000" lon="-70.54804333"><ele>667.500</ele><time>2026-09-13T14:21:13Z</time><speed>0.000</speed><sat>19</sat></trkpt>
  <trkpt lat="-33.45638000" lon="-70.54804333"><ele>667.500</ele><time>2026-09-13T14:21:14Z</time><speed>0.000</speed><sat>19</sat></trkpt>
  <trkpt lat="-33.45638000" lon="-70.54804333"><ele>667.500</ele><time>2026-09-13T14:21:15Z</time><speed>0.000</speed><sat>19</sat></trkpt>
  <trkpt lat="-33.45638000" lon="-70.54804333"><ele>667.500</ele><time>2026-09-13T14:21:16Z</time><speed>0.000</speed><sat>18</sat></trkpt>
  <trkpt lat="-33.45638000" lon="-70.54804333"><ele>667.500</ele><time>2026-09-13T14:21:17Z</time><speed>0.000</speed><sat>18</sat></trkpt>
  <trkpt lat="-33.45638000" lon="-70.54804333"><ele>667.500</ele><time>2026-09-13T14:21:18Z</time><speed>0.000</speed><sat>18</sat></trkpt>
  <trkpt lat="-33.45638000" lon="-70.54804333"><ele>667.500</ele><time>2026-09-13T14:21:19Z</time><speed>0.000</speed><sat>18</sat></trkpt>
  <trkpt lat="-33.45638000" lon="-70.54804333"><ele>667.500</ele><time>2026-09-13T14:21:20Z</time><speed>0.000</speed><sat>20</sat></trkpt>
  <trkpt lat="-33.45638000" lon="-70.54804333"><ele>667.500</ele><time>2026-09-13T14:21:21Z</time><speed>0.000</speed><sat>20</sat></trkpt>
  <trkpt lat="-33.45638000" lon="-70.54804333"><ele>667.500</ele><time>2026-09-13T14:21:22Z</time><speed>0.000</speed><sat>20</sat></trkpt>
  <trkpt lat="-33.45638000" lon="-70.54804333"><ele>667.500</ele><time>2026-09-13T14:21:23Z</time><speed>0.000</speed><sat>20</sat></trkpt>
  <trkpt lat="-33.45638000" lon="-70.54804333"><ele>667.500</ele><time>2026-09-13T14:21:24Z</time><speed>0.000</speed><sat>20</sat></trkpt>
  <trkpt lat="-33.45638000" lon="-70.54804333"><ele>667.500</ele><time>2026-09-13T14:21:25Z</time><speed>0.000</speed><sat>20</sat></trkpt>
  <trkpt lat="-33.45638000" lon="-70.54804333"><ele>667.500</ele><time>2026-09-13T14:21:26Z</time><speed>0.000</speed><sat>21</sat></trkpt>
  <trkpt lat="-33.45638000" lon="-70.54804333"><ele>667.500</ele><time>2026-09-13T14:21:27Z</time><speed>0.000</speed><sat>20</sat></trkpt>
  <trkpt lat="-33.45638000" lon="-70.54804333"><ele>667.500</ele><time>2026-09-13T14:21:28Z</time><speed>0.000</speed><sat>21</sat></trkpt>
  <trkpt lat="-33.45638000" lon="-70.54804333"><ele>667.500</ele><time>2026-09-13T14:21:29Z</time><speed>0.000</speed><sat>22</sat></trkpt>
  <trkpt lat="-33.45638000" lon="-70.54804333"><ele>667.500</ele><time>2026-09-13T14:21:30Z</time><speed>0.000</speed><sat>22</sat></trkpt>
  <trkpt lat="-33.45638000" lon="-70.54804333"><ele>667.500</ele><time>2026-09-13T14:21:31Z</time><speed>0.000</speed><sat>22</sat></trkpt>
  <trkpt lat="-33.45638000" lon="-70.54804333"><ele>667.500</ele><time>2026-09-13T14:21:32Z</time><speed>0.000</speed><sat>22</sat></trkpt>
  <trkpt lat="-33.45638000" lon="-70.54804333"><ele>667.500</ele><time>2026-09-13T14:21:33Z</time><speed>0.000</speed><sat>21</sat></trkpt>
  <trkpt lat="-33.45638000" lon="-70.54804333"><ele>667.500</ele><time>2026-09-13T14:21:34Z</time><speed>0.000</speed><sat>21</sat></trkpt>
  <trkpt lat="-33.45638000" lon="-70.54804333"><ele>667.500</ele><time>2026-09-13T14:21:35Z</time><speed>0.000</speed><sat>21</sat></trkpt>
  <trkpt lat="-33.45638000" lon="-70.54804333"><ele>667.500</ele><time>2026-09-13T14:21:36Z</time><speed>0.000</speed><sat>21</sat></trkpt>
  <trkpt lat="-33.45638000" lon="-70.54804333"><ele>667.500</ele><time>2026-09-13T14:21:37Z</time><speed>0.000</speed><sat>21</sat></trkpt>
  <trkpt lat="-33.45638000" lon="-70.54804333"><ele>667.500</ele><time>2026-09-13T14:21:38Z</time><speed>0.000</speed><sat>21</sat></trkpt>
  <trkpt lat="-33.45638000" lon="-70.54804333"><ele>667.500</ele><time>2026-09-13T14:21:39Z</time><speed>0.000</speed><sat>21</sat></trkpt>
  <trkpt lat="-33.45638000" lon="-70.54804333"><ele>667.500</ele><time>2026-09-13T14:21:40Z</time><speed>0.000</speed><sat>21</sat></trkpt>
  <trkpt lat="-33.45638000" lon="-70.54804333"><ele>667.500</ele><time>2026-09-13T14:21:41Z</time><speed>0.000</speed><sat>21</sat></trkpt>
  <trkpt lat="-33.45638000" lon="-70.54804333"><ele>667.500</ele><time>2026-09-13T14:21:42Z</time><speed>0.000</speed><sat>21</sat></trkpt>
  <trkpt lat="-33.45638000" lon="-70.54804333"><ele>667.500</ele><time>2026-09-13T14:21:43Z</time><speed>0.000</speed><sat>20</sat></trkpt>
  <trkpt lat="-33.45638000" lon="-70.54804333"><ele>667.500</ele><time>2026-09-13T14:21:44Z</time><speed>0.000</speed><sat>20</sat></trkpt>
  <trkpt lat="-33.45638000" lon="-70.54804333"><ele>667.500</ele><time>2026-09-13T14:21:45Z</time><speed>0.000</speed><sat>19</sat></trkpt>
  <trkpt lat="-33.45638000" lon="-70.54804333"><ele>667.500</ele><time>2026-09-13T14:21:46Z</time><speed>0.000</speed><sat>19</sat></trkpt>
  <trkpt lat="-33.45638000" lon="-70.54804333"><ele>667.500</ele><time>2026-09-13T14:21:47Z</time><speed>0.000</speed><sat>17</sat></trkpt>
  <trkpt lat="-33.45638000" lon="-70.54804333"><ele>667.500</ele><time>2026-09-13T14:21:48Z</time><speed>0.000</speed><sat>17</sat></trkpt>
  <trkpt lat="-33.45638000" lon="-70.54804333"><ele>667.500</ele><time>2026-09-13T14:21:49Z</time><speed>0.000</speed><sat>19</sat></trkpt>
  <trkpt lat="-33.45638000" lon="-70.54804333"><ele>667.500</ele><time>2026-09-13T14:21:50Z</time><speed>0.000</speed><sat>19</sat></trkpt>
  <trkpt lat="-33.45638000" lon="-70.54804333"><ele>667.500</ele><time>2026-09-13T14:21:51Z</time><speed>0.000</speed><sat>19</sat></trkpt>
  <trkpt lat="-33.45638000" lon="-70.54804333"><ele>667.500</ele><time>2026-09-13T14:21:52Z</time><speed>0.000</speed><sat>16</sat></trkpt>
  <trkpt lat="-33.45638000" lon="-70.54804333"><ele>667.500</ele><time>2026-09-13T14:21:53Z</time><speed>0.000</speed><sat>16</sat></trkpt>
  <trkpt lat="-33.45638000" lon="-70.54804333"><ele>667.500</ele><time>2026-09-13T14:21:54Z</time><speed>0.000</speed><sat>16</sat></trkpt>
  <trkpt lat="-33.45638000" lon="-70.54804333"><ele>667.500</ele><time>2026-09-13T14:21:55Z</time><speed>0.000</speed><sat>17</sat></trkpt>
  <trkpt lat="-33.45638000" lon="-70.54804333"><ele>667.500</ele><time>2026-09-13T14:21:56Z</time><speed>0.000</speed><sat>18</sat></trkpt>
  <trkpt lat="-33.45638000" lon="-70.54804333"><ele>667.500</ele><time>2026-09-13T14:21:57Z</time><speed>0.000</speed><sat>18</sat></trkpt>
  <trkpt lat="-33.45638000" lon="-70.54804333"><ele>667.500</ele><time>2026-09-13T14:21:58Z</time><speed>0.000</speed><sat>18</sat></trkpt>
  <trkpt lat="-33.45638000" lon="-70.54804333"><ele>667.500</ele><time>2026-09-13T14:21:59Z</time><speed>0.000</speed><sat>19</sat></trkpt>
  <trkpt lat="-33.45638000" lon="-70.54804333"><ele>667.500</ele><time>2026-09-13T14:22:00Z</time><speed>0.000</speed><sat>19</sat></trkpt>
  <trkpt lat="-33.45638000" lon="-70.54804333"><ele>667.500</ele><time>2026-09-13T14:22:01Z</time><speed>0.000</speed><sat>19</sat></trkpt>
  <trkpt lat="-33.45638000" lon="-70.54804333"><ele>667.500</ele><time>2026-09-13T14:22:02Z</time><speed>0.000</speed><sat>19</sat></trkpt>
  <trkpt lat="-33.45638000" lon="-70.54804333"><ele>667.500</ele><time>2026-09-13T14:22:03Z</time><speed>0.000</speed><sat>20</sat></trkpt>
  <trkpt lat="-33.45638000" lon="-70.54804333"><ele>667.500</ele><time>2026-09-13T14:22:04Z</time><speed>0.000</speed><sat>21</sat></trkpt>
  <trkpt lat="-33.45638000" lon="-70.54804333"><ele>667.500</ele><time>2026-09-13T14:22:05Z</time><speed>0.000</speed><sat>21</sat></trkpt>
  <trkpt lat="-33.45638000" lon="-70.54804333"><ele>667.500</ele><time>2026-09-13T14:22:06Z</time><speed>0.000</speed><sat>21</sat></trkpt>
  <trkpt lat="-33.45638000" lon="-70.54804333"><ele>667.500</ele><time>2026-09-13T14:22:07Z</time><speed>0.000</speed><sat>20</sat></trkpt>
  <trkpt lat="-33.45638000" lon="-70.54804333"><ele>667.500</ele><time>2026-09-13T14:22:08Z</time><speed>0.000</speed><sat>20</sat></trkpt>
  <trkpt lat="-33.45638000" lon="-70.54804333"><ele>667.500</ele><time>2026-09-13T14:22:09Z</time><speed>0.000</speed><sat>21</sat></trkpt>
  <trkpt lat="-33.45638000" lon="-70.54804333"><ele>667.500</ele><time>2026-09-13T14:22:10Z</time><speed>0.000</speed><sat>21</sat></trkpt>
  <trkpt lat="-33.45638000" lon="-70.54804333"><ele>667.500</ele><time>2026-09-13T14:22:11Z</time><speed>0.000</speed><sat>22</sat></trkpt>
  <trkpt lat="-33.45638000" lon="-70.54804333"><ele>667.500</ele><time>2026-09-13T14:22:12Z</time><speed>0.000</speed><sat>23</sat></trkpt>
  <trkpt lat="-33.45638000" lon="-70.54804333"><ele>667.500</ele><time>2026-09-13T14:22:13Z</time><speed>0.000</speed><sat>22</sat></trkpt>
  <trkpt lat="-33.45638000" lon="-70.54804333"><ele>667.500</ele><time>2026-09-13T14:22:14Z</time><speed>0.000</speed><sat>23</sat></trkpt>
  <trkpt lat="-33.45638000" lon="-70.54804333"><ele>667.500</ele><time>2026-09-13T14:22:15Z</time><speed>0.000</speed><sat>22</sat></trkpt>
  <trkpt lat="-33.45638000" lon="-70.54804333"><ele>667.500</ele><time>2026-09-13T14:22:16Z</time><speed>0.000</speed><sat>23</sat></trkpt>
  <trkpt lat="-33.45638000" lon="-70.54804333"><ele>667.500</ele><time>2026-09-13T14:22:17Z</time><speed>0.000</speed><sat>23</sat></trkpt>
  <trkpt lat="-33.45638000" lon="-70.54804333"><ele>667.500</ele><time>2026-09-13T14:22:18Z</time><speed>0.000</speed><sat>23</sat></trkpt>
  <trkpt lat="-33.45638000" lon="-70.54804333"><ele>667.500</ele><time>2026-09-13T14:22:19Z</time><speed>0.000</speed><sat>23</sat></trkpt>
  <trkpt lat="-33.45638000" lon="-70.54804333"><ele>667.500</ele><time>2026-09-13T14:22:20Z</time><speed>0.000</speed><sat>21</sat></trkpt>
  <trkpt lat="-33.45638000" lon="-70.54804333"><ele>667.500</ele><time>2026-09-13T14:22:21Z</time><speed>0.000</speed><sat>23</sat></trkpt>
  <trkpt lat="-33.45638000" lon="-70.54804333"><ele>667.500</ele><time>2026-09-13T14:22:22Z</time><speed>0.000</speed><sat>24</sat></trkpt>
  <trkpt lat="-33.45638000" lon="-70.54804333"><ele>667.500</ele><time>2026-09-13T14:22:23Z</time><speed>0.000</speed><sat>25</sat></trkpt>
  <trkpt lat="-33.45638000" lon="-70.54804333"><ele>667.500</ele><time>2026-09-13T14:22:24Z</time><speed>0.000</speed><sat>23</sat></trkpt>
  <trkpt lat="-33.45638000" lon="-70.54804333"><ele>667.500</ele><time>2026-09-13T14:22:25Z</time><speed>0.000</speed><sat>19</sat></trkpt>
  <trkpt lat="-33.45638000" lon="-70.54804333"><ele>667.500</ele><time>2026-09-13T14:22:26Z</time><speed>0.000</speed><sat>19</sat></trkpt>
  <trkpt lat="-33.45638000" lon="-70.54804333"><ele>667.500</ele><time>2026-09-13T14:22:27Z</time><speed>0.000</speed><sat>20</sat></trkpt>
  <trkpt lat="-33.45638000" lon="-70.54804333"><ele>667.500</ele><time>2026-09-13T14:22:28Z</time><speed>0.000</speed><sat>19</sat></trkpt>
  <trkpt lat="-33.45638000" lon="-70.54804333"><ele>667.500</ele><time>2026-09-13T14:22:29Z</time><speed>0.000</speed><sat>18</sat></trkpt>
  <trkpt lat="-33.45638000" lon="-70.54804333"><ele>667.500</ele><time>2026-09-13T14:22:30Z</time><speed>0.000</speed><sat>18</sat></trkpt>
  <trkpt lat="-33.45638000" lon="-70.54804333"><ele>667.500</ele><time>2026-09-13T14:22:31Z</time><speed>0.000</speed><sat>18</sat></trkpt>
  <trkpt lat="-33.45638000" lon="-70.54804333"><ele>667.500</ele><time>2026-09-13T14:22:32Z</time><speed>0.000</speed><sat>19</sat></trkpt>
  <trkpt lat="-33.45638000" lon="-70.54804333"><ele>667.500</ele><time>2026-09-13T14:22:33Z</time><speed>0.000</speed><sat>19</sat></trkpt>
  <trkpt lat="-33.45638000" lon="-70.54804333"><ele>667.500</ele><time>2026-09-13T14:22:34Z</time><speed>0.000</speed><sat>19</sat></trkpt>
  <trkpt lat="-33.45638000" lon="-70.54804333"><ele>667.500</ele><time>2026-09-13T14:22:35Z</time><speed>0.000</speed><sat>19</sat></trkpt>
  <trkpt lat="-33.45638000" lon="-70.54804333"><ele>667.500</ele><time>2026-09-13T14:22:36Z</time><speed>0.000</speed><sat>19</sat></trkpt>
  <trkpt lat="-33.45638000" lon="-70.54804333"><ele>667.500</ele><time>2026-09-13T14:22:37Z</time><speed>0.000</speed><sat>19</sat></trkpt>
  <trkpt lat="-33.45638000" lon="-70.54804333"><ele>667.500</ele><time>2026-09-13T14:22:38Z</time><speed>0.000</speed><sat>19</sat></trkpt>
  <trkpt lat="-33.45638000" lon="-70.54804333"><ele>667.500</ele><time>2026-09-13T14:22:39Z</time><speed>0.000</speed><sat>19</sat></trkpt>
  <trkpt lat="-33.45638000" lon="-70.54804333"><ele>667.500</ele><time>2026-09-13T14:22:40Z</time><speed>0.000</speed><sat>19</sat></trkpt>
  <trkpt lat="-33.45638000" lon="-70.54804333"><ele>667.500</ele><time>2026-09-13T14:22:41Z</time><speed>0.000</speed><sat>19</sat></trkpt>
  <trkpt lat="-33.45638000" lon="-70.54804333"><ele>667.500</ele><time>2026-09-13T14:22:42Z</time><speed>0.000</speed><sat>19</sat></trkpt>
  <trkpt lat="-33.45638000" lon="-70.54804333"><ele>667.500</ele><time>2026-09-13T14:22:43Z</time><speed>0.000</speed><sat>19</sat></trkpt>
  <trkpt lat="-33.45638000" lon="-70.54804333"><ele>667.500</ele><time>2026-09-13T14:22:44Z</time><speed>0.000</speed><sat>19</sat></trkpt>
  <trkpt lat="-33.45638000" lon="-70.54804333"><ele>667.500</ele><time>2026-09-13T14:22:45Z</time><speed>0.000</speed><sat>19</sat></trkpt>
  <trkpt lat="-33.45638000" lon="-70.54804333"><ele>667.500</ele><time>2026-09-13T14:22:46Z</time><speed>0.000</speed><sat>19</sat></trkpt>
  <trkpt lat="-33.45638000" lon="-70.54804333"><ele>667.500</ele><time>2026-09-13T14:22:47Z</time><speed>0.000</speed><sat>18</sat></trkpt>
  <trkpt lat="-33.45638000" lon="-70.54804333"><ele>667.500</ele><time>2026-09-13T14:22:48Z</time><speed>0.000</speed><sat>18</sat></trkpt>
  <trkpt lat="-33.45638000" lon="-70.54804333"><ele>667.500</ele><time>2026-09-13T14:22:49Z</time><speed>0.000</speed><sat>18</sat></trkpt>
  <trkpt lat="-33.45638000" lon="-70.54804333"><ele>667.500</ele><time>2026-09-13T14:22:50Z</time><speed>0.000</speed><sat>18</sat></trkpt>
  <trkpt lat="-33.45638000" lon="-70.54804333"><ele>667.500</ele><time>2026-09-13T14:22:51Z</time><speed>0.000</speed><sat>18</sat></trkpt>
  <trkpt lat="-33.45638000" lon="-70.54804333"><ele>667.500</ele><time>2026-09-13T14:22:52Z</time><speed>0.000</speed><sat>18</sat></trkpt>
  <trkpt lat="-33.45638000" lon="-70.54804333"><ele>667.500</ele><time>2026-09-13T14:22:53Z</time><speed>0.000</speed><sat>18</sat></trkpt>
  <trkpt lat="-33.45638000" lon="-70.54804333"><ele>667.500</ele><time>2026-09-13T14:22:54Z</time><speed>0.000</speed><sat>18</sat></trkpt>
  <trkpt lat="-33.45638000" lon="-70.54804333"><ele>667.500</ele><time>2026-09-13T14:22:55Z</time><speed>0.000</speed><sat>18</sat></trkpt>
  <trkpt lat="-33.45638000" lon="-70.54804333"><ele>667.500</ele><time>2026-09-13T14:22:56Z</time><speed>0.000</speed><sat>17</sat></trkpt>
  <trkpt lat="-33.45638000" lon="-70.54804333"><ele>667.500</ele><time>2026-09-13T14:22:57Z</time><speed>0.000</speed><sat>18</sat></trkpt>
  <trkpt lat="-33.45638000" lon="-70.54804333"><ele>667.500</ele><time>2026-09-13T14:22:58Z</time><speed>0.000</speed><sat>16</sat></trkpt>
  <trkpt lat="-33.45638000" lon="-70.54804333"><ele>667.500</ele><time>2026-09-13T14:22:59Z</time><speed>0.000</speed><sat>17</sat></trkpt>
  <trkpt lat="-33.45638000" lon="-70.54804333"><ele>667.500</ele><time>2026-09-13T14:23:00Z</time><speed>0.000</speed><sat>18</sat></trkpt>
  <trkpt lat="-33.45638000" lon="-70.54804333"><ele>667.500</ele><time>2026-09-13T14:23:01Z</time><speed>0.000</speed><sat>18</sat></trkpt>
  <trkpt lat="-33.45638000" lon="-70.54804333"><ele>667.500</ele><time>2026-09-13T14:23:02Z</time><speed>0.000</speed><sat>17</sat></trkpt>
  <trkpt lat="-33.45638000" lon="-70.54804333"><ele>667.500</ele><time>2026-09-13T14:23:03Z</time><speed>0.000</speed><sat>15</sat></trkpt>
  <trkpt lat="-33.45638000" lon="-70.54804333"><ele>667.500</ele><time>2026-09-13T14:23:04Z</time><speed>0.000</speed><sat>14</sat></trkpt>
  <trkpt lat="-33.45638000" lon="-70.54804333"><ele>667.500</ele><time>2026-09-13T14:23:05Z</time><speed>0.000</speed><sat>14</sat></trkpt>
  <trkpt lat="-33.45638000" lon="-70.54804333"><ele>667.500</ele><time>2026-09-13T14:23:06Z</time><speed>0.000</speed><sat>14</sat></trkpt>
  <trkpt lat="-33.45638000" lon="-70.54804333"><ele>667.500</ele><time>2026-09-13T14:23:07Z</time><speed>0.000</speed><sat>14</sat></trkpt>
  <trkpt lat="-33.45638000" lon="-70.54804333"><ele>667.500</ele><time>2026-09-13T14:23:08Z</time><speed>0.000</speed><sat>14</sat></trkpt>
  <trkpt lat="-33.45638000" lon="-70.54804333"><ele>667.500</ele><time>2026-09-13T14:23:09Z</time><speed>0.000</speed><sat>14</sat></trkpt>
  <trkpt lat="-33.45638000" lon="-70.54804333"><ele>667.500</ele><time>2026-09-13T14:23:10Z</time><speed>0.000</speed><sat>14</sat></trkpt>
  <trkpt lat="-33.45638000" lon="-70.54804333"><ele>667.500</ele><time>2026-09-13T14:23:11Z</time><speed>0.000</speed><sat>14</sat></trkpt>
  <trkpt lat="-33.45638000" lon="-70.54804333"><ele>667.500</ele><time>2026-09-13T14:23:12Z</time><speed>0.000</speed><sat>14</sat></trkpt>
  <trkpt lat="-33.45638000" lon="-70.54804333"><ele>667.500</ele><time>2026-09-13T14:23:13Z</time><speed>0.000</speed><sat>14</sat></trkpt>
  <trkpt lat="-33.45638000" lon="-70.54804333"><ele>667.500</ele><time>2026-09-13T14:23:14Z</time><speed>0.000</speed><sat>14</sat></trkpt>
  <trkpt lat="-33.45638000" lon="-70.54804333"><ele>667.500</ele><time>2026-09-13T14:23:15Z</time><speed>0.000</speed><sat>14</sat></trkpt>
  <trkpt lat="-33.45638000" lon="-70.54804333"><ele>667.500</ele><time>2026-09-13T14:23:16Z</time><speed>0.000</speed><sat>14</sat></trkpt>
  <trkpt lat="-33.45638000" lon="-70.54804333"><ele>667.500</ele><time>2026-09-13T14:23:17Z</time><speed>0.000</speed><sat>14</sat></trkpt>
  <trkpt lat="-33.45638000" lon="-70.54804333"><ele>667.500</ele><time>2026-09-13T14:23:18Z</time><speed>0.000</speed><sat>14</sat></trkpt>
  <trkpt lat="-33.45638000" lon="-70.54804333"><ele>667.500</ele><time>2026-09-13T14:23:19Z</time><speed>0.000</speed><sat>14</sat></trkpt>
  <trkpt lat="-33.45638000" lon="-70.54804333"><ele>667.500</ele><time>2026-09-13T14:23:20Z</time><speed>0.000</speed><sat>15</sat></trkpt>
  <trkpt lat="-33.45638000" lon="-70.54804333"><ele>667.500</ele><time>2026-09-13T14:23:21Z</time><speed>0.000</speed><sat>16</sat></trkpt>
  <trkpt lat="-33.45638000" lon="-70.54804333"><ele>667.500</ele><time>2026-09-13T14:23:22Z</time><speed>0.000</speed><sat>16</sat></trkpt>
  <trkpt lat="-33.45638000" lon="-70.54804333"><ele>667.500</ele><time>2026-09-13T14:23:23Z</time><speed>0.000</speed><sat>15</sat></trkpt>
  <trkpt lat="-33.45638000" lon="-70.54804333"><ele>667.500</ele><time>2026-09-13T14:23:24Z</time><speed>0.000</speed><sat>15</sat></trkpt>
  <trkpt lat="-33.45638000" lon="-70.54804333"><ele>667.500</ele><time>2026-09-13T14:23:25Z</time><speed>0.000</speed><sat>15</sat></trkpt>
  <trkpt lat="-33.45638000" lon="-70.54804333"><ele>667.500</ele><time>2026-09-13T14:23:26Z</time><speed>0.000</speed><sat>15</sat></trkpt>
  <trkpt lat="-33.45638000" lon="-70.54804333"><ele>667.500</ele><time>2026-09-13T14:23:27Z</time><speed>0.000</speed><sat>16</sat></trkpt>
  <trkpt lat="-33.45638000" lon="-70.54804333"><ele>667.500</ele><time>2026-09-13T14:23:28Z</time><speed>0.000</speed><sat>16</sat></trkpt>
  <trkpt lat="-33.45638000" lon="-70.54804333"><ele>667.500</ele><time>2026-09-13T14:23:29Z</time><speed>0.000</speed><sat>16</sat></trkpt>
  <trkpt lat="-33.45638000" lon="-70.54804333"><ele>667.500</ele><time>2026-09-13T14:23:30Z</time><speed>0.000</speed><sat>17</sat></trkpt>
  <trkpt lat="-33.45638000" lon="-70.54804333"><ele>667.500</ele><time>2026-09-13T14:23:31Z</time><speed>0.000</speed><sat>16</sat></trkpt>
  <trkpt lat="-33.45638000" lon="-70.54804333"><ele>667.500</ele><time>2026-09-13T14:23:32Z</time><speed>0.000</speed><sat>16</sat></trkpt>
  <trkpt lat="-33.45638000" lon="-70.54804333"><ele>667.500</ele><time>2026-09-13T14:23:33Z</time><speed>0.000</speed><sat>16</sat></trkpt>
  <trkpt lat="-33.45638000" lon="-70.54804333"><ele>667.500</ele><time>2026-09-13T14:23:34Z</time><speed>0.000</speed><sat>15</sat></trkpt>
  <trkpt lat="-33.45638000" lon="-70.54804333"><ele>667.500</ele><time>2026-09-13T14:23:35Z</time><speed>0.000</speed><sat>17</sat></trkpt>
  <trkpt lat="-33.45638000" lon="-70.54804333"><ele>667.500</ele><time>2026-09-13T14:23:36Z</time><speed>0.000</speed><sat>17</sat></trkpt>
  <trkpt lat="-33.45638000" lon="-70.54804333"><ele>667.500</ele><time>2026-09-13T14:23:37Z</time><speed>0.000</speed><sat>19</sat></trkpt>
  <trkpt lat="-33.45638000" lon="-70.54804333"><ele>667.500</ele><time>2026-09-13T14:23:38Z</time><speed>0.000</speed><sat>18</sat></trkpt>
  <trkpt lat="-33.45638000" lon="-70.54804333"><ele>667.500</ele><time>2026-09-13T14:23:39Z</time><speed>0.000</speed><sat>18</sat></trkpt>
  <trkpt lat="-33.45638000" lon="-70.54804333"><ele>667.500</ele><time>2026-09-13T14:23:40Z</time><speed>0.000</speed><sat>18</sat></trkpt>
  <trkpt lat="-33.45638000" lon="-70.54804333"><ele>667.500</ele><time>2026-09-13T14:23:41Z</time><speed>0.000</speed><sat>18</sat></trkpt>
  <trkpt lat="-33.45638000" lon="-70.54804333"><ele>667.500</ele><time>2026-09-13T14:23:42Z</time><speed>0.000</speed><sat>19</sat></trkpt>
  <trkpt lat="-33.45638000" lon="-70.54804333"><ele>667.500</ele><time>2026-09-13T14:23:43Z</time><speed>0.000</speed><sat>20</sat></trkpt>
  <trkpt lat="-33.45638000" lon="-70.54804333"><ele>667.500</ele><time>2026-09-13T14:23:44Z</time><speed>0.000</speed><sat>20</sat></trkpt>
  <trkpt lat="-33.45638000" lon="-70.54804333"><ele>667.500</ele><time>2026-09-13T14:23:45Z</time><speed>0.000</speed><sat>20</sat></trkpt>
  <trkpt lat="-33.45638000" lon="-70.54804333"><ele>667.500</ele><time>2026-09-13T14:23:46Z</time><speed>0.000</speed><sat>20</sat></trkpt>
  <trkpt lat="-33.45638000" lon="-70.54804333"><ele>667.500</ele><time>2026-09-13T14:23:47Z</time><speed>0.000</speed><sat>21</sat></trkpt>
  <trkpt lat="-33.45638000" lon="-70.54804333"><ele>667.500</ele><time>2026-09-13T14:23:48Z</time><speed>0.000</speed><sat>21</sat></trkpt>
  <trkpt lat="-33.45638000" lon="-70.54804333"><ele>667.500</ele><time>2026-09-13T14:23:49Z</time><speed>0.000</speed><sat>21</sat></trkpt>
  <trkpt lat="-33.45638000" lon="-70.54804333"><ele>667.500</ele><time>2026-09-13T14:23:50Z</time><speed>0.000</speed><sat>21</sat></trkpt>
  <trkpt lat="-33.45638000" lon="-70.54804333"><ele>667.500</ele><time>2026-09-13T14:23:51Z</time><speed>0.000</speed><sat>21</sat></trkpt>
  <trkpt lat="-33.45638000" lon="-70.54804333"><ele>667.500</ele><time>2026-09-13T14:23:52Z</time><speed>0.000</speed><sat>21</sat></trkpt>
  <trkpt lat="-33.45638000" lon="-70.54804333"><ele>667.500</ele><time>2026-09-13T14:23:53Z</time><speed>0.000</speed><sat>21</sat></trkpt>
  <trkpt lat="-33.45638000" lon="-70.54804333"><ele>667.500</ele><time>2026-09-13T14:23:54Z</time><speed>0.000</speed><sat>19</sat></trkpt>
  <trkpt lat="-33.45638000" lon="-70.54804333"><ele>667.500</ele><time>2026-09-13T14:23:55Z</time><speed>0.000</speed><sat>19</sat></trkpt>
  <trkpt lat="-33.45638000" lon="-70.54804333"><ele>667.500</ele><time>2026-09-13T14:23:56Z</time><speed>0.000</speed><sat>21</sat></trkpt>
  <trkpt lat="-33.45638000" lon="-70.54804333"><ele>667.500</ele><time>2026-09-13T14:23:57Z</time><speed>0.000</speed><sat>21</sat></trkpt>
  <trkpt lat="-33.45638000" lon="-70.54804333"><ele>667.500</ele><time>2026-09-13T14:23:58Z</time><speed>0.000</speed><sat>21</sat></trkpt>
  <trkpt lat="-33.45638000" lon="-70.54804333"><ele>667.500</ele><time>2026-09-13T14:23:59Z</time><speed>0.000</speed><sat>21</sat></trkpt>
  <trkpt lat="-33.45638000" lon="-70.54804333"><ele>667.500</ele><time>2026-09-13T14:24:00Z</time><speed>0.000</speed><sat>21</sat></trkpt>
  <trkpt lat="-33.45638000" lon="-70.54804333"><ele>667.500</ele><time>2026-09-13T14:24:01Z</time><speed>0.000</speed><sat>20</sat></trkpt>
  <trkpt lat="-33.45638000" lon="-70.54804333"><ele>667.500</ele><time>2026-09-13T14:24:02Z</time><speed>0.000</speed><sat>20</sat></trkpt>
  <trkpt lat="-33.45638000" lon="-70.54804333"><ele>667.500</ele><time>2026-09-13T14:24:03Z</time><speed>0.000</speed><sat>19</sat></trkpt>
  <trkpt lat="-33.45638000" lon="-70.54804333"><ele>667.500</ele><time>2026-09-13T14:24:04Z</time><speed>0.000</speed><sat>19</sat></trkpt>
  <trkpt lat="-33.45638000" lon="-70.54804333"><ele>667.500</ele><time>2026-09-13T14:24:05Z</time><speed>0.000</speed><sat>20</sat></trkpt>
  <trkpt lat="-33.45638000" lon="-70.54804333"><ele>667.500</ele><time>2026-09-13T14:24:06Z</time><speed>0.000</speed><sat>20</sat></trkpt>
  <trkpt lat="-33.45638000" lon="-70.54804333"><ele>667.500</ele><time>2026-09-13T14:24:07Z</time><speed>0.000</speed><sat>20</sat></trkpt>
  <trkpt lat="-33.45638000" lon="-70.54804333"><ele>667.500</ele><time>2026-09-13T14:24:08Z</time><speed>0.000</speed><sat>20</sat></trkpt>
  <trkpt lat="-33.45638000" lon="-70.54804333"><ele>667.500</ele><time>2026-09-13T14:24:09Z</time><speed>0.000</speed><sat>20</sat></trkpt>
  <trkpt lat="-33.45638000" lon="-70.54804333"><ele>667.500</ele><time>2026-09-13T14:24:10Z</time><speed>0.000</speed><sat>20</sat></trkpt>
  <trkpt lat="-33.45638000" lon="-70.54804333"><ele>667.500</ele><time>2026-09-13T14:24:11Z</time><speed>0.000</speed><sat>21</sat></trkpt>
  <trkpt lat="-33.45638000" lon="-70.54804333"><ele>667.500</ele><time>2026-09-13T14:24:12Z</time><speed>0.000</speed><sat>21</sat></trkpt>
  <trkpt lat="-33.45638000" lon="-70.54804333"><ele>667.500</ele><time>2026-09-13T14:24:13Z</time><speed>0.000</speed><sat>21</sat></trkpt>
  <trkpt lat="-33.45638000" lon="-70.54804333"><ele>667.500</ele><time>2026-09-13T14:24:14Z</time><speed>0.000</speed><sat>19</sat></trkpt>
  <trkpt lat="-33.45638000" lon="-70.54804333"><ele>667.500</ele><time>2026-09-13T14:24:15Z</time><speed>0.000</speed><sat>20</sat></trkpt>
  <trkpt lat="-33.45638000" lon="-70.54804333"><ele>667.500</ele><time>2026-09-13T14:24:16Z</time><speed>0.000</speed><sat>20</sat></trkpt>
  <trkpt lat="-33.45638000" lon="-70.54804333"><ele>667.500</ele><time>2026-09-13T14:24:17Z</time><speed>0.000</speed><sat>21</sat></trkpt>
  <trkpt lat="-33.45638000" lon="-70.54804333"><ele>667.500</ele><time>2026-09-13T14:24:18Z</time><speed>0.000</speed><sat>20</sat></trkpt>
  <trkpt lat="-33.45638000" lon="-70.54804333"><ele>667.500</ele><time>2026-09-13T14:24:19Z</time><speed>0.000</speed><sat>20</sat></trkpt>
  <trkpt lat="-33.45638000" lon="-70.54804333"><ele>667.500</ele><time>2026-09-13T14:24:20Z</time><speed>0.000</speed><sat>20</sat></trkpt>
  <trkpt lat="-33.45638000" lon="-70.54804333"><ele>667.500</ele><time>2026-09-13T14:24:21Z</time><speed>0.000</speed><sat>19</sat></trkpt>
  <trkpt lat="-33.45638000" lon="-70.54804333"><ele>667.500</ele><time>2026-09-13T14:24:22Z</time><speed>0.000</speed><sat>20</sat></trkpt>
  <trkpt lat="-33.45638000" lon="-70.54804333"><ele>667.500</ele><time>2026-09-13T14:24:23Z</time><speed>0.000</speed><sat>21</sat></trkpt>
  <trkpt lat="-33.45638000" lon="-70.54804333"><ele>667.500</ele><time>2026-09-13T14:24:24Z</time><speed>0.000</speed><sat>21</sat></trkpt>
  <trkpt lat="-33.45638000" lon="-70.54804333"><ele>667.500</ele><time>2026-09-13T14:24:25Z</time><speed>0.000</speed><sat>20</sat></trkpt>
  <trkpt lat="-33.45638000" lon="-70.54804333"><ele>667.500</ele><time>2026-09-13T14:24:26Z</time><speed>0.000</speed><sat>20</sat></trkpt>
  <trkpt lat="-33.45638000" lon="-70.54804333"><ele>667.500</ele><time>2026-09-13T14:24:27Z</time><speed>0.000</speed><sat>21</sat></trkpt>
  <trkpt lat="-33.45638000" lon="-70.54804333"><ele>667.500</ele><time>2026-09-13T14:24:28Z</time><speed>0.000</speed><sat>19</sat></trkpt>
  <trkpt lat="-33.45638000" lon="-70.54804333"><ele>667.500</ele><time>2026-09-13T14:24:29Z</time><speed>0.000</speed><sat>19</sat></trkpt>
  <trkpt lat="-33.45638000" lon="-70.54804333"><ele>667.500</ele><time>2026-09-13T14:24:30Z</time><speed>0.000</speed><sat>19</sat></trkpt>
  <trkpt lat="-33.45638000" lon="-70.54804333"><ele>667.500</ele><time>2026-09-13T14:24:31Z</time><speed>0.000</speed><sat>19</sat></trkpt>
  <trkpt lat="-33.45638000" lon="-70.54804333"><ele>667.500</ele><time>2026-09-13T14:24:32Z</time><speed>0.000</speed><sat>20</sat></trkpt>
  <trkpt lat="-33.45638000" lon="-70.54804333"><ele>667.500</ele><time>2026-09-13T14:24:33Z</time><speed>0.000</speed><sat>20</sat></trkpt>
  <trkpt lat="-33.45638000" lon="-70.54804333"><ele>667.500</ele><time>2026-09-13T14:24:34Z</time><speed>0.000</speed><sat>19</sat></trkpt>
  <trkpt lat="-33.45638000" lon="-70.54804333"><ele>667.500</ele><time>2026-09-13T14:24:35Z</time><speed>0.000</speed><sat>19</sat></trkpt>
  <trkpt lat="-33.45638000" lon="-70.54804333"><ele>667.500</ele><time>2026-09-13T14:24:36Z</time><speed>0.000</speed><sat>19</sat></trkpt>
  <trkpt lat="-33.45638000" lon="-70.54804333"><ele>667.500</ele><time>2026-09-13T14:24:37Z</time><speed>0.000</speed><sat>19</sat></trkpt>
  <trkpt lat="-33.45638000" lon="-70.54804333"><ele>667.500</ele><time>2026-09-13T14:24:38Z</time><speed>0.000</speed><sat>18</sat></trkpt>
  <trkpt lat="-33.45638000" lon="-70.54804333"><ele>667.500</ele><time>2026-09-13T14:24:39Z</time><speed>0.000</speed><sat>18</sat></trkpt>
  <trkpt lat="-33.45638000" lon="-70.54804333"><ele>667.500</ele><time>2026-09-13T14:24:40Z</time><speed>0.000</speed><sat>18</sat></trkpt>
  <trkpt lat="-33.45638000" lon="-70.54804333"><ele>667.500</ele><time>2026-09-13T14:24:41Z</time><speed>0.000</speed><sat>18</sat></trkpt>
  <trkpt lat="-33.45638000" lon="-70.54804333"><ele>667.500</ele><time>2026-09-13T14:24:42Z</time><speed>0.000</speed><sat>18</sat></trkpt>
  <trkpt lat="-33.45638000" lon="-70.54804333"><ele>667.500</ele><time>2026-09-13T14:24:43Z</time><speed>0.000</speed><sat>17</sat></trkpt>
  <trkpt lat="-33.45638000" lon="-70.54804333"><ele>667.500</ele><time>2026-09-13T14:24:44Z</time><speed>0.000</speed><sat>18</sat></trkpt>
  <trkpt lat="-33.45638000" lon="-70.54804333"><ele>667.500</ele><time>2026-09-13T14:24:45Z</time><speed>0.000</speed><sat>18</sat></trkpt>
  <trkpt lat="-33.45638000" lon="-70.54804333"><ele>667.500</ele><time>2026-09-13T14:24:46Z</time><speed>0.000</speed><sat>17</sat></trkpt>
  <trkpt lat="-33.45638000" lon="-70.54804333"><ele>667.500</ele><time>2026-09-13T14:24:47Z</time><speed>0.000</speed><sat>17</sat></trkpt>
  <trkpt lat="-33.45638000" lon="-70.54804333"><ele>667.500</ele><time>2026-09-13T14:24:48Z</time><speed>0.000</speed><sat>18</sat></trkpt>
  <trkpt lat="-33.45638000" lon="-70.54804333"><ele>667.500</ele><time>2026-09-13T14:24:49Z</time><speed>0.000</speed><sat>15</sat></trkpt>
  <trkpt lat="-33.45638000" lon="-70.54804333"><ele>667.500</ele><time>2026-09-13T14:24:50Z</time><speed>0.000</speed><sat>14</sat></trkpt>
  <trkpt lat="-33.45638000" lon="-70.54804333"><ele>667.500</ele><time>2026-09-13T14:24:51Z</time><speed>0.000</speed><sat>17</sat></trkpt>
  <trkpt lat="-33.45638000" lon="-70.54804333"><ele>667.500</ele><time>2026-09-13T14:24:52Z</time><speed>0.000</speed><sat>18</sat></trkpt>
  <trkpt lat="-33.45638000" lon="-70.54804333"><ele>667.500</ele><time>2026-09-13T14:24:53Z</time><speed>0.000</speed><sat>18</sat></trkpt>
  <trkpt lat="-33.45638000" lon="-70.54804333"><ele>667.500</ele><time>2026-09-13T14:24:54Z</time><speed>0.000</speed><sat>18</sat></trkpt>
  <trkpt lat="-33.45638000" lon="-70.54804333"><ele>667.500</ele><time>2026-09-13T14:24:55Z</time><speed>0.000</speed><sat>17</sat></trkpt>
  <trkpt lat="-33.45638000" lon="-70.54804333"><ele>667.500</ele><time>2026-09-13T14:24:56Z</time><speed>0.000</speed><sat>17</sat></trkpt>
  <trkpt lat="-33.45638000" lon="-70.54804333"><ele>667.500</ele><time>2026-09-13T14:24:57Z</time><speed>0.000</speed><sat>17</sat></trkpt>
  <trkpt lat="-33.45638000" lon="-70.54804333"><ele>667.500</ele><time>2026-09-13T14:24:58Z</time><speed>0.000</speed><sat>18</sat></trkpt>
  <trkpt lat="-33.45638000" lon="-70.54804333"><ele>667.500</ele><time>2026-09-13T14:24:59Z</time><speed>0.000</speed><sat>18</sat></trkpt>
  <trkpt lat="-33.45638000" lon="-70.54804333"><ele>667.500</ele><time>2026-09-13T14:25:00Z</time><speed>0.000</speed><sat>18</sat></trkpt>
  <trkpt lat="-33.45638000" lon="-70.54804333"><ele>667.500</ele><time>2026-09-13T14:25:01Z</time><speed>0.000</speed><sat>18</sat></trkpt>
  <trkpt lat="-33.45638000" lon="-70.54804333"><ele>667.500</ele><time>2026-09-13T14:25:02Z</time><speed>0.000</speed><sat>19</sat></trkpt>
  <trkpt lat="-33.45638000" lon="-70.54804333"><ele>667.500</ele><time>2026-09-13T14:25:03Z</time><speed>0.000</speed><sat>19</sat></trkpt>
  <trkpt lat="-33.45638000" lon="-70.54804333"><ele>667.500</ele><time>2026-09-13T14:25:04Z</time><speed>0.000</speed><sat>17</sat></trkpt>
  <trkpt lat="-33.45638000" lon="-70.54804333"><ele>667.500</ele><time>2026-09-13T14:25:05Z</time><speed>0.000</speed><sat>17</sat></trkpt>
  <trkpt lat="-33.45638000" lon="-70.54804333"><ele>667.500</ele><time>2026-09-13T14:25:06Z</time><speed>0.000</speed><sat>17</sat></trkpt>
  <trkpt lat="-33.45638000" lon="-70.54804333"><ele>667.500</ele><time>2026-09-13T14:25:07Z</time><speed>0.000</speed><sat>17</sat></trkpt>
  <trkpt lat="-33.45638000" lon="-70.54804333"><ele>667.500</ele><time>2026-09-13T14:25:08Z</time><speed>0.000</speed><sat>18</sat></trkpt>
  <trkpt lat="-33.45638000" lon="-70.54804333"><ele>667.500</ele><time>2026-09-13T14:25:09Z</time><speed>0.000</speed><sat>17</sat></trkpt>
  <trkpt lat="-33.45638000" lon="-70.54804333"><ele>667.500</ele><time>2026-09-13T14:25:10Z</time><speed>0.000</speed><sat>18</sat></trkpt>
  <trkpt lat="-33.45638000" lon="-70.54804333"><ele>667.500</ele><time>2026-09-13T14:25:11Z</time><speed>0.000</speed><sat>17</sat></trkpt>
  <trkpt lat="-33.45638000" lon="-70.54804333"><ele>667.500</ele><time>2026-09-13T14:25:12Z</time><speed>0.000</speed><sat>17</sat></trkpt>
  <trkpt lat="-33.45638000" lon="-70.54804333"><ele>667.500</ele><time>2026-09-13T14:25:13Z</time><speed>0.000</speed><sat>18</sat></trkpt>
  <trkpt lat="-33.45638000" lon="-70.54804333"><ele>667.500</ele><time>2026-09-13T14:25:14Z</time><speed>0.000</speed><sat>16</sat></trkpt>
  <trkpt lat="-33.45638000" lon="-70.54804333"><ele>667.500</ele><time>2026-09-13T14:25:15Z</time><speed>0.000</speed><sat>15</sat></trkpt>
  <trkpt lat="-33.45638000" lon="-70.54804333"><ele>667.500</ele><time>2026-09-13T14:25:16Z</time><speed>0.000</speed><sat>15</sat></trkpt>
  <trkpt lat="-33.45638000" lon="-70.54804333"><ele>667.500</ele><time>2026-09-13T14:25:17Z</time><speed>0.000</speed><sat>17</sat></trkpt>
  <trkpt lat="-33.45638000" lon="-70.54804333"><ele>667.500</ele><time>2026-09-13T14:25:18Z</time><speed>0.000</speed><sat>17</sat></trkpt>
  <trkpt lat="-33.45638000" lon="-70.54804333"><ele>667.500</ele><time>2026-09-13T14:25:19Z</time><speed>0.000</speed><sat>17</sat></trkpt>
  <trkpt lat="-33.45638000" lon="-70.54804333"><ele>667.500</ele><time>2026-09-13T14:25:20Z</time><speed>0.000</speed><sat>17</sat></trkpt>
  <trkpt lat="-33.45638000" lon="-70.54804333"><ele>667.500</ele><time>2026-09-13T14:25:21Z</time><speed>0.000</speed><sat>16</sat></trkpt>
  <trkpt lat="-33.45638000" lon="-70.54804333"><ele>667.500</ele><time>2026-09-13T14:25:22Z</time><speed>0.000</speed><sat>16</sat></trkpt>
  <trkpt lat="-33.45638000" lon="-70.54804333"><ele>667.500</ele><time>2026-09-13T14:25:23Z</time><speed>0.000</speed><sat>17</sat></trkpt>
  <trkpt lat="-33.45638000" lon="-70.54804333"><ele>667.500</ele><time>2026-09-13T14:25:24Z</time><speed>0.000</speed><sat>16</sat></trkpt>
  <trkpt lat="-33.45638000" lon="-70.54804333"><ele>667.500</ele><time>2026-09-13T14:25:25Z</time><speed>0.000</speed><sat>16</sat></trkpt>
  <trkpt lat="-33.45638000" lon="-70.54804333"><ele>667.500</ele><time>2026-09-13T14:25:26Z</time><speed>0.000</speed><sat>15</sat></trkpt>
  <trkpt lat="-33.45638000" lon="-70.54804333"><ele>667.500</ele><time>2026-09-13T14:25:27Z</time><speed>0.000</speed><sat>15</sat></trkpt>
  <trkpt lat="-33.45638000" lon="-70.54804333"><ele>667.500</ele><time>2026-09-13T14:25:28Z</time><speed>0.000</speed><sat>16</sat></trkpt>
  <trkpt lat="-33.45638000" lon="-70.54804333"><ele>667.500</ele><time>2026-09-13T14:25:29Z</time><speed>0.000</speed><sat>16</sat></trkpt>
  <trkpt lat="-33.45638000" lon="-70.54804333"><ele>667.500</ele><time>2026-09-13T14:25:30Z</time><speed>0.000</speed><sat>16</sat></trkpt>
  <trkpt lat="-33.45638000" lon="-70.54804333"><ele>667.500</ele><time>2026-09-13T14:25:31Z</time><speed>0.000</speed><sat>16</sat></trkpt>
  <trkpt lat="-33.45638000" lon="-70.54804333"><ele>667.500</ele><time>2026-09-13T14:25:32Z</time><speed>0.000</speed><sat>16</sat></trkpt>
  <trkpt lat="-33.45638000" lon="-70.54804333"><ele>667.500</ele><time>2026-09-13T14:25:33Z</time><speed>0.000</speed><sat>16</sat></trkpt>
  <trkpt lat="-33.45638000" lon="-70.54804333"><ele>667.500</ele><time>2026-09-13T14:25:34Z</time><speed>0.000</speed><sat>15</sat></trkpt>
  <trkpt lat="-33.45638000" lon="-70.54804333"><ele>667.500</ele><time>2026-09-13T14:25:35Z</time><speed>0.000</speed><sat>14</sat></trkpt>
  <trkpt lat="-33.45638000" lon="-70.54804333"><ele>667.500</ele><time>2026-09-13T14:25:36Z</time><speed>0.000</speed><sat>15</sat></trkpt>
  <trkpt lat="-33.45638000" lon="-70.54804333"><ele>667.500</ele><time>2026-09-13T14:25:37Z</time><speed>0.000</speed><sat>15</sat></trkpt>
  <trkpt lat="-33.45638000" lon="-70.54804333"><ele>667.500</ele><time>2026-09-13T14:25:38Z</time><speed>0.000</speed><sat>14</sat></trkpt>
  <trkpt lat="-33.45638000" lon="-70.54804333"><ele>667.500</ele><time>2026-09-13T14:25:39Z</time><speed>0.000</speed><sat>14</sat></trkpt>
  <trkpt lat="-33.45638000" lon="-70.54804333"><ele>667.500</ele><time>2026-09-13T14:25:40Z</time><speed>0.000</speed><sat>16</sat></trkpt>
  <trkpt lat="-33.45638000" lon="-70.54804333"><ele>667.500</ele><time>2026-09-13T14:25:41Z</time><speed>0.000</speed><sat>18</sat></trkpt>
  <trkpt lat="-33.45638000" lon="-70.54804333"><ele>667.500</ele><time>2026-09-13T14:25:42Z</time><speed>0.000</speed><sat>18</sat></trkpt>
  <trkpt lat="-33.45638000" lon="-70.54804333"><ele>667.500</ele><time>2026-09-13T14:25:43Z</time><speed>0.000</speed><sat>18</sat></trkpt>
  <trkpt lat="-33.45638000" lon="-70.54804333"><ele>667.500</ele><time>2026-09-13T14:25:44Z</time><speed>0.000</speed><sat>18</sat></trkpt>
  <trkpt lat="-33.45638000" lon="-70.54804333"><ele>667.500</ele><time>2026-09-13T14:25:45Z</time><speed>0.000</speed><sat>16</sat></trkpt>
  <trkpt lat="-33.45638000" lon="-70.54804333"><ele>667.500</ele><time>2026-09-13T14:25:46Z</time><speed>0.000</speed><sat>16</sat></trkpt>
  <trkpt lat="-33.45638000" lon="-70.54804333"><ele>667.500</ele><time>2026-09-13T14:25:47Z</time><speed>0.000</speed><sat>17</sat></trkpt>
  <trkpt lat="-33.45638000" lon="-70.54804333"><ele>667.500</ele><time>2026-09-13T14:25:48Z</time><speed>0.000</speed><sat>18</sat></trkpt>
  <trkpt lat="-33.45638000" lon="-70.54804333"><ele>667.500</ele><time>2026-09-13T14:25:49Z</time><speed>0.000</speed><sat>18</sat></trkpt>
  <trkpt lat="-33.45638000" lon="-70.54804333"><ele>667.500</ele><time>2026-09-13T14:25:50Z</time><speed>0.000</speed><sat>19</sat></trkpt>
  <trkpt lat="-33.45638000" lon="-70.54804333"><ele>667.500</ele><time>2026-09-13T14:25:51Z</time><speed>0.000</speed><sat>17</sat></trkpt>
  <trkpt lat="-33.45638000" lon="-70.54804333"><ele>667.500</ele><time>2026-09-13T14:25:52Z</time><speed>0.000</speed><sat>16</sat></trkpt>
  <trkpt lat="-33.45638000" lon="-70.54804333"><ele>667.500</ele><time>2026-09-13T14:25:53Z</time><speed>0.000</speed><sat>17</sat></trkpt>
  <trkpt lat="-33.45638000" lon="-70.54804333"><ele>667.500</ele><time>2026-09-13T14:25:54Z</time><speed>0.000</speed><sat>17</sat></trkpt>
  <trkpt lat="-33.45638000" lon="-70.54804333"><ele>667.500</ele><time>2026-09-13T14:25:55Z</time><speed>0.000</speed><sat>18</sat></trkpt>
  <trkpt lat="-33.45638000" lon="-70.54804333"><ele>667.500</ele><time>2026-09-13T14:25:56Z</time><speed>0.000</speed><sat>17</sat></trkpt>
  <trkpt lat="-33.45638000" lon="-70.54804333"><ele>667.500</ele><time>2026-09-13T14:25:57Z</time><speed>0.000</speed><sat>18</sat></trkpt>
  <trkpt lat="-33.45638000" lon="-70.54804333"><ele>667.500</ele><time>2026-09-13T14:25:58Z</time><speed>0.000</speed><sat>19</sat></trkpt>
  <trkpt lat="-33.45638000" lon="-70.54804333"><ele>667.500</ele><time>2026-09-13T14:25:59Z</time><speed>0.000</speed><sat>18</sat></trkpt>
  <trkpt lat="-33.45638000" lon="-70.54804333"><ele>667.500</ele><time>2026-09-13T14:26:00Z</time><speed>0.000</speed><sat>18</sat></trkpt>
  <trkpt lat="-33.45638000" lon="-70.54804333"><ele>667.500</ele><time>2026-09-13T14:26:01Z</time><speed>0.000</speed><sat>18</sat></trkpt>
  <trkpt lat="-33.45638000" lon="-70.54804333"><ele>667.500</ele><time>2026-09-13T14:26:02Z</time><speed>0.000</speed><sat>19</sat></trkpt>
  <trkpt lat="-33.45638000" lon="-70.54804333"><ele>667.500</ele><time>2026-09-13T14:26:03Z</time><speed>0.000</speed><sat>19</sat></trkpt>
  <trkpt lat="-33.45638000" lon="-70.54804333"><ele>667.500</ele><time>2026-09-13T14:26:04Z</time><speed>0.000</speed><sat>18</sat></trkpt>
  <trkpt lat="-33.45638000" lon="-70.54804333"><ele>667.500</ele><time>2026-09-13T14:26:05Z</time><speed>0.000</speed><sat>18</sat></trkpt>
  <trkpt lat="-33.45638000" lon="-70.54804333"><ele>667.500</ele><time>2026-09-13T14:26:06Z</time><speed>0.000</speed><sat>18</sat></trkpt>
  <trkpt lat="-33.45638000" lon="-70.54804333"><ele>667.500</ele><time>2026-09-13T14:26:07Z</time><speed>0.000</speed><sat>18</sat></trkpt>
  <trkpt lat="-33.45638000" lon="-70.54804333"><ele>667.500</ele><time>2026-09-13T14:26:08Z</time><speed>0.000</speed><sat>19</sat></trkpt>
  <trkpt lat="-33.45638000" lon="-70.54804333"><ele>667.500</ele><time>2026-09-13T14:26:09Z</time><speed>0.000</speed><sat>19</sat></trkpt>
  <trkpt lat="-33.45638000" lon="-70.54804333"><ele>667.500</ele><time>2026-09-13T14:26:10Z</time><speed>0.000</speed><sat>19</sat></trkpt>
  <trkpt lat="-33.45638000" lon="-70.54804333"><ele>667.500</ele><time>2026-09-13T14:26:11Z</time><speed>0.000</speed><sat>19</sat></trkpt>
  <trkpt lat="-33.45638000" lon="-70.54804333"><ele>667.500</ele><time>2026-09-13T14:26:12Z</time><speed>0.000</speed><sat>19</sat></trkpt>
  <trkpt lat="-33.45638000" lon="-70.54804333"><ele>667.500</ele><time>2026-09-13T14:26:13Z</time><speed>0.000</speed><sat>22</sat></trkpt>
  <trkpt lat="-33.45638000" lon="-70.54804333"><ele>667.500</ele><time>2026-09-13T14:26:14Z</time><speed>0.000</speed><sat>23</sat></trkpt>
  <trkpt lat="-33.45638000" lon="-70.54804333"><ele>667.500</ele><time>2026-09-13T14:26:15Z</time><speed>0.000</speed><sat>23</sat></trkpt>
  <trkpt lat="-33.45638000" lon="-70.54804333"><ele>667.500</ele><time>2026-09-13T14:26:16Z</time><speed>0.000</speed><sat>22</sat></trkpt>
  <trkpt lat="-33.45638000" lon="-70.54804333"><ele>667.500</ele><time>2026-09-13T14:26:17Z</time><speed>0.000</speed><sat>21</sat></trkpt>
  <trkpt lat="-33.45638000" lon="-70.54804333"><ele>667.500</ele><time>2026-09-13T14:26:18Z</time><speed>0.000</speed><sat>22</sat></trkpt>
  <trkpt lat="-33.45638000" lon="-70.54804333"><ele>667.500</ele><time>2026-09-13T14:26:19Z</time><speed>0.000</speed><sat>23</sat></trkpt>
  <trkpt lat="-33.45638000" lon="-70.54804333"><ele>667.500</ele><time>2026-09-13T14:26:20Z</time><speed>0.000</speed><sat>23</sat></trkpt>
  <trkpt lat="-33.45638000" lon="-70.54804333"><ele>667.500</ele><time>2026-09-13T14:26:21Z</time><speed>0.000</speed><sat>23</sat></trkpt>
  <trkpt lat="-33.45638000" lon="-70.54804333"><ele>667.500</ele><time>2026-09-13T14:26:22Z</time><speed>0.000</speed><sat>22</sat></trkpt>
  <trkpt lat="-33.45638000" lon="-70.54804333"><ele>667.500</ele><time>2026-09-13T14:26:23Z</time><speed>0.000</speed><sat>20</sat></trkpt>
  <trkpt lat="-33.45638000" lon="-70.54804333"><ele>667.500</ele><time>2026-09-13T14:26:24Z</time><speed>0.000</speed><sat>21</sat></trkpt>
  <trkpt lat="-33.45638000" lon="-70.54804333"><ele>667.500</ele><time>2026-09-13T14:26:25Z</time><speed>0.000</speed><sat>22</sat></trkpt>
  <trkpt lat="-33.45638000" lon="-70.54804333"><ele>667.500</ele><time>2026-09-13T14:26:26Z</time><speed>0.000</speed><sat>22</sat></trkpt>
  <trkpt lat="-33.45638000" lon="-70.54804333"><ele>667.500</ele><time>2026-09-13T14:26:27Z</time><speed>0.000</speed><sat>22</sat></trkpt>
  <trkpt lat="-33.45638000" lon="-70.54804333"><ele>667.500</ele><time>2026-09-13T14:26:28Z</time><speed>0.000</speed><sat>22</sat></trkpt>
  <trkpt lat="-33.45638000" lon="-70.54804333"><ele>667.500</ele><time>2026-09-13T14:26:29Z</time><speed>0.000</speed><sat>22</sat></trkpt>
  <trkpt lat="-33.45638000" lon="-70.54804333"><ele>667.500</ele><time>2026-09-13T14:26:30Z</time><speed>0.000</speed><sat>23</sat></trkpt>
  <trkpt lat="-33.45638000" lon="-70.54804333"><ele>667.500</ele><time>2026-09-13T14:26:31Z</time><speed>0.000</speed><sat>24</sat></trkpt>
  <trkpt lat="-33.45638000" lon="-70.54804333"><ele>667.500</ele><time>2026-09-13T14:26:32Z</time><speed>0.000</speed><sat>24</sat></trkpt>
  <trkpt lat="-33.45638000" lon="-70.54804333"><ele>667.500</ele><time>2026-09-13T14:26:33Z</time><speed>0.000</speed><sat>23</sat></trkpt>
  <trkpt lat="-33.45638000" lon="-70.54804333"><ele>667.500</ele><time>2026-09-13T14:26:34Z</time><speed>0.000</speed><sat>22</sat></trkpt>
  <trkpt lat="-33.45638000" lon="-70.54804333"><ele>667.500</ele><time>2026-09-13T14:26:35Z</time><speed>0.000</speed><sat>23</sat></trkpt>
  <trkpt lat="-33.45638000" lon="-70.54804333"><ele>667.500</ele><time>2026-09-13T14:26:36Z</time><speed>0.000</speed><sat>23</sat></trkpt>
  <trkpt lat="-33.45638000" lon="-70.54804333"><ele>667.500</ele><time>2026-09-13T14:26:37Z</time><speed>0.000</speed><sat>23</sat></trkpt>
  <trkpt lat="-33.45638000" lon="-70.54804333"><ele>667.500</ele><time>2026-09-13T14:26:38Z</time><speed>0.000</speed><sat>25</sat></trkpt>
  <trkpt lat="-33.45638000" lon="-70.54804333"><ele>667.500</ele><time>2026-09-13T14:26:39Z</time><speed>0.000</speed><sat>25</sat></trkpt>
  <trkpt lat="-33.45638000" lon="-70.54804333"><ele>667.500</ele><time>2026-09-13T14:26:40Z</time><speed>0.000</speed><sat>25</sat></trkpt>
  <trkpt lat="-33.45638000" lon="-70.54804333"><ele>667.500</ele><time>2026-09-13T14:26:41Z</time><speed>0.000</speed><sat>25</sat></trkpt>
  <trkpt lat="-33.45638000" lon="-70.54804333"><ele>667.500</ele><time>2026-09-13T14:26:42Z</time><speed>0.000</speed><sat>25</sat></trkpt>
  <trkpt lat="-33.45638000" lon="-70.54804333"><ele>667.500</ele><time>2026-09-13T14:26:43Z</time><speed>0.000</speed><sat>25</sat></trkpt>
  <trkpt lat="-33.45638000" lon="-70.54804333"><ele>667.500</ele><time>2026-09-13T14:26:44Z</time><speed>0.000</speed><sat>25</sat></trkpt>
  <trkpt lat="-33.45638000" lon="-70.54804333"><ele>667.500</ele><time>2026-09-13T14:26:45Z</time><speed>0.000</speed><sat>24</sat></trkpt>
  <trkpt lat="-33.45638000" lon="-70.54804333"><ele>667.500</ele><time>2026-09-13T14:26:46Z</time><speed>0.000</speed><sat>23</sat></trkpt>
  <trkpt lat="-33.45638000" lon="-70.54804333"><ele>667.500</ele><time>2026-09-13T14:26:47Z</time><speed>0.000</speed><sat>24</sat></trkpt>
  <trkpt lat="-33.45638000" lon="-70.54804333"><ele>667.500</ele><time>2026-09-13T14:26:48Z</time><speed>0.000</speed><sat>24</sat></trkpt>
  <trkpt lat="-33.45638000" lon="-70.54804333"><ele>667.500</ele><time>2026-09-13T14:26:49Z</time><speed>0.000</speed><sat>24</sat></trkpt>
  <trkpt lat="-33.45638000" lon="-70.54804333"><ele>667.500</ele><time>2026-09-13T14:26:50Z</time><speed>0.000</speed><sat>23</sat></trkpt>
  <trkpt lat="-33.45638000" lon="-70.54804333"><ele>667.500</ele><time>2026-09-13T14:26:51Z</time><speed>0.000</speed><sat>21</sat></trkpt>
  <trkpt lat="-33.45638000" lon="-70.54804333"><ele>667.500</ele><time>2026-09-13T14:26:52Z</time><speed>0.000</speed><sat>20</sat></trkpt>
  <trkpt lat="-33.45638000" lon="-70.54804333"><ele>667.500</ele><time>2026-09-13T14:26:53Z</time><speed>0.000</speed><sat>21</sat></trkpt>
  <trkpt lat="-33.45638000" lon="-70.54804333"><ele>667.500</ele><time>2026-09-13T14:26:54Z</time><speed>0.000</speed><sat>21</sat></trkpt>
  <trkpt lat="-33.45638000" lon="-70.54804333"><ele>667.500</ele><time>2026-09-13T14:26:55Z</time><speed>0.000</speed><sat>21</sat></trkpt>
  <trkpt lat="-33.45638000" lon="-70.54804333"><ele>667.500</ele><time>2026-09-13T14:26:56Z</time><speed>0.000</speed><sat>21</sat></trkpt>
  <trkpt lat="-33.45638000" lon="-70.54804333"><ele>667.500</ele><time>2026-09-13T14:26:57Z</time><speed>0.000</speed><sat>19</sat></trkpt>
  <trkpt lat="-33.45638000" lon="-70.54804333"><ele>667.500</ele><time>2026-09-13T14:26:58Z</time><speed>0.000</speed><sat>19</sat></trkpt>
  <trkpt lat="-33.45638000" lon="-70.54804333"><ele>667.500</ele><time>2026-09-13T14:26:59Z</time><speed>0.000</speed><sat>19</sat></trkpt>
  <trkpt lat="-33.45638000" lon="-70.54804333"><ele>667.500</ele><time>2026-09-13T14:27:00Z</time><speed>0.000</speed><sat>20</sat></trkpt>
  <trkpt lat="-33.45638000" lon="-70.54804333"><ele>667.500</ele><time>2026-09-13T14:27:01Z</time><speed>0.000</speed><sat>21</sat></trkpt>
  <trkpt lat="-33.45638000" lon="-70.54804333"><ele>667.500</ele><time>2026-09-13T14:27:02Z</time><speed>0.000</speed><sat>21</sat></trkpt>
  <trkpt lat="-33.45638000" lon="-70.54804333"><ele>667.500</ele><time>2026-09-13T14:27:03Z</time><speed>0.000</speed><sat>22</sat></trkpt>
  <trkpt lat="-33.45638000" lon="-70.54804333"><ele>667.500</ele><time>2026-09-13T14:27:04Z</time><speed>0.000</speed><sat>22</sat></trkpt>
  <trkpt lat="-33.45638000" lon="-70.54804333"><ele>667.500</ele><time>2026-09-13T14:27:05Z</time><speed>0.000</speed><sat>22</sat></trkpt>
  <trkpt lat="-33.45638000" lon="-70.54804333"><ele>667.500</ele><time>2026-09-13T14:27:06Z</time><speed>0.000</speed><sat>22</sat></trkpt>
  <trkpt lat="-33.45638000" lon="-70.54804333"><ele>667.500</ele><time>2026-09-13T14:27:07Z</time><speed>0.000</speed><sat>22</sat></trkpt>
  <trkpt lat="-33.45638000" lon="-70.54804333"><ele>667.500</ele><time>2026-09-13T14:27:08Z</time><speed>0.000</speed><sat>23</sat></trkpt>
  <trkpt lat="-33.45638000" lon="-70.54804333"><ele>667.500</ele><time>2026-09-13T14:27:09Z</time><speed>0.000</speed><sat>23</sat></trkpt>
  <trkpt lat="-33.45638000" lon="-70.54804333"><ele>667.500</ele><time>2026-09-13T14:27:10Z</time><speed>0.000</speed><sat>22</sat></trkpt>
  <trkpt lat="-33.45638000" lon="-70.54804333"><ele>667.500</ele><time>2026-09-13T14:27:11Z</time><speed>0.000</speed><sat>22</sat></trkpt>
  <trkpt lat="-33.45638000" lon="-70.54804333"><ele>667.500</ele><time>2026-09-13T14:27:12Z</time><speed>0.000</speed><sat>23</sat></trkpt>
  <trkpt lat="-33.45638000" lon="-70.54804333"><ele>667.500</ele><time>2026-09-13T14:27:13Z</time><speed>0.000</speed><sat>22</sat></trkpt>
  <trkpt lat="-33.45638000" lon="-70.54804333"><ele>667.500</ele><time>2026-09-13T14:27:14Z</time><speed>0.000</speed><sat>22</sat></trkpt>
  <trkpt lat="-33.45638000" lon="-70.54804333"><ele>667.500</ele><time>2026-09-13T14:27:15Z</time><speed>0.000</speed><sat>25</sat></trkpt>
  <trkpt lat="-33.45638000" lon="-70.54804333"><ele>667.500</ele><time>2026-09-13T14:27:16Z</time><speed>0.000</speed><sat>25</sat></trkpt>
  <trkpt lat="-33.45638000" lon="-70.54804333"><ele>667.500</ele><time>2026-09-13T14:27:17Z</time><speed>0.000</speed><sat>24</sat></trkpt>
  <trkpt lat="-33.45638000" lon="-70.54804333"><ele>667.500</ele><time>2026-09-13T14:27:18Z</time><speed>0.000</speed><sat>25</sat></trkpt>
  <trkpt lat="-33.45638000" lon="-70.54804333"><ele>667.500</ele><time>2026-09-13T14:27:19Z</time><speed>0.000</speed><sat>24</sat></trkpt>
  <trkpt lat="-33.45638000" lon="-70.54804333"><ele>667.500</ele><time>2026-09-13T14:27:20Z</time><speed>0.000</speed><sat>23</sat></trkpt>
  <trkpt lat="-33.45638000" lon="-70.54804333"><ele>667.500</ele><time>2026-09-13T14:27:21Z</time><speed>0.000</speed><sat>22</sat></trkpt>
  <trkpt lat="-33.45638000" lon="-70.54804333"><ele>667.500</ele><time>2026-09-13T14:27:22Z</time><speed>0.000</speed><sat>22</sat></trkpt>
  <trkpt lat="-33.45638000" lon="-70.54804333"><ele>667.500</ele><time>2026-09-13T14:27:23Z</time><speed>0.000</speed><sat>21</sat></trkpt>
  <trkpt lat="-33.45638000" lon="-70.54804333"><ele>667.500</ele><time>2026-09-13T14:27:24Z</time><speed>0.000</speed><sat>22</sat></trkpt>
  <trkpt lat="-33.45638000" lon="-70.54804333"><ele>667.500</ele><time>2026-09-13T14:27:25Z</time><speed>0.000</speed><sat>22</sat></trkpt>
  <trkpt lat="-33.45638000" lon="-70.54804333"><ele>667.500</ele><time>2026-09-13T14:27:26Z</time><speed>0.000</speed><sat>21</sat></trkpt>
  <trkpt lat="-33.45638000" lon="-70.54804333"><ele>667.500</ele><time>2026-09-13T14:27:27Z</time><speed>0.000</speed><sat>21</sat></trkpt>
  <trkpt lat="-33.45638000" lon="-70.54804333"><ele>667.500</ele><time>2026-09-13T14:27:28Z</time><speed>0.000</speed><sat>20</sat></trkpt>
  <trkpt lat="-33.45638000" lon="-70.54804333"><ele>667.500</ele><time>2026-09-13T14:27:29Z</time><speed>0.000</speed><sat>20</sat></trkpt>
  <trkpt lat="-33.45638000" lon="-70.54804333"><ele>667.500</ele><time>2026-09-13T14:27:30Z</time><speed>0.000</speed><sat>18</sat></trkpt>
  <trkpt lat="-33.45638000" lon="-70.54804333"><ele>667.500</ele><time>2026-09-13T14:27:31Z</time><speed>0.000</speed><sat>19</sat></trkpt>
  <trkpt lat="-33.45638000" lon="-70.54804333"><ele>667.500</ele><time>2026-09-13T14:27:32Z</time><speed>0.000</speed><sat>20</sat></trkpt>
  <trkpt lat="-33.45638000" lon="-70.54804333"><ele>667.500</ele><time>2026-09-13T14:27:33Z</time><speed>0.000</speed><sat>19</sat></trkpt>
  <trkpt lat="-33.45638000" lon="-70.54804333"><ele>667.500</ele><time>2026-09-13T14:27:34Z</time><speed>0.000</speed><sat>18</sat></trkpt>
  <trkpt lat="-33.45638000" lon="-70.54804333"><ele>667.500</ele><time>2026-09-13T14:27:35Z</time><speed>0.000</speed><sat>17</sat></trkpt>
  <trkpt lat="-33.45638000" lon="-70.54804333"><ele>667.500</ele><time>2026-09-13T14:27:36Z</time><speed>0.000</speed><sat>19</sat></trkpt>
  <trkpt lat="-33.45638000" lon="-70.54804333"><ele>667.500</ele><time>2026-09-13T14:27:37Z</time><speed>0.000</speed><sat>19</sat></trkpt>
  <trkpt lat="-33.45638000" lon="-70.54804333"><ele>667.500</ele><time>2026-09-13T14:27:38Z</time><speed>0.000</speed><sat>19</sat></trkpt>
  <trkpt lat="-33.45638000" lon="-70.54804333"><ele>667.500</ele><time>2026-09-13T14:27:39Z</time><speed>0.000</speed><sat>19</sat></trkpt>
  <trkpt lat="-33.45638000" lon="-70.54804333"><ele>667.500</ele><time>2026-09-13T14:27:40Z</time><speed>0.000</speed><sat>18</sat></trkpt>
  <trkpt lat="-33.45638000" lon="-70.54804333"><ele>667.500</ele><time>2026-09-13T14:27:41Z</time><speed>0.000</speed><sat>20</sat></trkpt>
  <trkpt lat="-33.45638000" lon="-70.54804333"><ele>667.500</ele><time>2026-09-13T14:27:42Z</time><speed>0.000</speed><sat>17</sat></trkpt>
  <trkpt lat="-33.45638000" lon="-70.54804333"><ele>667.500</ele><time>2026-09-13T14:27:43Z</time><speed>0.000</speed><sat>18</sat></trkpt>
  <trkpt lat="-33.45638000" lon="-70.54804333"><ele>667.500</ele><time>2026-09-13T14:27:44Z</time><speed>0.000</speed><sat>19</sat></trkpt>
  <trkpt lat="-33.45638000" lon="-70.54804333"><ele>667.500</ele><time>2026-09-13T14:27:45Z</time><speed>0.000</speed><sat>18</sat></trkpt>
  <trkpt lat="-33.45638000" lon="-70.54804333"><ele>667.500</ele><time>2026-09-13T14:27:46Z</time><speed>0.000</speed><sat>20</sat></trkpt>
  <trkpt lat="-33.45638000" lon="-70.54804333"><ele>667.500</ele><time>2026-09-13T14:27:47Z</time><speed>0.000</speed><sat>21</sat></trkpt>
  <trkpt lat="-33.45638000" lon="-70.54804333"><ele>667.500</ele><time>2026-09-13T14:27:48Z</time><speed>0.000</speed><sat>19</sat></trkpt>
  <trkpt lat="-33.45638000" lon="-70.54804333"><ele>667.500</ele><time>2026-09-13T14:27:49Z</time><speed>0.000</speed><sat>20</sat></trkpt>
  <trkpt lat="-33.45638000" lon="-70.54804333"><ele>667.500</ele><time>2026-09-13T14:27:50Z</time><speed>0.000</speed><sat>20</sat></trkpt>
  <trkpt lat="-33.45638000" lon="-70.54804333"><ele>667.500</ele><time>2026-09-13T14:27:51Z</time><speed>0.000</speed><sat>18</sat></trkpt>
  <trkpt lat="-33.45638000" lon="-70.54804333"><ele>667.500</ele><time>2026-09-13T14:27:52Z</time><speed>0.000</speed><sat>16</sat></trkpt>
  <trkpt lat="-33.45638000" lon="-70.54804333"><ele>667.500</ele><time>2026-09-13T14:27:53Z</time><speed>0.000</speed><sat>17</sat></trkpt>
  <trkpt lat="-33.45638000" lon="-70.54804333"><ele>667.500</ele><time>2026-09-13T14:27:54Z</time><speed>0.000</speed><sat>19</sat></trkpt>
  <trkpt lat="-33.45638000" lon="-70.54804333"><ele>667.500</ele><time>2026-09-13T14:27:55Z</time><speed>0.000</speed><sat>19</sat></trkpt>
  <trkpt lat="-33.45638000" lon="-70.54804333"><ele>667.500</ele><time>2026-09-13T14:27:56Z</time><speed>0.000</speed><sat>18</sat></trkpt>
  <trkpt lat="-33.45638000" lon="-70.54804333"><ele>667.500</ele><time>2026-09-13T14:27:57Z</time><speed>0.000</speed><sat>19</sat></trkpt>
  <trkpt lat="-33.45638000" lon="-70.54804333"><ele>667.500</ele><time>2026-09-13T14:27:58Z</time><speed>0.000</speed><sat>18</sat></trkpt>
  <trkpt lat="-33.45638000" lon="-70.54804333"><ele>667.500</ele><time>2026-09-13T14:27:59Z</time><speed>0.000</speed><sat>18</sat></trkpt>
  <trkpt lat="-33.45638000" lon="-70.54804333"><ele>667.500</ele><time>2026-09-13T14:28:00Z</time><speed>0.000</speed><sat>19</sat></trkpt>
  <trkpt lat="-33.45638000" lon="-70.54804333"><ele>667.500</ele><time>2026-09-13T14:28:01Z</time><speed>0.000</speed><sat>18</sat></trkpt>
  <trkpt lat="-33.45638000" lon="-70.54804333"><ele>667.500</ele><time>2026-09-13T14:28:02Z</time><speed>0.000</speed><sat>18</sat></trkpt>
  <trkpt lat="-33.45638000" lon="-70.54804333"><ele>667.500</ele><time>2026-09-13T14:28:03Z</time><speed>0.000</speed><sat>18</sat></trkpt>
  <trkpt lat="-33.45638000" lon="-70.54804333"><ele>667.500</ele><time>2026-09-13T14:28:04Z</time><speed>0.000</speed><sat>18</sat></trkpt>
  <trkpt lat="-33.45638000" lon="-70.54804333"><ele>667.500</ele><time>2026-09-13T14:28:05Z</time><speed>0.000</speed><sat>19</sat></trkpt>
  <trkpt lat="-33.45638000" lon="-70.54804333"><ele>667.500</ele><time>2026-09-13T14:28:06Z</time><speed>0.000</speed><sat>20</sat></trkpt>
  <trkpt lat="-33.45638000" lon="-70.54804333"><ele>667.500</ele><time>2026-09-13T14:28:07Z</time><speed>0.000</speed><sat>21</sat></trkpt>
  <trkpt lat="-33.45638000" lon="-70.54804333"><ele>667.500</ele><time>2026-09-13T14:28:08Z</time><speed>0.000</speed><sat>21</sat></trkpt>
  <trkpt lat="-33.45638000" lon="-70.54804333"><ele>667.500</ele><time>2026-09-13T14:28:09Z</time><speed>0.000</speed><sat>21</sat></trkpt>
  <trkpt lat="-33.45638000" lon="-70.54804333"><ele>667.500</ele><time>2026-09-13T14:28:10Z</time><speed>0.000</speed><sat>21</sat></trkpt>
  <trkpt lat="-33.45638000" lon="-70.54804333"><ele>667.500</ele><time>2026-09-13T14:28:11Z</time><speed>0.000</speed><sat>20</sat></trkpt>
  <trkpt lat="-33.45638000" lon="-70.54804333"><ele>667.500</ele><time>2026-09-13T14:28:12Z</time><speed>0.000</speed><sat>19</sat></trkpt>
  <trkpt lat="-33.45638000" lon="-70.54804333"><ele>667.500</ele><time>2026-09-13T14:28:13Z</time><speed>0.000</speed><sat>20</sat></trkpt>
  <trkpt lat="-33.45638000" lon="-70.54804333"><ele>667.500</ele><time>2026-09-13T14:28:14Z</time><speed>0.000</speed><sat>20</sat></trkpt>
  <trkpt lat="-33.45638000" lon="-70.54804333"><ele>667.500</ele><time>2026-09-13T14:28:15Z</time><speed>0.000</speed><sat>19</sat></trkpt>
  <trkpt lat="-33.45638000" lon="-70.54804333"><ele>667.500</ele><time>2026-09-13T14:28:16Z</time><speed>0.000</speed><sat>18</sat></trkpt>
  <trkpt lat="-33.45638000" lon="-70.54804333"><ele>667.500</ele><time>2026-09-13T14:28:17Z</time><speed>0.000</speed><sat>18</sat></trkpt>
  <trkpt lat="-33.45638000" lon="-70.54804333"><ele>667.500</ele><time>2026-09-13T14:28:18Z</time><speed>0.000</speed><sat>19</sat></trkpt>
  <trkpt lat="-33.45638000" lon="-70.54804333"><ele>667.500</ele><time>2026-09-13T14:28:19Z</time><speed>0.000</speed><sat>19</sat></trkpt>
  <trkpt lat="-33.45638000" lon="-70.54804333"><ele>667.500</ele><time>2026-09-13T14:28:20Z</time><speed>0.000</speed><sat>19</sat></trkpt>
  <trkpt lat="-33.45638000" lon="-70.54804333"><ele>667.500</ele><time>2026-09-13T14:28:21Z</time><speed>0.000</speed><sat>20</sat></trkpt>
  <trkpt lat="-33.45638000" lon="-70.54804333"><ele>667.500</ele><time>2026-09-13T14:28:22Z</time><speed>0.000</speed><sat>18</sat></trkpt>
  <trkpt lat="-33.45638000" lon="-70.54804333"><ele>667.500</ele><time>2026-09-13T14:28:23Z</time><speed>0.000</speed><sat>20</sat></trkpt>
  <trkpt lat="-33.45638000" lon="-70.54804333"><ele>667.500</ele><time>2026-09-13T14:28:24Z</time><speed>0.000</speed><sat>19</sat></trkpt>
  <trkpt lat="-33.45638000" lon="-70.54804333"><ele>667.500</ele><time>2026-09-13T14:28:25Z</time><speed>0.000</speed><sat>18</sat></trkpt>
  <trkpt lat="-33.45638000" lon="-70.54804333"><ele>667.500</ele><time>2026-09-13T14:28:26Z</time><speed>0.000</speed><sat>18</sat></trkpt>
  <trkpt lat="-33.45638000" lon="-70.54804333"><ele>667.500</ele><time>2026-09-13T14:28:27Z</time><speed>0.000</speed><sat>19</sat></trkpt>
  <trkpt lat="-33.45638000" lon="-70.54804333"><ele>667.500</ele><time>2026-09-13T14:28:28Z</time><speed>0.000</speed><sat>19</sat></trkpt>
  <trkpt lat="-33.45638000" lon="-70.54804333"><ele>667.500</ele><time>2026-09-13T14:28:29Z</time><speed>0.000</speed><sat>19</sat></trkpt>
  <trkpt lat="-33.45638000" lon="-70.54804333"><ele>667.500</ele><time>2026-09-13T14:28:30Z</time><speed>0.000</speed><sat>19</sat></trkpt>
  <trkpt lat="-33.45638000" lon="-70.54804333"><ele>667.500</ele><time>2026-09-13T14:28:31Z</time><speed>0.000</speed><sat>20</sat></trkpt>
  <trkpt lat="-33.45638000" lon="-70.54804333"><ele>667.500</ele><time>2026-09-13T14:28:32Z</time><speed>0.000</speed><sat>19</sat></trkpt>
  <trkpt lat="-33.45638000" lon="-70.54804333"><ele>667.500</ele><time>2026-09-13T14:28:33Z</time><speed>0.000</speed><sat>18</sat></trkpt>
  <trkpt lat="-33.45638000" lon="-70.54804333"><ele>667.500</ele><time>2026-09-13T14:28:34Z</time><speed>0.000</speed><sat>17</sat></trkpt>
  <trkpt lat="-33.45638000" lon="-70.54804333"><ele>667.500</ele><time>2026-09-13T14:28:35Z</time><speed>0.000</speed><sat>17</sat></trkpt>
  <trkpt lat="-33.45638000" lon="-70.54804333"><ele>667.500</ele><time>2026-09-13T14:28:36Z</time><speed>0.000</speed><sat>17</sat></trkpt>
  <trkpt lat="-33.45638000" lon="-70.54804333"><ele>667.500</ele><time>2026-09-13T14:28:37Z</time><speed>0.000</speed><sat>18</sat></trkpt>
  <trkpt lat="-33.45638000" lon="-70.54804333"><ele>667.500</ele><time>2026-09-13T14:28:38Z</time><speed>0.000</speed><sat>18</sat></trkpt>
  <trkpt lat="-33.45638000" lon="-70.54804333"><ele>667.500</ele><time>2026-09-13T14:28:39Z</time><speed>0.000</speed><sat>18</sat></trkpt>
  <trkpt lat="-33.45638000" lon="-70.54804333"><ele>667.500</ele><time>2026-09-13T14:28:40Z</time><speed>0.000</speed><sat>18</sat></trkpt>
  <trkpt lat="-33.45638000" lon="-70.54804333"><ele>667.500</ele><time>2026-09-13T14:28:41Z</time><speed>0.000</speed><sat>18</sat></trkpt>
  <trkpt lat="-33.45638000" lon="-70.54804333"><ele>667.500</ele><time>2026-09-13T14:28:42Z</time><speed>0.000</speed><sat>19</sat></trkpt>
  <trkpt lat="-33.45638000" lon="-70.54804333"><ele>667.500</ele><time>2026-09-13T14:28:43Z</time><speed>0.000</speed><sat>18</sat></trkpt>
  <trkpt lat="-33.45638000" lon="-70.54804333"><ele>667.500</ele><time>2026-09-13T14:28:44Z</time><speed>0.000</speed><sat>16</sat></trkpt>
  <trkpt lat="-33.45638000" lon="-70.54804333"><ele>667.500</ele><time>2026-09-13T14:28:45Z</time><speed>0.000</speed><sat>14</sat></trkpt>
  <trkpt lat="-33.45638000" lon="-70.54804333"><ele>667.500</ele><time>2026-09-13T14:28:46Z</time><speed>0.000</speed><sat>15</sat></trkpt>
  <trkpt lat="-33.45638000" lon="-70.54804333"><ele>667.500</ele><time>2026-09-13T14:28:47Z</time><speed>0.000</speed><sat>14</sat></trkpt>
  <trkpt lat="-33.45638000" lon="-70.54804333"><ele>667.500</ele><time>2026-09-13T14:28:48Z</time><speed>0.000</speed><sat>16</sat></trkpt>
  <trkpt lat="-33.45638000" lon="-70.54804333"><ele>667.500</ele><time>2026-09-13T14:28:49Z</time><speed>0.000</speed><sat>13</sat></trkpt>
  <trkpt lat="-33.45638000" lon="-70.54804333"><ele>667.500</ele><time>2026-09-13T14:28:50Z</time><speed>0.000</speed><sat>14</sat></trkpt>
  <trkpt lat="-33.45638000" lon="-70.54804333"><ele>667.500</ele><time>2026-09-13T14:28:51Z</time><speed>0.000</speed><sat>15</sat></trkpt>
  <trkpt lat="-33.45638000" lon="-70.54804333"><ele>667.500</ele><time>2026-09-13T14:28:52Z</time><speed>0.000</speed><sat>15</sat></trkpt>
  <trkpt lat="-33.45638000" lon="-70.54804333"><ele>667.500</ele><time>2026-09-13T14:28:53Z</time><speed>0.000</speed><sat>15</sat></trkpt>
  <trkpt lat="-33.45638000" lon="-70.54804333"><ele>667.500</ele><time>2026-09-13T14:28:54Z</time><speed>0.000</speed><sat>12</sat></trkpt>
  <trkpt lat="-33.45638000" lon="-70.54804333"><ele>667.500</ele><time>2026-09-13T14:28:55Z</time><speed>0.000</speed><sat>13</sat></trkpt>
  <trkpt lat="-33.45638000" lon="-70.54804333"><ele>667.500</ele><time>2026-09-13T14:28:56Z</time><speed>0.000</speed><sat>14</sat></trkpt>
  <trkpt lat="-33.45638000" lon="-70.54804333"><ele>667.500</ele><time>2026-09-13T14:28:57Z</time><speed>0.000</speed><sat>14</sat></trkpt>
  <trkpt lat="-33.45638000" lon="-70.54804333"><ele>667.500</ele><time>2026-09-13T14:28:58Z</time><speed>0.000</speed><sat>13</sat></trkpt>
  <trkpt lat="-33.45638000" lon="-70.54804333"><ele>667.500</ele><time>2026-09-13T14:28:59Z</time><speed>0.000</speed><sat>14</sat></trkpt>
  <trkpt lat="-33.45638000" lon="-70.54804333"><ele>667.500</ele><time>2026-09-13T14:29:00Z</time><speed>0.000</speed><sat>15</sat></trkpt>
  <trkpt lat="-33.45638000" lon="-70.54804333"><ele>667.500</ele><time>2026-09-13T14:29:01Z</time><speed>0.000</speed><sat>14</sat></trkpt>
  <trkpt lat="-33.45638000" lon="-70.54804333"><ele>667.500</ele><time>2026-09-13T14:29:02Z</time><speed>0.000</speed><sat>15</sat></trkpt>
  <trkpt lat="-33.45638000" lon="-70.54804333"><ele>667.500</ele><time>2026-09-13T14:29:03Z</time><speed>0.000</speed><sat>16</sat></trkpt>
  <trkpt lat="-33.45638000" lon="-70.54804333"><ele>667.500</ele><time>2026-09-13T14:29:04Z</time><speed>0.000</speed><sat>15</sat></trkpt>
  <trkpt lat="-33.45638000" lon="-70.54804333"><ele>667.500</ele><time>2026-09-13T14:29:05Z</time><speed>0.000</speed><sat>15</sat></trkpt>
  <trkpt lat="-33.45638000" lon="-70.54804333"><ele>667.500</ele><time>2026-09-13T14:29:06Z</time><speed>0.000</speed><sat>17</sat></trkpt>
  <trkpt lat="-33.45638000" lon="-70.54804333"><ele>667.500</ele><time>2026-09-13T14:29:07Z</time><speed>0.000</speed><sat>16</sat></trkpt>
  <trkpt lat="-33.45638000" lon="-70.54804333"><ele>667.500</ele><time>2026-09-13T14:29:08Z</time><speed>0.000</speed><sat>15</sat></trkpt>
  <trkpt lat="-33.45638000" lon="-70.54804333"><ele>667.500</ele><time>2026-09-13T14:29:09Z</time><speed>0.000</speed><sat>15</sat></trkpt>
  <trkpt lat="-33.45638000" lon="-70.54804333"><ele>667.500</ele><time>2026-09-13T14:29:10Z</time><speed>0.000</speed><sat>15</sat></trkpt>
  <trkpt lat="-33.45638000" lon="-70.54804333"><ele>667.500</ele><time>2026-09-13T14:29:11Z</time><speed>0.000</speed><sat>15</sat></trkpt>
  <trkpt lat="-33.45638000" lon="-70.54804333"><ele>667.500</ele><time>2026-09-13T14:29:12Z</time><speed>0.000</speed><sat>15</sat></trkpt>
  <trkpt lat="-33.45638000" lon="-70.54804333"><ele>667.500</ele><time>2026-09-13T14:29:13Z</time><speed>0.000</speed><sat>14</sat></trkpt>
  <trkpt lat="-33.45638000" lon="-70.54804333"><ele>667.500</ele><time>2026-09-13T14:29:14Z</time><speed>0.000</speed><sat>14</sat></trkpt>
  <trkpt lat="-33.45638000" lon="-70.54804333"><ele>667.500</ele><time>2026-09-13T14:29:15Z</time><speed>0.000</speed><sat>15</sat></trkpt>
  <trkpt lat="-33.45638000" lon="-70.54804333"><ele>667.500</ele><time>2026-09-13T14:29:16Z</time><speed>0.000</speed><sat>15</sat></trkpt>
  <trkpt lat="-33.45638000" lon="-70.54804333"><ele>667.500</ele><time>2026-09-13T14:29:17Z</time><speed>0.000</speed><sat>15</sat></trkpt>
  <trkpt lat="-33.45638000" lon="-70.54804333"><ele>667.500</ele><time>2026-09-13T14:29:18Z</time><speed>0.000</speed><sat>15</sat></trkpt>
  <trkpt lat="-33.45638000" lon="-70.54804333"><ele>667.500</ele><time>2026-09-13T14:29:19Z</time><speed>0.000</speed><sat>15</sat></trkpt>
  <trkpt lat="-33.45638000" lon="-70.54804333"><ele>667.500</ele><time>2026-09-13T14:29:20Z</time><speed>0.000</speed><sat>14</sat></trkpt>
  <trkpt lat="-33.45638000" lon="-70.54804333"><ele>667.500</ele><time>2026-09-13T14:29:21Z</time><speed>0.000</speed><sat>14</sat></trkpt>
  <trkpt lat="-33.45638000" lon="-70.54804333"><ele>667.500</ele><time>2026-09-13T14:29:22Z</time><speed>0.000</speed><sat>15</sat></trkpt>
  <trkpt lat="-33.45638000" lon="-70.54804333"><ele>667.500</ele><time>2026-09-13T14:29:23Z</time><speed>0.000</speed><sat>15</sat></trkpt>
  <trkpt lat="-33.45638000" lon="-70.54804333"><ele>667.500</ele><time>2026-09-13T14:29:24Z</time><speed>0.000</speed><sat>15</sat></trkpt>
  <trkpt lat="-33.45638000" lon="-70.54804333"><ele>667.500</ele><time>2026-09-13T14:29:25Z</time><speed>0.000</speed><sat>14</sat></trkpt>
  <trkpt lat="-33.45638000" lon="-70.54804333"><ele>667.500</ele><time>2026-09-13T14:29:26Z</time><speed>0.000</speed><sat>14</sat></trkpt>
  <trkpt lat="-33.45638000" lon="-70.54804333"><ele>667.500</ele><time>2026-09-13T14:29:27Z</time><speed>0.000</speed><sat>16</sat></trkpt>
  <trkpt lat="-33.45638000" lon="-70.54804333"><ele>667.500</ele><time>2026-09-13T14:29:28Z</time><speed>0.000</speed><sat>16</sat></trkpt>
  <trkpt lat="-33.45638000" lon="-70.54804333"><ele>667.500</ele><time>2026-09-13T14:29:29Z</time><speed>0.000</speed><sat>16</sat></trkpt>
  <trkpt lat="-33.45638000" lon="-70.54804333"><ele>667.500</ele><time>2026-09-13T14:29:30Z</time><speed>0.000</speed><sat>15</sat></trkpt>
  <trkpt lat="-33.45638000" lon="-70.54804333"><ele>667.500</ele><time>2026-09-13T14:29:31Z</time><speed>0.000</speed><sat>15</sat></trkpt>
  <trkpt lat="-33.45638000" lon="-70.54804333"><ele>667.500</ele><time>2026-09-13T14:29:32Z</time><speed>0.000</speed><sat>16</sat></trkpt>
  <trkpt lat="-33.45638000" lon="-70.54804333"><ele>667.500</ele><time>2026-09-13T14:29:33Z</time><speed>0.000</speed><sat>16</sat></trkpt>
  <trkpt lat="-33.45638000" lon="-70.54804333"><ele>667.500</ele><time>2026-09-13T14:29:34Z</time><speed>0.000</speed><sat>16</sat></trkpt>
  <trkpt lat="-33.45638000" lon="-70.54804333"><ele>667.500</ele><time>2026-09-13T14:29:35Z</time><speed>0.000</speed><sat>16</sat></trkpt>
  <trkpt lat="-33.45638000" lon="-70.54804333"><ele>667.500</ele><time>2026-09-13T14:29:36Z</time><speed>0.000</speed><sat>16</sat></trkpt>
  <trkpt lat="-33.45638000" lon="-70.54804333"><ele>667.500</ele><time>2026-09-13T14:29:37Z</time><speed>0.000</speed><sat>16</sat></trkpt>
  <trkpt lat="-33.45638000" lon="-70.54804333"><ele>667.500</ele><time>2026-09-13T14:29:38Z</time><speed>0.000</speed><sat>16</sat></trkpt>
  <trkpt lat="-33.45638000" lon="-70.54804333"><ele>667.500</ele><time>2026-09-13T14:29:39Z</time><speed>0.000</speed><sat>13</sat></trkpt>
  <trkpt lat="-33.45638000" lon="-70.54804333"><ele>667.500</ele><time>2026-09-13T14:29:40Z</time><speed>0.000</speed><sat>13</sat></trkpt>
  <trkpt lat="-33.45638000" lon="-70.54804333"><ele>667.500</ele><time>2026-09-13T14:29:41Z</time><speed>0.000</speed><sat>13</sat></trkpt>
  <trkpt lat="-33.45638000" lon="-70.54804333"><ele>667.500</ele><time>2026-09-13T14:29:42Z</time><speed>0.000</speed><sat>13</sat></trkpt>
  <trkpt lat="-33.45638000" lon="-70.54804333"><ele>667.500</ele><time>2026-09-13T14:29:43Z</time><speed>0.000</speed><sat>14</sat></trkpt>
  <trkpt lat="-33.45638000" lon="-70.54804333"><ele>667.500</ele><time>2026-09-13T14:29:44Z</time><speed>0.000</speed><sat>13</sat></trkpt>
  <trkpt lat="-33.45638000" lon="-70.54804333"><ele>667.500</ele><time>2026-09-13T14:29:45Z</time><speed>0.000</speed><sat>13</sat></trkpt>
  <trkpt lat="-33.45638000" lon="-70.54804333"><ele>667.500</ele><time>2026-09-13T14:29:46Z</time><speed>0.000</speed><sat>13</sat></trkpt>
  <trkpt lat="-33.45638000" lon="-70.54804333"><ele>667.500</ele><time>2026-09-13T14:29:47Z</time><speed>0.000</speed><sat>14</sat></trkpt>
  <trkpt lat="-33.45638000" lon="-70.54804333"><ele>667.500</ele><time>2026-09-13T14:29:48Z</time><speed>0.000</speed><sat>15</sat></trkpt>
  <trkpt lat="-33.45638000" lon="-70.54804333"><ele>667.500</ele><time>2026-09-13T14:29:49Z</time><speed>0.000</speed><sat>14</sat></trkpt>
  <trkpt lat="-33.45638000" lon="-70.54804333"><ele>667.500</ele><time>2026-09-13T14:29:50Z</time><speed>0.000</speed><sat>15</sat></trkpt>
  <trkpt lat="-33.45638000" lon="-70.54804333"><ele>667.500</ele><time>2026-09-13T14:29:51Z</time><speed>0.000</speed><sat>15</sat></trkpt>
  <trkpt lat="-33.45638000" lon="-70.54804333"><ele>667.500</ele><time>2026-09-13T14:29:52Z</time><speed>0.000</speed><sat>15</sat></trkpt>
  <trkpt lat="-33.45638000" lon="-70.54804333"><ele>667.500</ele><time>2026-09-13T14:29:53Z</time><speed>0.000</speed><sat>16</sat></trkpt>
  <trkpt lat="-33.45638000" lon="-70.54804333"><ele>667.500</ele><time>2026-09-13T14:29:54Z</time><speed>0.000</speed><sat>15</sat></trkpt>
  <trkpt lat="-33.45638000" lon="-70.54804333"><ele>667.500</ele><time>2026-09-13T14:29:55Z</time><speed>0.000</speed><sat>15</sat></trkpt>
  <trkpt lat="-33.45638000" lon="-70.54804333"><ele>667.500</ele><time>2026-09-13T14:29:56Z</time><speed>0.000</speed><sat>15</sat></trkpt>
  <trkpt lat="-33.45638000" lon="-70.54804333"><ele>667.500</ele><time>2026-09-13T14:29:57Z</time><speed>0.000</speed><sat>15</sat></trkpt>
  <trkpt lat="-33.45638000" lon="-70.54804333"><ele>667.500</ele><time>2026-09-13T14:29:58Z</time><speed>0.000</speed><sat>16</sat></trkpt>
  <trkpt lat="-33.45638000" lon="-70.54804333"><ele>667.500</ele><time>2026-09-13T14:29:59Z</time><speed>0.000</speed><sat>14</sat></trkpt>
  <trkpt lat="-33.45638000" lon="-70.54804333"><ele>667.500</ele><time>2026-09-13T14:30:00Z</time><speed>0.000</speed><sat>14</sat></trkpt>
  <trkpt lat="-33.45638000" lon="-70.54804333"><ele>667.500</ele><time>2026-09-13T14:30:01Z</time><speed>0.000</speed><sat>13</sat></trkpt>
  <trkpt lat="-33.45638000" lon="-70.54804333"><ele>667.500</ele><time>2026-09-13T14:30:02Z</time><speed>0.000</speed><sat>12</sat></trkpt>
  <trkpt lat="-33.45638000" lon="-70.54804333"><ele>667.500</ele><time>2026-09-13T14:30:03Z</time><speed>0.000</speed><sat>13</sat></trkpt>
  <trkpt lat="-33.45638000" lon="-70.54804333"><ele>667.500</ele><time>2026-09-13T14:30:04Z</time><speed>0.000</speed><sat>11</sat></trkpt>
  <trkpt lat="-33.45638000" lon="-70.54804333"><ele>667.500</ele><time>2026-09-13T14:30:05Z</time><speed>0.000</speed><sat>12</sat></trkpt>
  <trkpt lat="-33.45638000" lon="-70.54804333"><ele>667.500</ele><time>2026-09-13T14:30:06Z</time><speed>0.000</speed><sat>12</sat></trkpt>
  <trkpt lat="-33.45638000" lon="-70.54804333"><ele>667.500</ele><time>2026-09-13T14:30:07Z</time><speed>0.000</speed><sat>12</sat></trkpt>
  <trkpt lat="-33.45638000" lon="-70.54804333"><ele>667.500</ele><time>2026-09-13T14:30:08Z</time><speed>0.000</speed><sat>12</sat></trkpt>
  <trkpt lat="-33.45638000" lon="-70.54804333"><ele>667.500</ele><time>2026-09-13T14:30:09Z</time><speed>0.000</speed><sat>11</sat></trkpt>
  <trkpt lat="-33.45638000" lon="-70.54804333"><ele>667.500</ele><time>2026-09-13T14:30:10Z</time><speed>0.000</speed><sat>11</sat></trkpt>
  <trkpt lat="-33.45638000" lon="-70.54804333"><ele>667.500</ele><time>2026-09-13T14:30:11Z</time><speed>0.000</speed><sat>11</sat></trkpt>
  <trkpt lat="-33.45636000" lon="-70.54796000"><ele>667.200</ele><time>2026-09-13T14:30:12Z</time><speed>0.000</speed><sat>12</sat></trkpt>
  <trkpt lat="-33.45636000" lon="-70.54795667"><ele>667.200</ele><time>2026-09-13T14:30:13Z</time><speed>0.000</speed><sat>11</sat></trkpt>
  <trkpt lat="-33.45635833" lon="-70.54795500"><ele>667.200</ele><time>2026-09-13T14:30:14Z</time><speed>0.000</speed><sat>12</sat></trkpt>
  <trkpt lat="-33.45635667" lon="-70.54795500"><ele>667.200</ele><time>2026-09-13T14:30:15Z</time><speed>0.000</speed><sat>12</sat></trkpt>
  <trkpt lat="-33.45635500" lon="-70.54795667"><ele>667.200</ele><time>2026-09-13T14:30:16Z</time><speed>0.000</speed><sat>13</sat></trkpt>
  <trkpt lat="-33.45635500" lon="-70.54795667"><ele>667.200</ele><time>2026-09-13T14:30:17Z</time><speed>0.000</speed><sat>13</sat></trkpt>
  <trkpt lat="-33.45635500" lon="-70.54795667"><ele>667.200</ele><time>2026-09-13T14:30:18Z</time><speed>0.000</speed><sat>13</sat></trkpt>
  <trkpt lat="-33.45635500" lon="-70.54795667"><ele>667.200</ele><time>2026-09-13T14:30:19Z</time><speed>0.000</speed><sat>14</sat></trkpt>
  <trkpt lat="-33.45635500" lon="-70.54795667"><ele>667.200</ele><time>2026-09-13T14:30:20Z</time><speed>0.000</speed><sat>14</sat></trkpt>
  <trkpt lat="-33.45635500" lon="-70.54795667"><ele>667.200</ele><time>2026-09-13T14:30:21Z</time><speed>0.000</speed><sat>13</sat></trkpt>
  <trkpt lat="-33.45635500" lon="-70.54795667"><ele>667.200</ele><time>2026-09-13T14:30:22Z</time><speed>0.000</speed><sat>14</sat></trkpt>
  <trkpt lat="-33.45635500" lon="-70.54795667"><ele>667.200</ele><time>2026-09-13T14:30:23Z</time><speed>0.000</speed><sat>14</sat></trkpt>
  <trkpt lat="-33.45635500" lon="-70.54795667"><ele>667.200</ele><time>2026-09-13T14:30:24Z</time><speed>0.000</speed><sat>14</sat></trkpt>
  <trkpt lat="-33.45635500" lon="-70.54795667"><ele>667.200</ele><time>2026-09-13T14:30:25Z</time><speed>0.000</speed><sat>14</sat></trkpt>
  <trkpt lat="-33.45635500" lon="-70.54795667"><ele>667.200</ele><time>2026-09-13T14:30:26Z</time><speed>0.000</speed><sat>14</sat></trkpt>
  <trkpt lat="-33.45635500" lon="-70.54795667"><ele>667.200</ele><time>2026-09-13T14:30:27Z</time><speed>0.000</speed><sat>14</sat></trkpt>
  <trkpt lat="-33.45635500" lon="-70.54795667"><ele>667.200</ele><time>2026-09-13T14:30:28Z</time><speed>0.000</speed><sat>14</sat></trkpt>
  <trkpt lat="-33.45635500" lon="-70.54795667"><ele>667.200</ele><time>2026-09-13T14:30:29Z</time><speed>0.000</speed><sat>15</sat></trkpt>
  <trkpt lat="-33.45635500" lon="-70.54795667"><ele>667.200</ele><time>2026-09-13T14:30:30Z</time><speed>0.000</speed><sat>15</sat></trkpt>
  <trkpt lat="-33.45635500" lon="-70.54795667"><ele>667.200</ele><time>2026-09-13T14:30:31Z</time><speed>0.000</speed><sat>14</sat></trkpt>
  <trkpt lat="-33.45635500" lon="-70.54795667"><ele>667.200</ele><time>2026-09-13T14:30:32Z</time><speed>0.000</speed><sat>14</sat></trkpt>
  <trkpt lat="-33.45635500" lon="-70.54795667"><ele>667.200</ele><time>2026-09-13T14:30:33Z</time><speed>0.000</speed><sat>14</sat></trkpt>
  <trkpt lat="-33.45635500" lon="-70.54795667"><ele>667.200</ele><time>2026-09-13T14:30:34Z</time><speed>0.000</speed><sat>13</sat></trkpt>
  <trkpt lat="-33.45635500" lon="-70.54795667"><ele>667.200</ele><time>2026-09-13T14:30:35Z</time><speed>0.000</speed><sat>13</sat></trkpt>
  <trkpt lat="-33.45635500" lon="-70.54795667"><ele>667.200</ele><time>2026-09-13T14:30:36Z</time><speed>0.000</speed><sat>14</sat></trkpt>
  <trkpt lat="-33.45635500" lon="-70.54795667"><ele>667.200</ele><time>2026-09-13T14:30:37Z</time><speed>0.000</speed><sat>14</sat></trkpt>
  <trkpt lat="-33.45635500" lon="-70.54795667"><ele>667.200</ele><time>2026-09-13T14:30:38Z</time><speed>0.000</speed><sat>13</sat></trkpt>
  <trkpt lat="-33.45635500" lon="-70.54795667"><ele>667.200</ele><time>2026-09-13T14:30:39Z</time><speed>0.000</speed><sat>13</sat></trkpt>
  <trkpt lat="-33.45635500" lon="-70.54795667"><ele>667.200</ele><time>2026-09-13T14:30:40Z</time><speed>0.000</speed><sat>13</sat></trkpt>
  <trkpt lat="-33.45635500" lon="-70.54795667"><ele>667.200</ele><time>2026-09-13T14:30:41Z</time><speed>0.000</speed><sat>14</sat></trkpt>
  <trkpt lat="-33.45635500" lon="-70.54795667"><ele>667.200</ele><time>2026-09-13T14:30:42Z</time><speed>0.000</speed><sat>14</sat></trkpt>
  <trkpt lat="-33.45635500" lon="-70.54795667"><ele>667.200</ele><time>2026-09-13T14:30:43Z</time><speed>0.000</speed><sat>14</sat></trkpt>
  <trkpt lat="-33.45635500" lon="-70.54795667"><ele>667.200</ele><time>2026-09-13T14:30:44Z</time><speed>0.000</speed><sat>14</sat></trkpt>
  <trkpt lat="-33.45635500" lon="-70.54795667"><ele>667.200</ele><time>2026-09-13T14:30:45Z</time><speed>0.000</speed><sat>14</sat></trkpt>
  <trkpt lat="-33.45635500" lon="-70.54795667"><ele>667.200</ele><time>2026-09-13T14:30:46Z</time><speed>0.000</speed><sat>14</sat></trkpt>
  <trkpt lat="-33.45635500" lon="-70.54795667"><ele>667.200</ele><time>2026-09-13T14:30:47Z</time><speed>0.000</speed><sat>14</sat></trkpt>
  <trkpt lat="-33.45635500" lon="-70.54795667"><ele>667.200</ele><time>2026-09-13T14:30:48Z</time><speed>0.000</speed><sat>16</sat></trkpt>
  <trkpt lat="-33.45635500" lon="-70.54795667"><ele>667.200</ele><time>2026-09-13T14:30:49Z</time><speed>0.000</speed><sat>17</sat></trkpt>
  <trkpt lat="-33.45635500" lon="-70.54795667"><ele>667.200</ele><time>2026-09-13T14:30:50Z</time><speed>0.000</speed><sat>17</sat></trkpt>
  <trkpt lat="-33.45635500" lon="-70.54795667"><ele>667.200</ele><time>2026-09-13T14:30:51Z</time><speed>0.000</speed><sat>17</sat></trkpt>
  <trkpt lat="-33.45635500" lon="-70.54795667"><ele>667.200</ele><time>2026-09-13T14:30:52Z</time><speed>0.000</speed><sat>17</sat></trkpt>
  <trkpt lat="-33.45635500" lon="-70.54795667"><ele>667.200</ele><time>2026-09-13T14:30:53Z</time><speed>0.000</speed><sat>17</sat></trkpt>
  <trkpt lat="-33.45636333" lon="-70.54799000"><ele>666.400</ele><time>2026-09-13T14:30:54Z</time><speed>0.000</speed><sat>17</sat></trkpt>
  <trkpt lat="-33.45636833" lon="-70.54797500"><ele>666.300</ele><time>2026-09-13T14:30:55Z</time><speed>0.429</speed><sat>17</sat></trkpt>
  <trkpt lat="-33.45637167" lon="-70.54795667"><ele>666.300</ele><time>2026-09-13T14:30:56Z</time><speed>0.564</speed><sat>17</sat></trkpt>
  <trkpt lat="-33.45637500" lon="-70.54794167"><ele>666.200</ele><time>2026-09-13T14:30:57Z</time><speed>0.676</speed><sat>17</sat></trkpt>
  <trkpt lat="-33.45638000" lon="-70.54793333"><ele>666.100</ele><time>2026-09-13T14:30:58Z</time><speed>0.693</speed><sat>17</sat></trkpt>
  <trkpt lat="-33.45638500" lon="-70.54792500"><ele>666.200</ele><time>2026-09-13T14:30:59Z</time><speed>0.705</speed><sat>16</sat></trkpt>
  <trkpt lat="-33.45639167" lon="-70.54791833"><ele>666.100</ele><time>2026-09-13T14:31:00Z</time><speed>0.715</speed><sat>16</sat></trkpt>
  <trkpt lat="-33.45639500" lon="-70.54791333"><ele>666.100</ele><time>2026-09-13T14:31:01Z</time><speed>0.739</speed><sat>17</sat></trkpt>
  <trkpt lat="-33.45639833" lon="-70.54790833"><ele>666.000</ele><time>2026-09-13T14:31:02Z</time><speed>0.770</speed><sat>18</sat></trkpt>
  <trkpt lat="-33.45640167" lon="-70.54789500"><ele>666.000</ele><time>2026-09-13T14:31:03Z</time><speed>0.827</speed><sat>19</sat></trkpt>
  <trkpt lat="-33.45640333" lon="-70.54788000"><ele>666.100</ele><time>2026-09-13T14:31:04Z</time><speed>0.868</speed><sat>18</sat></trkpt>
  <trkpt lat="-33.45640500" lon="-70.54786167"><ele>666.100</ele><time>2026-09-13T14:31:05Z</time><speed>0.908</speed><sat>18</sat></trkpt>
  <trkpt lat="-33.45640500" lon="-70.54784000"><ele>666.100</ele><time>2026-09-13T14:31:06Z</time><speed>0.935</speed><sat>21</sat></trkpt>
  <trkpt lat="-33.45641000" lon="-70.54782667"><ele>665.800</ele><time>2026-09-13T14:31:07Z</time><speed>0.000</speed><sat>20</sat></trkpt>
  <trkpt lat="-33.45640667" lon="-70.54782333"><ele>665.400</ele><time>2026-09-13T14:31:08Z</time><speed>1.069</speed><sat>20</sat></trkpt>
  <trkpt lat="-33.45640333" lon="-70.54781167"><ele>665.400</ele><time>2026-09-13T14:31:09Z</time><speed>1.185</speed><sat>20</sat></trkpt>
  <trkpt lat="-33.45640167" lon="-70.54779833"><ele>665.300</ele><time>2026-09-13T14:31:10Z</time><speed>1.280</speed><sat>20</sat></trkpt>
  <trkpt lat="-33.45640000" lon="-70.54779167"><ele>665.000</ele><time>2026-09-13T14:31:11Z</time><speed>0.000</speed><sat>20</sat></trkpt>
  <trkpt lat="-33.45639333" lon="-70.54778167"><ele>665.000</ele><time>2026-09-13T14:31:12Z</time><speed>1.453</speed><sat>18</sat></trkpt>
  <trkpt lat="-33.45638667" lon="-70.54777167"><ele>665.100</ele><time>2026-09-13T14:31:13Z</time><speed>0.000</speed><sat>21</sat></trkpt>
  <trkpt lat="-33.45637667" lon="-70.54775833"><ele>665.100</ele><time>2026-09-13T14:31:14Z</time><speed>1.456</speed><sat>22</sat></trkpt>
  <trkpt lat="-33.45636667" lon="-70.54774500"><ele>665.200</ele><time>2026-09-13T14:31:15Z</time><speed>1.430</speed><sat>21</sat></trkpt>
  <trkpt lat="-33.45635000" lon="-70.54773000"><ele>665.000</ele><time>2026-09-13T14:31:16Z</time><speed>1.404</speed><sat>23</sat></trkpt>
  <trkpt lat="-33.45633833" lon="-70.54771833"><ele>665.000</ele><time>2026-09-13T14:31:17Z</time><speed>1.413</speed><sat>23</sat></trkpt>
  <trkpt lat="-33.45632667" lon="-70.54770833"><ele>665.000</ele><time>2026-09-13T14:31:18Z</time><speed>1.429</speed><sat>22</sat></trkpt>
  <trkpt lat="-33.45631167" lon="-70.54769667"><ele>665.100</ele><time>2026-09-13T14:31:19Z</time><speed>1.473</speed><sat>20</sat></trkpt>
  <trkpt lat="-33.45629333" lon="-70.54768833"><ele>665.100</ele><time>2026-09-13T14:31:20Z</time><speed>1.547</speed><sat>20</sat></trkpt>
  <trkpt lat="-33.45627500" lon="-70.54767833"><ele>665.100</ele><time>2026-09-13T14:31:21Z</time><speed>1.605</speed><sat>21</sat></trkpt>
  <trkpt lat="-33.45625833" lon="-70.54767167"><ele>665.100</ele><time>2026-09-13T14:31:22Z</time><speed>1.642</speed><sat>21</sat></trkpt>
  <trkpt lat="-33.45624000" lon="-70.54766500"><ele>665.100</ele><time>2026-09-13T14:31:23Z</time><speed>1.717</speed><sat>21</sat></trkpt>
  <trkpt lat="-33.45622167" lon="-70.54765833"><ele>665.100</ele><time>2026-09-13T14:31:24Z</time><speed>1.781</speed><sat>20</sat></trkpt>
  <trkpt lat="-33.45620167" lon="-70.54764500"><ele>664.900</ele><time>2026-09-13T14:31:25Z</time><speed>1.835</speed><sat>19</sat></trkpt>
  <trkpt lat="-33.45618667" lon="-70.54764000"><ele>664.900</ele><time>2026-09-13T14:31:26Z</time><speed>1.852</speed><sat>18</sat></trkpt>
  <trkpt lat="-33.45617500" lon="-70.54763333"><ele>664.800</ele><time>2026-09-13T14:31:27Z</time><speed>1.853</speed><sat>18</sat></trkpt>
  <trkpt lat="-33.45616333" lon="-70.54763667"><ele>664.500</ele><time>2026-09-13T14:31:28Z</time><speed>1.835</speed><sat>18</sat></trkpt>
  <trkpt lat="-33.45615833" lon="-70.54764333"><ele>664.500</ele><time>2026-09-13T14:31:29Z</time><speed>1.724</speed><sat>18</sat></trkpt>
  <trkpt lat="-33.45615167" lon="-70.54764333"><ele>664.500</ele><time>2026-09-13T14:31:30Z</time><speed>1.625</speed><sat>19</sat></trkpt>
  <trkpt lat="-33.45614500" lon="-70.54764167"><ele>664.600</ele><time>2026-09-13T14:31:31Z</time><speed>1.551</speed><sat>17</sat></trkpt>
  <trkpt lat="-33.45613667" lon="-70.54764167"><ele>664.700</ele><time>2026-09-13T14:31:32Z</time><speed>1.511</speed><sat>16</sat></trkpt>
  <trkpt lat="-33.45612667" lon="-70.54764000"><ele>664.700</ele><time>2026-09-13T14:31:33Z</time><speed>1.475</speed><sat>15</sat></trkpt>
  <trkpt lat="-33.45610833" lon="-70.54763833"><ele>664.800</ele><time>2026-09-13T14:31:34Z</time><speed>1.474</speed><sat>13</sat></trkpt>
  <trkpt lat="-33.45609167" lon="-70.54763333"><ele>664.800</ele><time>2026-09-13T14:31:35Z</time><speed>1.485</speed><sat>13</sat></trkpt>
  <trkpt lat="-33.45608000" lon="-70.54762667"><ele>664.800</ele><time>2026-09-13T14:31:36Z</time><speed>1.484</speed><sat>14</sat></trkpt>
  <trkpt lat="-33.45606167" lon="-70.54762000"><ele>664.800</ele><time>2026-09-13T14:31:37Z</time><speed>1.514</speed><sat>12</sat></trkpt>
  <trkpt lat="-33.45603333" lon="-70.54760833"><ele>664.800</ele><time>2026-09-13T14:31:38Z</time><speed>1.613</speed><sat>12</sat></trkpt>
  <trkpt lat="-33.45600500" lon="-70.54759500"><ele>664.800</ele><time>2026-09-13T14:31:39Z</time><speed>1.817</speed><sat>11</sat></trkpt>
  <trkpt lat="-33.45597667" lon="-70.54758500"><ele>664.800</ele><time>2026-09-13T14:31:40Z</time><speed>2.020</speed><sat>11</sat></trkpt>
  <trkpt lat="-33.45594833" lon="-70.54757333"><ele>664.800</ele><time>2026-09-13T14:31:41Z</time><speed>2.208</speed><sat>11</sat></trkpt>
  <trkpt lat="-33.45591667" lon="-70.54756333"><ele>664.800</ele><time>2026-09-13T14:31:42Z</time><speed>2.407</speed><sat>13</sat></trkpt>
  <trkpt lat="-33.45588500" lon="-70.54755167"><ele>665.000</ele><time>2026-09-13T14:31:43Z</time><speed>2.598</speed><sat>13</sat></trkpt>
  <trkpt lat="-33.45585333" lon="-70.54753833"><ele>665.100</ele><time>2026-09-13T14:31:44Z</time><speed>2.763</speed><sat>13</sat></trkpt>
  <trkpt lat="-33.45582500" lon="-70.54752333"><ele>665.300</ele><time>2026-09-13T14:31:45Z</time><speed>2.906</speed><sat>12</sat></trkpt>
  <trkpt lat="-33.45579167" lon="-70.54751667"><ele>665.200</ele><time>2026-09-13T14:31:46Z</time><speed>3.084</speed><sat>12</sat></trkpt>
  <trkpt lat="-33.45575667" lon="-70.54750667"><ele>665.100</ele><time>2026-09-13T14:31:47Z</time><speed>3.248</speed><sat>13</sat></trkpt>
  <trkpt lat="-33.45572333" lon="-70.54749667"><ele>665.100</ele><time>2026-09-13T14:31:48Z</time><speed>3.325</speed><sat>13</sat></trkpt>
  <trkpt lat="-33.45569333" lon="-70.54748833"><ele>665.100</ele><time>2026-09-13T14:31:49Z</time><speed>3.386</speed><sat>12</sat></trkpt>
  <trkpt lat="-33.45566000" lon="-70.54747667"><ele>665.200</ele><time>2026-09-13T14:31:50Z</time><speed>3.453</speed><sat>14</sat></trkpt>
  <trkpt lat="-33.45562833" lon="-70.54746667"><ele>665.300</ele><time>2026-09-13T14:31:51Z</time><speed>3.502</speed><sat>12</sat></trkpt>
  <trkpt lat="-33.45560000" lon="-70.54745167"><ele>665.300</ele><time>2026-09-13T14:31:52Z</time><speed>3.534</speed><sat>12</sat></trkpt>
  <trkpt lat="-33.45556667" lon="-70.54743500"><ele>665.300</ele><time>2026-09-13T14:31:53Z</time><speed>3.555</speed><sat>12</sat></trkpt>
  <trkpt lat="-33.45553500" lon="-70.54742000"><ele>665.300</ele><time>2026-09-13T14:31:54Z</time><speed>3.573</speed><sat>12</sat></trkpt>
  <trkpt lat="-33.45550500" lon="-70.54740667"><ele>665.300</ele><time>2026-09-13T14:31:55Z</time><speed>3.579</speed><sat>12</sat></trkpt>
  <trkpt lat="-33.45547000" lon="-70.54739667"><ele>665.300</ele><time>2026-09-13T14:31:56Z</time><speed>3.609</speed><sat>13</sat></trkpt>
  <trkpt lat="-33.45543500" lon="-70.54738500"><ele>665.300</ele><time>2026-09-13T14:31:57Z</time><speed>3.637</speed><sat>13</sat></trkpt>
  <trkpt lat="-33.45539833" lon="-70.54737500"><ele>665.200</ele><time>2026-09-13T14:31:58Z</time><speed>3.691</speed><sat>13</sat></trkpt>
  <trkpt lat="-33.45536500" lon="-70.54736500"><ele>665.100</ele><time>2026-09-13T14:31:59Z</time><speed>3.716</speed><sat>13</sat></trkpt>
  <trkpt lat="-33.45533167" lon="-70.54735333"><ele>665.200</ele><time>2026-09-13T14:32:00Z</time><speed>3.729</speed><sat>13</sat></trkpt>
  <trkpt lat="-33.45530000" lon="-70.54734667"><ele>665.100</ele><time>2026-09-13T14:32:01Z</time><speed>3.746</speed><sat>12</sat></trkpt>
  <trkpt lat="-33.45526667" lon="-70.54734167"><ele>665.000</ele><time>2026-09-13T14:32:02Z</time><speed>3.748</speed><sat>14</sat></trkpt>
  <trkpt lat="-33.45523667" lon="-70.54733667"><ele>664.800</ele><time>2026-09-13T14:32:03Z</time><speed>3.697</speed><sat>15</sat></trkpt>
  <trkpt lat="-33.45520833" lon="-70.54732833"><ele>664.700</ele><time>2026-09-13T14:32:04Z</time><speed>3.651</speed><sat>13</sat></trkpt>
  <trkpt lat="-33.45517667" lon="-70.54731667"><ele>664.700</ele><time>2026-09-13T14:32:05Z</time><speed>3.645</speed><sat>12</sat></trkpt>
  <trkpt lat="-33.45513833" lon="-70.54731000"><ele>664.400</ele><time>2026-09-13T14:32:06Z</time><speed>3.624</speed><sat>15</sat></trkpt>
  <trkpt lat="-33.45510500" lon="-70.54729833"><ele>664.300</ele><time>2026-09-13T14:32:07Z</time><speed>3.587</speed><sat>15</sat></trkpt>
  <trkpt lat="-33.45507333" lon="-70.54728833"><ele>664.200</ele><time>2026-09-13T14:32:08Z</time><speed>3.553</speed><sat>15</sat></trkpt>
  <trkpt lat="-33.45504167" lon="-70.54727833"><ele>664.100</ele><time>2026-09-13T14:32:09Z</time><speed>3.541</speed><sat>15</sat></trkpt>
  <trkpt lat="-33.45500667" lon="-70.54726833"><ele>664.000</ele><time>2026-09-13T14:32:10Z</time><speed>3.534</speed><sat>13</sat></trkpt>
  <trkpt lat="-33.45497833" lon="-70.54726167"><ele>664.000</ele><time>2026-09-13T14:32:11Z</time><speed>3.510</speed><sat>13</sat></trkpt>
  <trkpt lat="-33.45495667" lon="-70.54725667"><ele>663.900</ele><time>2026-09-13T14:32:12Z</time><speed>3.463</speed><sat>13</sat></trkpt>
  <trkpt lat="-33.45493333" lon="-70.54725167"><ele>663.800</ele><time>2026-09-13T14:32:13Z</time><speed>3.463</speed><sat>13</sat></trkpt>
  <trkpt lat="-33.45490333" lon="-70.54725000"><ele>663.800</ele><time>2026-09-13T14:32:14Z</time><speed>3.470</speed><sat>12</sat></trkpt>
  <trkpt lat="-33.45487500" lon="-70.54724500"><ele>663.700</ele><time>2026-09-13T14:32:15Z</time><speed>3.475</speed><sat>12</sat></trkpt>
  <trkpt lat="-33.45484000" lon="-70.54724667"><ele>663.900</ele><time>2026-09-13T14:32:16Z</time><speed>3.489</speed><sat>12</sat></trkpt>
  <trkpt lat="-33.45480833" lon="-70.54725000"><ele>663.900</ele><time>2026-09-13T14:32:17Z</time><speed>3.485</speed><sat>12</sat></trkpt>
  <trkpt lat="-33.45477833" lon="-70.54725333"><ele>663.800</ele><time>2026-09-13T14:32:18Z</time><speed>3.460</speed><sat>13</sat></trkpt>
  <trkpt lat="-33.45474667" lon="-70.54725500"><ele>663.900</ele><time>2026-09-13T14:32:19Z</time><speed>3.427</speed><sat>12</sat></trkpt>
  <trkpt lat="-33.45471333" lon="-70.54725500"><ele>664.000</ele><time>2026-09-13T14:32:20Z</time><speed>3.385</speed><sat>11</sat></trkpt>
  <trkpt lat="-33.45468000" lon="-70.54725333"><ele>664.000</ele><time>2026-09-13T14:32:21Z</time><speed>3.395</speed><sat>11</sat></trkpt>
  <trkpt lat="-33.45465333" lon="-70.54725167"><ele>664.100</ele><time>2026-09-13T14:32:22Z</time><speed>3.419</speed><sat>11</sat></trkpt>
  <trkpt lat="-33.45464000" lon="-70.54724000"><ele>664.400</ele><time>2026-09-13T14:32:23Z</time><speed>3.385</speed><sat>11</sat></trkpt>
  <trkpt lat="-33.45462167" lon="-70.54722833"><ele>664.500</ele><time>2026-09-13T14:32:24Z</time><speed>3.294</speed><sat>10</sat></trkpt>
  <trkpt lat="-33.45459500" lon="-70.54721667"><ele>664.800</ele><time>2026-09-13T14:32:25Z</time><speed>3.203</speed><sat>9</sat></trkpt>
  <trkpt lat="-33.45456167" lon="-70.54720333"><ele>665.100</ele><time>2026-09-13T14:32:26Z</time><speed>3.140</speed><sat>9</sat></trkpt>
  <trkpt lat="-33.45453333" lon="-70.54719833"><ele>665.400</ele><time>2026-09-13T14:32:27Z</time><speed>3.126</speed><sat>10</sat></trkpt>
  <trkpt lat="-33.45450000" lon="-70.54719000"><ele>665.700</ele><time>2026-09-13T14:32:28Z</time><speed>3.156</speed><sat>9</sat></trkpt>
  <trkpt lat="-33.45447000" lon="-70.54718500"><ele>665.800</ele><time>2026-09-13T14:32:29Z</time><speed>3.166</speed><sat>9</sat></trkpt>
  <trkpt lat="-33.45444500" lon="-70.54717333"><ele>665.900</ele><time>2026-09-13T14:32:30Z</time><speed>3.170</speed><sat>9</sat></trkpt>
  <trkpt lat="-33.45442500" lon="-70.54716167"><ele>666.000</ele><time>2026-09-13T14:32:31Z</time><speed>3.119</speed><sat>9</sat></trkpt>
  <trkpt lat="-33.45440000" lon="-70.54714833"><ele>666.100</ele><time>2026-09-13T14:32:32Z</time><speed>3.080</speed><sat>9</sat></trkpt>
  <trkpt lat="-33.45438000" lon="-70.54713667"><ele>666.100</ele><time>2026-09-13T14:32:33Z</time><speed>3.070</speed><sat>9</sat></trkpt>
  <trkpt lat="-33.45435500" lon="-70.54713167"><ele>666.100</ele><time>2026-09-13T14:32:34Z</time><speed>3.107</speed><sat>10</sat></trkpt>
  <trkpt lat="-33.45433167" lon="-70.54712167"><ele>666.000</ele><time>2026-09-13T14:32:35Z</time><speed>3.130</speed><sat>10</sat></trkpt>
  <trkpt lat="-33.45430000" lon="-70.54710500"><ele>666.100</ele><time>2026-09-13T14:32:36Z</time><speed>3.111</speed><sat>11</sat></trkpt>
  <trkpt lat="-33.45426833" lon="-70.54709333"><ele>666.200</ele><time>2026-09-13T14:32:37Z</time><speed>3.080</speed><sat>11</sat></trkpt>
  <trkpt lat="-33.45423000" lon="-70.54707333"><ele>666.300</ele><time>2026-09-13T14:32:38Z</time><speed>3.064</speed><sat>12</sat></trkpt>
  <trkpt lat="-33.45420167" lon="-70.54706000"><ele>666.200</ele><time>2026-09-13T14:32:39Z</time><speed>3.066</speed><sat>12</sat></trkpt>
  <trkpt lat="-33.45417333" lon="-70.54704833"><ele>666.200</ele><time>2026-09-13T14:32:40Z</time><speed>3.062</speed><sat>12</sat></trkpt>
  <trkpt lat="-33.45414500" lon="-70.54703333"><ele>666.200</ele><time>2026-09-13T14:32:41Z</time><speed>3.103</speed><sat>14</sat></trkpt>
  <trkpt lat="-33.45411833" lon="-70.54702833"><ele>666.400</ele><time>2026-09-13T14:32:42Z</time><speed>3.144</speed><sat>14</sat></trkpt>
  <trkpt lat="-33.45409833" lon="-70.54702500"><ele>666.700</ele><time>2026-09-13T14:32:43Z</time><speed>3.152</speed><sat>15</sat></trkpt>
  <trkpt lat="-33.45407500" lon="-70.54702500"><ele>667.000</ele><time>2026-09-13T14:32:44Z</time><speed>3.149</speed><sat>16</sat></trkpt>
  <trkpt lat="-33.45404167" lon="-70.54702333"><ele>667.200</ele><time>2026-09-13T14:32:45Z</time><speed>3.176</speed><sat>15</sat></trkpt>
  <trkpt lat="-33.45401167" lon="-70.54702000"><ele>667.400</ele><time>2026-09-13T14:32:46Z</time><speed>3.212</speed><sat>15</sat></trkpt>
  <trkpt lat="-33.45397667" lon="-70.54701500"><ele>667.500</ele><time>2026-09-13T14:32:47Z</time><speed>3.260</speed><sat>15</sat></trkpt>
  <trkpt lat="-33.45394000" lon="-70.54701000"><ele>667.500</ele><time>2026-09-13T14:32:48Z</time><speed>3.280</speed><sat>16</sat></trkpt>
  <trkpt lat="-33.45390167" lon="-70.54700333"><ele>667.000</ele><time>2026-09-13T14:32:49Z</time><speed>3.337</speed><sat>16</sat></trkpt>
  <trkpt lat="-33.45386167" lon="-70.54699500"><ele>666.700</ele><time>2026-09-13T14:32:50Z</time><speed>3.430</speed><sat>16</sat></trkpt>
  <trkpt lat="-33.45382167" lon="-70.54698667"><ele>666.100</ele><time>2026-09-13T14:32:51Z</time><speed>3.530</speed><sat>16</sat></trkpt>
  <trkpt lat="-33.45377833" lon="-70.54697667"><ele>665.700</ele><time>2026-09-13T14:32:52Z</time><speed>3.671</speed><sat>17</sat></trkpt>
  <trkpt lat="-33.45373333" lon="-70.54696833"><ele>665.400</ele><time>2026-09-13T14:32:53Z</time><speed>3.888</speed><sat>17</sat></trkpt>
  <trkpt lat="-33.45368833" lon="-70.54695833"><ele>665.000</ele><time>2026-09-13T14:32:54Z</time><speed>4.137</speed><sat>17</sat></trkpt>
  <trkpt lat="-33.45364000" lon="-70.54694833"><ele>664.900</ele><time>2026-09-13T14:32:55Z</time><speed>4.358</speed><sat>16</sat></trkpt>
  <trkpt lat="-33.45359333" lon="-70.54693667"><ele>665.000</ele><time>2026-09-13T14:32:56Z</time><speed>4.565</speed><sat>16</sat></trkpt>
  <trkpt lat="-33.45355000" lon="-70.54693000"><ele>664.700</ele><time>2026-09-13T14:32:57Z</time><speed>4.777</speed><sat>16</sat></trkpt>
  <trkpt lat="-33.45350167" lon="-70.54692167"><ele>664.500</ele><time>2026-09-13T14:32:58Z</time><speed>5.027</speed><sat>15</sat></trkpt>
  <trkpt lat="-33.45345667" lon="-70.54691167"><ele>664.300</ele><time>2026-09-13T14:32:59Z</time><speed>5.238</speed><sat>15</sat></trkpt>
  <trkpt lat="-33.45339667" lon="-70.54689667"><ele>664.400</ele><time>2026-09-13T14:33:00Z</time><speed>5.438</speed><sat>16</sat></trkpt>
  <trkpt lat="-33.45333500" lon="-70.54688000"><ele>664.400</ele><time>2026-09-13T14:33:01Z</time><speed>5.664</speed><sat>16</sat></trkpt>
  <trkpt lat="-33.45326667" lon="-70.54685500"><ele>664.700</ele><time>2026-09-13T14:33:02Z</time><speed>5.868</speed><sat>14</sat></trkpt>
  <trkpt lat="-33.45320833" lon="-70.54684167"><ele>664.700</ele><time>2026-09-13T14:33:03Z</time><speed>6.048</speed><sat>12</sat></trkpt>
  <trkpt lat="-33.45314167" lon="-70.54682500"><ele>664.700</ele><time>2026-09-13T14:33:04Z</time><speed>6.200</speed><sat>12</sat></trkpt>
  <trkpt lat="-33.45307833" lon="-70.54681167"><ele>664.600</ele><time>2026-09-13T14:33:05Z</time><speed>6.333</speed><sat>11</sat></trkpt>
  <trkpt lat="-33.45302000" lon="-70.54680000"><ele>664.700</ele><time>2026-09-13T14:33:06Z</time><speed>6.446</speed><sat>11</sat></trkpt>
  <trkpt lat="-33.45296333" lon="-70.54679000"><ele>664.800</ele><time>2026-09-13T14:33:07Z</time><speed>6.505</speed><sat>12</sat></trkpt>
  <trkpt lat="-33.45290667" lon="-70.54678500"><ele>664.900</ele><time>2026-09-13T14:33:08Z</time><speed>6.490</speed><sat>14</sat></trkpt>
  <trkpt lat="-33.45285667" lon="-70.54677667"><ele>665.000</ele><time>2026-09-13T14:33:09Z</time><speed>6.460</speed><sat>15</sat></trkpt>
  <trkpt lat="-33.45280167" lon="-70.54676500"><ele>665.300</ele><time>2026-09-13T14:33:10Z</time><speed>6.420</speed><sat>15</sat></trkpt>
  <trkpt lat="-33.45274833" lon="-70.54675333"><ele>665.400</ele><time>2026-09-13T14:33:11Z</time><speed>6.354</speed><sat>15</sat></trkpt>
  <trkpt lat="-33.45270000" lon="-70.54673667"><ele>665.800</ele><time>2026-09-13T14:33:12Z</time><speed>6.277</speed><sat>15</sat></trkpt>
  <trkpt lat="-33.45265500" lon="-70.54672000"><ele>666.200</ele><time>2026-09-13T14:33:13Z</time><speed>6.175</speed><sat>15</sat></trkpt>
  <trkpt lat="-33.45260833" lon="-70.54670500"><ele>666.300</ele><time>2026-09-13T14:33:14Z</time><speed>6.057</speed><sat>15</sat></trkpt>
  <trkpt lat="-33.45255667" lon="-70.54668667"><ele>666.300</ele><time>2026-09-13T14:33:15Z</time><speed>5.949</speed><sat>14</sat></trkpt>
  <trkpt lat="-33.45251333" lon="-70.54667167"><ele>666.500</ele><time>2026-09-13T14:33:16Z</time><speed>5.822</speed><sat>13</sat></trkpt>
  <trkpt lat="-33.45247000" lon="-70.54666000"><ele>666.600</ele><time>2026-09-13T14:33:17Z</time><speed>5.697</speed><sat>13</sat></trkpt>
  <trkpt lat="-33.45242500" lon="-70.54664667"><ele>666.700</ele><time>2026-09-13T14:33:18Z</time><speed>5.604</speed><sat>12</sat></trkpt>
  <trkpt lat="-33.45238333" lon="-70.54663167"><ele>667.000</ele><time>2026-09-13T14:33:19Z</time><speed>5.517</speed><sat>12</sat></trkpt>
  <trkpt lat="-33.45233833" lon="-70.54661667"><ele>667.100</ele><time>2026-09-13T14:33:20Z</time><speed>5.443</speed><sat>13</sat></trkpt>
  <trkpt lat="-33.45229667" lon="-70.54660167"><ele>667.200</ele><time>2026-09-13T14:33:21Z</time><speed>5.354</speed><sat>13</sat></trkpt>
  <trkpt lat="-33.45225500" lon="-70.54659000"><ele>667.300</ele><time>2026-09-13T14:33:22Z</time><speed>5.251</speed><sat>13</sat></trkpt>
  <trkpt lat="-33.45221667" lon="-70.54658000"><ele>667.400</ele><time>2026-09-13T14:33:23Z</time><speed>5.142</speed><sat>12</sat></trkpt>
  <trkpt lat="-33.45217500" lon="-70.54657167"><ele>667.500</ele><time>2026-09-13T14:33:24Z</time><speed>5.036</speed><sat>11</sat></trkpt>
  <trkpt lat="-33.45213667" lon="-70.54656000"><ele>667.600</ele><time>2026-09-13T14:33:25Z</time><speed>4.919</speed><sat>11</sat></trkpt>
  <trkpt lat="-33.45210500" lon="-70.54655000"><ele>668.200</ele><time>2026-09-13T14:33:26Z</time><speed>4.812</speed><sat>12</sat></trkpt>
  <trkpt lat="-33.45207333" lon="-70.54654333"><ele>668.300</ele><time>2026-09-13T14:33:27Z</time><speed>4.710</speed><sat>12</sat></trkpt>
  <trkpt lat="-33.45203500" lon="-70.54653333"><ele>668.500</ele><time>2026-09-13T14:33:28Z</time><speed>4.621</speed><sat>13</sat></trkpt>
  <trkpt lat="-33.45200333" lon="-70.54652333"><ele>668.500</ele><time>2026-09-13T14:33:29Z</time><speed>4.490</speed><sat>14</sat></trkpt>
  <trkpt lat="-33.45197167" lon="-70.54651500"><ele>668.600</ele><time>2026-09-13T14:33:30Z</time><speed>4.329</speed><sat>14</sat></trkpt>
  <trkpt lat="-33.45194333" lon="-70.54650833"><ele>668.700</ele><time>2026-09-13T14:33:31Z</time><speed>4.155</speed><sat>15</sat></trkpt>
  <trkpt lat="-33.45190667" lon="-70.54650000"><ele>668.800</ele><time>2026-09-13T14:33:32Z</time><speed>4.023</speed><sat>15</sat></trkpt>
  <trkpt lat="-33.45186167" lon="-70.54648667"><ele>668.900</ele><time>2026-09-13T14:33:33Z</time><speed>3.942</speed><sat>15</sat></trkpt>
  <trkpt lat="-33.45182500" lon="-70.54647667"><ele>669.000</ele><time>2026-09-13T14:33:34Z</time><speed>3.874</speed><sat>15</sat></trkpt>
  <trkpt lat="-33.45178667" lon="-70.54646667"><ele>669.100</ele><time>2026-09-13T14:33:35Z</time><speed>3.842</speed><sat>16</sat></trkpt>
  <trkpt lat="-33.45173000" lon="-70.54644333"><ele>669.100</ele><time>2026-09-13T14:33:36Z</time><speed>3.830</speed><sat>15</sat></trkpt>
  <trkpt lat="-33.45169333" lon="-70.54643333"><ele>669.100</ele><time>2026-09-13T14:33:37Z</time><speed>3.825</speed><sat>15</sat></trkpt>
  <trkpt lat="-33.45166000" lon="-70.54642833"><ele>669.000</ele><time>2026-09-13T14:33:38Z</time><speed>3.764</speed><sat>15</sat></trkpt>
  <trkpt lat="-33.45162500" lon="-70.54642167"><ele>669.000</ele><time>2026-09-13T14:33:39Z</time><speed>3.742</speed><sat>15</sat></trkpt>
  <trkpt lat="-33.45158500" lon="-70.54641000"><ele>669.000</ele><time>2026-09-13T14:33:40Z</time><speed>3.690</speed><sat>15</sat></trkpt>
  <trkpt lat="-33.45155500" lon="-70.54640333"><ele>668.900</ele><time>2026-09-13T14:33:41Z</time><speed>3.630</speed><sat>14</sat></trkpt>
  <trkpt lat="-33.45151333" lon="-70.54639167"><ele>669.100</ele><time>2026-09-13T14:33:42Z</time><speed>3.585</speed><sat>14</sat></trkpt>
  <trkpt lat="-33.45147000" lon="-70.54638167"><ele>669.300</ele><time>2026-09-13T14:33:43Z</time><speed>3.544</speed><sat>15</sat></trkpt>
  <trkpt lat="-33.45143333" lon="-70.54637167"><ele>669.400</ele><time>2026-09-13T14:33:44Z</time><speed>3.503</speed><sat>17</sat></trkpt>
  <trkpt lat="-33.45140000" lon="-70.54636333"><ele>669.300</ele><time>2026-09-13T14:33:45Z</time><speed>3.420</speed><sat>16</sat></trkpt>
  <trkpt lat="-33.45137000" lon="-70.54635000"><ele>669.200</ele><time>2026-09-13T14:33:46Z</time><speed>3.275</speed><sat>19</sat></trkpt>
  <trkpt lat="-33.45135167" lon="-70.54633667"><ele>669.200</ele><time>2026-09-13T14:33:47Z</time><speed>3.121</speed><sat>17</sat></trkpt>
  <trkpt lat="-33.45133667" lon="-70.54632500"><ele>669.600</ele><time>2026-09-13T14:33:48Z</time><speed>2.985</speed><sat>18</sat></trkpt>
  <trkpt lat="-33.45132333" lon="-70.54631000"><ele>670.200</ele><time>2026-09-13T14:33:49Z</time><speed>2.833</speed><sat>18</sat></trkpt>
  <trkpt lat="-33.45131333" lon="-70.54630000"><ele>670.900</ele><time>2026-09-13T14:33:50Z</time><speed>2.687</speed><sat>18</sat></trkpt>
  <trkpt lat="-33.45130667" lon="-70.54628833"><ele>671.300</ele><time>2026-09-13T14:33:51Z</time><speed>2.506</speed><sat>19</sat></trkpt>
  <trkpt lat="-33.45130333" lon="-70.54628000"><ele>671.700</ele><time>2026-09-13T14:33:52Z</time><speed>2.253</speed><sat>19</sat></trkpt>
  <trkpt lat="-33.45129667" lon="-70.54627000"><ele>672.000</ele><time>2026-09-13T14:33:53Z</time><speed>1.971</speed><sat>20</sat></trkpt>
  <trkpt lat="-33.45128833" lon="-70.54625833"><ele>672.100</ele><time>2026-09-13T14:33:54Z</time><speed>1.676</speed><sat>19</sat></trkpt>
  <trkpt lat="-33.45128333" lon="-70.54624833"><ele>672.200</ele><time>2026-09-13T14:33:55Z</time><speed>1.419</speed><sat>17</sat></trkpt>
  <trkpt lat="-33.45128333" lon="-70.54624333"><ele>672.200</ele><time>2026-09-13T14:33:56Z</time><speed>1.201</speed><sat>17</sat></trkpt>
  <trkpt lat="-33.45128667" lon="-70.54624167"><ele>672.300</ele><time>2026-09-13T14:33:57Z</time><speed>0.994</speed><sat>17</sat></trkpt>
  <trkpt lat="-33.45128500" lon="-70.54623333"><ele>672.400</ele><time>2026-09-13T14:33:58Z</time><speed>0.821</speed><sat>16</sat></trkpt>
  <trkpt lat="-33.45128333" lon="-70.54622167"><ele>672.500</ele><time>2026-09-13T14:33:59Z</time><speed>0.699</speed><sat>17</sat></trkpt>
  <trkpt lat="-33.45128333" lon="-70.54621167"><ele>672.400</ele><time>2026-09-13T14:34:00Z</time><speed>0.000</speed><sat>16</sat></trkpt>
  <trkpt lat="-33.45128500" lon="-70.54619833"><ele>672.400</ele><time>2026-09-13T14:34:01Z</time><speed>0.000</speed><sat>16</sat></trkpt>
  <trkpt lat="-33.45128667" lon="-70.54618833"><ele>672.300</ele><time>2026-09-13T14:34:02Z</time><speed>0.000</speed><sat>16</sat></trkpt>
  <trkpt lat="-33.45129000" lon="-70.54617833"><ele>672.400</ele><time>2026-09-13T14:34:03Z</time><speed>0.614</speed><sat>17</sat></trkpt>
  <trkpt lat="-33.45129333" lon="-70.54616833"><ele>672.600</ele><time>2026-09-13T14:34:04Z</time><speed>0.630</speed><sat>16</sat></trkpt>
  <trkpt lat="-33.45129667" lon="-70.54615667"><ele>672.800</ele><time>2026-09-13T14:34:05Z</time><speed>0.635</speed><sat>15</sat></trkpt>
  <trkpt lat="-33.45129833" lon="-70.54614667"><ele>672.900</ele><time>2026-09-13T14:34:06Z</time><speed>0.000</speed><sat>16</sat></trkpt>
  <trkpt lat="-33.45129667" lon="-70.54613500"><ele>673.000</ele><time>2026-09-13T14:34:07Z</time><speed>0.729</speed><sat>18</sat></trkpt>
  <trkpt lat="-33.45129833" lon="-70.54612500"><ele>673.000</ele><time>2026-09-13T14:34:08Z</time><speed>0.000</speed><sat>18</sat></trkpt>
  <trkpt lat="-33.45130000" lon="-70.54611333"><ele>673.100</ele><time>2026-09-13T14:34:09Z</time><speed>0.774</speed><sat>17</sat></trkpt>
  <trkpt lat="-33.45130500" lon="-70.54610500"><ele>673.200</ele><time>2026-09-13T14:34:10Z</time><speed>0.000</speed><sat>18</sat></trkpt>
  <trkpt lat="-33.45130667" lon="-70.54609667"><ele>673.300</ele><time>2026-09-13T14:34:11Z</time><speed>0.770</speed><sat>19</sat></trkpt>
  <trkpt lat="-33.45130833" lon="-70.54609167"><ele>673.300</ele><time>2026-09-13T14:34:12Z</time><speed>0.721</speed><sat>19</sat></trkpt>
  <trkpt lat="-33.45131167" lon="-70.54609000"><ele>673.400</ele><time>2026-09-13T14:34:13Z</time><speed>0.679</speed><sat>18</sat></trkpt>
  <trkpt lat="-33.45131167" lon="-70.54609333"><ele>673.600</ele><time>2026-09-13T14:34:14Z</time><speed>0.625</speed><sat>20</sat></trkpt>
  <trkpt lat="-33.45131167" lon="-70.54609333"><ele>673.700</ele><time>2026-09-13T14:34:15Z</time><speed>0.579</speed><sat>20</sat></trkpt>
  <trkpt lat="-33.45130833" lon="-70.54609167"><ele>673.700</ele><time>2026-09-13T14:34:16Z</time><speed>0.521</speed><sat>22</sat></trkpt>
  <trkpt lat="-33.45130667" lon="-70.54609167"><ele>673.800</ele><time>2026-09-13T14:34:17Z</time><speed>0.457</speed><sat>22</sat></trkpt>
  <trkpt lat="-33.45130667" lon="-70.54609167"><ele>673.800</ele><time>2026-09-13T14:34:18Z</time><speed>0.000</speed><sat>22</sat></trkpt>
  <trkpt lat="-33.45130667" lon="-70.54609500"><ele>674.000</ele><time>2026-09-13T14:34:19Z</time><speed>0.000</speed><sat>22</sat></trkpt>
  <trkpt lat="-33.45130500" lon="-70.54609500"><ele>674.100</ele><time>2026-09-13T14:34:20Z</time><speed>0.000</speed><sat>19</sat></trkpt>
  <trkpt lat="-33.45130500" lon="-70.54609500"><ele>674.100</ele><time>2026-09-13T14:34:21Z</time><speed>0.000</speed><sat>19</sat></trkpt>
  <trkpt lat="-33.45130500" lon="-70.54609500"><ele>674.100</ele><time>2026-09-13T14:34:22Z</time><speed>0.000</speed><sat>20</sat></trkpt>
  <trkpt lat="-33.45130500" lon="-70.54609500"><ele>674.100</ele><time>2026-09-13T14:34:23Z</time><speed>0.000</speed><sat>22</sat></trkpt>
  <trkpt lat="-33.45130500" lon="-70.54609500"><ele>674.100</ele><time>2026-09-13T14:34:24Z</time><speed>0.000</speed><sat>21</sat></trkpt>
  <trkpt lat="-33.45130500" lon="-70.54609500"><ele>674.100</ele><time>2026-09-13T14:34:25Z</time><speed>0.000</speed><sat>20</sat></trkpt>
  <trkpt lat="-33.45130500" lon="-70.54609500"><ele>674.100</ele><time>2026-09-13T14:34:26Z</time><speed>0.000</speed><sat>20</sat></trkpt>
  <trkpt lat="-33.45130500" lon="-70.54609500"><ele>674.100</ele><time>2026-09-13T14:34:27Z</time><speed>0.000</speed><sat>20</sat></trkpt>
  <trkpt lat="-33.45130667" lon="-70.54606667"><ele>675.200</ele><time>2026-09-13T14:34:28Z</time><speed>0.000</speed><sat>20</sat></trkpt>
  <trkpt lat="-33.45130500" lon="-70.54606333"><ele>675.300</ele><time>2026-09-13T14:34:29Z</time><speed>0.000</speed><sat>20</sat></trkpt>
  <trkpt lat="-33.45130500" lon="-70.54606000"><ele>675.400</ele><time>2026-09-13T14:34:30Z</time><speed>0.000</speed><sat>20</sat></trkpt>
  <trkpt lat="-33.45130667" lon="-70.54605333"><ele>675.500</ele><time>2026-09-13T14:34:31Z</time><speed>0.000</speed><sat>20</sat></trkpt>
  <trkpt lat="-33.45130833" lon="-70.54604000"><ele>675.500</ele><time>2026-09-13T14:34:32Z</time><speed>0.000</speed><sat>19</sat></trkpt>
  <trkpt lat="-33.45131000" lon="-70.54603167"><ele>675.600</ele><time>2026-09-13T14:34:33Z</time><speed>0.000</speed><sat>18</sat></trkpt>
  <trkpt lat="-33.45131167" lon="-70.54602167"><ele>675.600</ele><time>2026-09-13T14:34:34Z</time><speed>0.000</speed><sat>18</sat></trkpt>
  <trkpt lat="-33.45132167" lon="-70.54600500"><ele>675.300</ele><time>2026-09-13T14:34:35Z</time><speed>0.000</speed><sat>19</sat></trkpt>
  <trkpt lat="-33.45132667" lon="-70.54598500"><ele>675.100</ele><time>2026-09-13T14:34:36Z</time><speed>0.000</speed><sat>19</sat></trkpt>
  <trkpt lat="-33.45132833" lon="-70.54596667"><ele>675.000</ele><time>2026-09-13T14:34:37Z</time><speed>0.000</speed><sat>19</sat></trkpt>
  <trkpt lat="-33.45133000" lon="-70.54593833"><ele>674.700</ele><time>2026-09-13T14:34:38Z</time><speed>0.931</speed><sat>18</sat></trkpt>
  <trkpt lat="-33.45133333" lon="-70.54592167"><ele>674.500</ele><time>2026-09-13T14:34:39Z</time><speed>0.000</speed><sat>18</sat></trkpt>
  <trkpt lat="-33.45133667" lon="-70.54590333"><ele>674.400</ele><time>2026-09-13T14:34:40Z</time><speed>1.193</speed><sat>17</sat></trkpt>
  <trkpt lat="-33.45133833" lon="-70.54588500"><ele>674.200</ele><time>2026-09-13T14:34:41Z</time><speed>1.300</speed><sat>18</sat></trkpt>
  <trkpt lat="-33.45134000" lon="-70.54586833"><ele>674.100</ele><time>2026-09-13T14:34:42Z</time><speed>1.380</speed><sat>18</sat></trkpt>
  <trkpt lat="-33.45134000" lon="-70.54585167"><ele>674.000</ele><time>2026-09-13T14:34:43Z</time><speed>1.471</speed><sat>18</sat></trkpt>
  <trkpt lat="-33.45134167" lon="-70.54583333"><ele>673.900</ele><time>2026-09-13T14:34:44Z</time><speed>0.000</speed><sat>18</sat></trkpt>
  <trkpt lat="-33.45134333" lon="-70.54581667"><ele>673.800</ele><time>2026-09-13T14:34:45Z</time><speed>1.635</speed><sat>19</sat></trkpt>
  <trkpt lat="-33.45134667" lon="-70.54580000"><ele>673.600</ele><time>2026-09-13T14:34:46Z</time><speed>1.670</speed><sat>20</sat></trkpt>
  <trkpt lat="-33.45134833" lon="-70.54578667"><ele>673.500</ele><time>2026-09-13T14:34:47Z</time><speed>1.672</speed><sat>20</sat></trkpt>
  <trkpt lat="-33.45135000" lon="-70.54577833"><ele>673.500</ele><time>2026-09-13T14:34:48Z</time><speed>1.632</speed><sat>22</sat></trkpt>
  <trkpt lat="-33.45135333" lon="-70.54577500"><ele>672.900</ele><time>2026-09-13T14:34:49Z</time><speed>1.555</speed><sat>23</sat></trkpt>
  <trkpt lat="-33.45135167" lon="-70.54577167"><ele>672.600</ele><time>2026-09-13T14:34:50Z</time><speed>1.429</speed><sat>21</sat></trkpt>
  <trkpt lat="-33.45135167" lon="-70.54577000"><ele>672.500</ele><time>2026-09-13T14:34:51Z</time><speed>1.272</speed><sat>20</sat></trkpt>
  <trkpt lat="-33.45135167" lon="-70.54577000"><ele>672.400</ele><time>2026-09-13T14:34:52Z</time><speed>1.114</speed><sat>21</sat></trkpt>
  <trkpt lat="-33.45135167" lon="-70.54577167"><ele>672.300</ele><time>2026-09-13T14:34:53Z</time><speed>0.951</speed><sat>21</sat></trkpt>
  <trkpt lat="-33.45135167" lon="-70.54577333"><ele>672.400</ele><time>2026-09-13T14:34:54Z</time><speed>0.791</speed><sat>21</sat></trkpt>
  <trkpt lat="-33.45135000" lon="-70.54577333"><ele>672.400</ele><time>2026-09-13T14:34:55Z</time><speed>0.645</speed><sat>18</sat></trkpt>
  <trkpt lat="-33.45134833" lon="-70.54577667"><ele>672.400</ele><time>2026-09-13T14:34:56Z</time><speed>0.545</speed><sat>17</sat></trkpt>
  <trkpt lat="-33.45134667" lon="-70.54578167"><ele>672.500</ele><time>2026-09-13T14:34:57Z</time><speed>0.444</speed><sat>17</sat></trkpt>
  <trkpt lat="-33.45134833" lon="-70.54578333"><ele>672.600</ele><time>2026-09-13T14:34:58Z</time><speed>0.000</speed><sat>19</sat></trkpt>
  <trkpt lat="-33.45134667" lon="-70.54578333"><ele>672.700</ele><time>2026-09-13T14:34:59Z</time><speed>0.000</speed><sat>20</sat></trkpt>
  <trkpt lat="-33.45134667" lon="-70.54577833"><ele>672.700</ele><time>2026-09-13T14:35:00Z</time><speed>0.000</speed><sat>19</sat></trkpt>
  <trkpt lat="-33.45134833" lon="-70.54577333"><ele>672.700</ele><time>2026-09-13T14:35:01Z</time><speed>0.000</speed><sat>17</sat></trkpt>
  <trkpt lat="-33.45135500" lon="-70.54576667"><ele>672.600</ele><time>2026-09-13T14:35:02Z</time><speed>0.000</speed><sat>14</sat></trkpt>
  <trkpt lat="-33.45135667" lon="-70.54576333"><ele>672.600</ele><time>2026-09-13T14:35:03Z</time><speed>0.000</speed><sat>13</sat></trkpt>
  <trkpt lat="-33.45135667" lon="-70.54575333"><ele>672.500</ele><time>2026-09-13T14:35:04Z</time><speed>0.000</speed><sat>13</sat></trkpt>
  <trkpt lat="-33.45135667" lon="-70.54575000"><ele>672.500</ele><time>2026-09-13T14:35:05Z</time><speed>0.000</speed><sat>14</sat></trkpt>
  <trkpt lat="-33.45135667" lon="-70.54573167"><ele>672.300</ele><time>2026-09-13T14:35:06Z</time><speed>0.000</speed><sat>14</sat></trkpt>
  <trkpt lat="-33.45135333" lon="-70.54572167"><ele>672.100</ele><time>2026-09-13T14:35:07Z</time><speed>0.000</speed><sat>13</sat></trkpt>
  <trkpt lat="-33.45134500" lon="-70.54571000"><ele>672.100</ele><time>2026-09-13T14:35:08Z</time><speed>0.000</speed><sat>13</sat></trkpt>
  <trkpt lat="-33.45134000" lon="-70.54570333"><ele>672.000</ele><time>2026-09-13T14:35:09Z</time><speed>0.000</speed><sat>13</sat></trkpt>
  <trkpt lat="-33.45133667" lon="-70.54570500"><ele>671.900</ele><time>2026-09-13T14:35:10Z</time><speed>0.000</speed><sat>14</sat></trkpt>
  <trkpt lat="-33.45134167" lon="-70.54572333"><ele>671.600</ele><time>2026-09-13T14:35:11Z</time><speed>0.000</speed><sat>16</sat></trkpt>
  <trkpt lat="-33.45133333" lon="-70.54573167"><ele>671.200</ele><time>2026-09-13T14:35:12Z</time><speed>0.000</speed><sat>16</sat></trkpt>
  <trkpt lat="-33.45132833" lon="-70.54573167"><ele>670.900</ele><time>2026-09-13T14:35:13Z</time><speed>0.000</speed><sat>16</sat></trkpt>
  <trkpt lat="-33.45132500" lon="-70.54573167"><ele>670.500</ele><time>2026-09-13T14:35:14Z</time><speed>0.000</speed><sat>16</sat></trkpt>
  <trkpt lat="-33.45132500" lon="-70.54573500"><ele>670.400</ele><time>2026-09-13T14:35:15Z</time><speed>0.000</speed><sat>15</sat></trkpt>
  <trkpt lat="-33.45132500" lon="-70.54573833"><ele>670.300</ele><time>2026-09-13T14:35:16Z</time><speed>0.000</speed><sat>15</sat></trkpt>
  <trkpt lat="-33.45133000" lon="-70.54574500"><ele>670.200</ele><time>2026-09-13T14:35:17Z</time><speed>0.000</speed><sat>16</sat></trkpt>
  <trkpt lat="-33.45134167" lon="-70.54575833"><ele>669.900</ele><time>2026-09-13T14:35:18Z</time><speed>0.000</speed><sat>17</sat></trkpt>
  <trkpt lat="-33.45134167" lon="-70.54575833"><ele>669.900</ele><time>2026-09-13T14:35:19Z</time><speed>0.000</speed><sat>17</sat></trkpt>
  <trkpt lat="-33.45136000" lon="-70.54578000"><ele>669.600</ele><time>2026-09-13T14:35:20Z</time><speed>0.000</speed><sat>16</sat></trkpt>
  <trkpt lat="-33.45136667" lon="-70.54578667"><ele>669.600</ele><time>2026-09-13T14:35:21Z</time><speed>0.000</speed><sat>14</sat></trkpt>
  <trkpt lat="-33.45137333" lon="-70.54579000"><ele>669.600</ele><time>2026-09-13T14:35:22Z</time><speed>0.000</speed><sat>13</sat></trkpt>
  <trkpt lat="-33.45138000" lon="-70.54579333"><ele>669.500</ele><time>2026-09-13T14:35:23Z</time><speed>0.000</speed><sat>14</sat></trkpt>
  <trkpt lat="-33.45138167" lon="-70.54579333"><ele>669.400</ele><time>2026-09-13T14:35:24Z</time><speed>0.000</speed><sat>13</sat></trkpt>
  <trkpt lat="-33.45139000" lon="-70.54579167"><ele>669.300</ele><time>2026-09-13T14:35:25Z</time><speed>0.000</speed><sat>13</sat></trkpt>
  <trkpt lat="-33.45139167" lon="-70.54579000"><ele>669.200</ele><time>2026-09-13T14:35:26Z</time><speed>0.000</speed><sat>12</sat></trkpt>
  <trkpt lat="-33.45139000" lon="-70.54579667"><ele>669.200</ele><time>2026-09-13T14:35:27Z</time><speed>0.000</speed><sat>10</sat></trkpt>
  <trkpt lat="-33.45138833" lon="-70.54579833"><ele>669.200</ele><time>2026-09-13T14:35:28Z</time><speed>0.000</speed><sat>9</sat></trkpt>
  <trkpt lat="-33.45138000" lon="-70.54580167"><ele>669.300</ele><time>2026-09-13T14:35:29Z</time><speed>0.000</speed><sat>11</sat></trkpt>
  <trkpt lat="-33.45133333" lon="-70.54580167"><ele>669.100</ele><time>2026-09-13T14:35:30Z</time><speed>0.000</speed><sat>13</sat></trkpt>
  <trkpt lat="-33.45128167" lon="-70.54580000"><ele>668.800</ele><time>2026-09-13T14:35:31Z</time><speed>0.000</speed><sat>15</sat></trkpt>
  <trkpt lat="-33.45127833" lon="-70.54579333"><ele>668.800</ele><time>2026-09-13T14:35:32Z</time><speed>0.000</speed><sat>15</sat></trkpt>
  <trkpt lat="-33.45127333" lon="-70.54578833"><ele>668.700</ele><time>2026-09-13T14:35:33Z</time><speed>0.000</speed><sat>15</sat></trkpt>
  <trkpt lat="-33.45127000" lon="-70.54578833"><ele>668.600</ele><time>2026-09-13T14:35:34Z</time><speed>0.000</speed><sat>14</sat></trkpt>
  <trkpt lat="-33.45126667" lon="-70.54578167"><ele>668.500</ele><time>2026-09-13T14:35:35Z</time><speed>0.000</speed><sat>14</sat></trkpt>
  <trkpt lat="-33.45126667" lon="-70.54577833"><ele>668.400</ele><time>2026-09-13T14:35:36Z</time><speed>0.000</speed><sat>14</sat></trkpt>
  <trkpt lat="-33.45126667" lon="-70.54577667"><ele>668.300</ele><time>2026-09-13T14:35:37Z</time><speed>0.000</speed><sat>14</sat></trkpt>
  <trkpt lat="-33.45127000" lon="-70.54577667"><ele>668.200</ele><time>2026-09-13T14:35:38Z</time><speed>0.000</speed><sat>13</sat></trkpt>
  <trkpt lat="-33.45126667" lon="-70.54576500"><ele>667.900</ele><time>2026-09-13T14:35:39Z</time><speed>0.000</speed><sat>13</sat></trkpt>
  <trkpt lat="-33.45126667" lon="-70.54576833"><ele>667.700</ele><time>2026-09-13T14:35:40Z</time><speed>0.000</speed><sat>12</sat></trkpt>
  <trkpt lat="-33.45126167" lon="-70.54578000"><ele>667.600</ele><time>2026-09-13T14:35:41Z</time><speed>0.000</speed><sat>12</sat></trkpt>
  <trkpt lat="-33.45126667" lon="-70.54578000"><ele>667.400</ele><time>2026-09-13T14:35:42Z</time><speed>0.000</speed><sat>12</sat></trkpt>
  <trkpt lat="-33.45126500" lon="-70.54578500"><ele>667.300</ele><time>2026-09-13T14:35:43Z</time><speed>0.000</speed><sat>12</sat></trkpt>
  <trkpt lat="-33.45126500" lon="-70.54578833"><ele>667.200</ele><time>2026-09-13T14:35:44Z</time><speed>0.000</speed><sat>12</sat></trkpt>
  <trkpt lat="-33.45126833" lon="-70.54578500"><ele>667.200</ele><time>2026-09-13T14:35:45Z</time><speed>0.000</speed><sat>12</sat></trkpt>
  <trkpt lat="-33.45127333" lon="-70.54578500"><ele>667.200</ele><time>2026-09-13T14:35:46Z</time><speed>0.000</speed><sat>12</sat></trkpt>
  <trkpt lat="-33.45128000" lon="-70.54578000"><ele>667.200</ele><time>2026-09-13T14:35:47Z</time><speed>0.000</speed><sat>12</sat></trkpt>
  <trkpt lat="-33.45128667" lon="-70.54578167"><ele>667.200</ele><time>2026-09-13T14:35:48Z</time><speed>0.000</speed><sat>12</sat></trkpt>
  <trkpt lat="-33.45129167" lon="-70.54578333"><ele>667.200</ele><time>2026-09-13T14:35:49Z</time><speed>0.000</speed><sat>12</sat></trkpt>
  <trkpt lat="-33.45129167" lon="-70.54578333"><ele>667.200</ele><time>2026-09-13T14:35:50Z</time><speed>0.000</speed><sat>12</sat></trkpt>
  <trkpt lat="-33.45131000" lon="-70.54576500"><ele>667.200</ele><time>2026-09-13T14:35:51Z</time><speed>0.000</speed><sat>12</sat></trkpt>
  <trkpt lat="-33.45132000" lon="-70.54575333"><ele>667.200</ele><time>2026-09-13T14:35:52Z</time><speed>0.000</speed><sat>11</sat></trkpt>
  <trkpt lat="-33.45133000" lon="-70.54573667"><ele>667.200</ele><time>2026-09-13T14:35:53Z</time><speed>0.000</speed><sat>11</sat></trkpt>
  <trkpt lat="-33.45132833" lon="-70.54573000"><ele>667.200</ele><time>2026-09-13T14:35:54Z</time><speed>0.000</speed><sat>10</sat></trkpt>
  <trkpt lat="-33.45132667" lon="-70.54572333"><ele>667.200</ele><time>2026-09-13T14:35:55Z</time><speed>0.000</speed><sat>10</sat></trkpt>
  <trkpt lat="-33.45132333" lon="-70.54571833"><ele>667.200</ele><time>2026-09-13T14:35:56Z</time><speed>0.000</speed><sat>11</sat></trkpt>
  <trkpt lat="-33.45132333" lon="-70.54571333"><ele>667.300</ele><time>2026-09-13T14:35:57Z</time><speed>0.000</speed><sat>11</sat></trkpt>
  <trkpt lat="-33.45132333" lon="-70.54570333"><ele>667.300</ele><time>2026-09-13T14:35:58Z</time><speed>0.000</speed><sat>11</sat></trkpt>
  <trkpt lat="-33.45132500" lon="-70.54569333"><ele>667.400</ele><time>2026-09-13T14:35:59Z</time><speed>0.000</speed><sat>11</sat></trkpt>
  <trkpt lat="-33.45129833" lon="-70.54564667"><ele>667.100</ele><time>2026-09-13T14:36:00Z</time><speed>0.000</speed><sat>12</sat></trkpt>
  <trkpt lat="-33.45128333" lon="-70.54562167"><ele>666.900</ele><time>2026-09-13T14:36:01Z</time><speed>0.000</speed><sat>12</sat></trkpt>
  <trkpt lat="-33.45128500" lon="-70.54561667"><ele>667.000</ele><time>2026-09-13T14:36:02Z</time><speed>0.000</speed><sat>12</sat></trkpt>
  <trkpt lat="-33.45126833" lon="-70.54559500"><ele>666.800</ele><time>2026-09-13T14:36:03Z</time><speed>0.000</speed><sat>12</sat></trkpt>
  <trkpt lat="-33.45126167" lon="-70.54559333"><ele>666.900</ele><time>2026-09-13T14:36:04Z</time><speed>0.000</speed><sat>13</sat></trkpt>
  <trkpt lat="-33.45124667" lon="-70.54557500"><ele>666.800</ele><time>2026-09-13T14:36:05Z</time><speed>0.000</speed><sat>13</sat></trkpt>
  <trkpt lat="-33.45123667" lon="-70.54556500"><ele>666.700</ele><time>2026-09-13T14:36:06Z</time><speed>0.000</speed><sat>12</sat></trkpt>
  <trkpt lat="-33.45122833" lon="-70.54556167"><ele>666.700</ele><time>2026-09-13T14:36:07Z</time><speed>0.000</speed><sat>12</sat></trkpt>
  <trkpt lat="-33.45122167" lon="-70.54556667"><ele>666.800</ele><time>2026-09-13T14:36:08Z</time><speed>0.000</speed><sat>12</sat></trkpt>
  <trkpt lat="-33.45122000" lon="-70.54558333"><ele>666.900</ele><time>2026-09-13T14:36:09Z</time><speed>0.000</speed><sat>12</sat></trkpt>
  <trkpt lat="-33.45121833" lon="-70.54559833"><ele>666.900</ele><time>2026-09-13T14:36:10Z</time><speed>0.000</speed><sat>12</sat></trkpt>
  <trkpt lat="-33.45121833" lon="-70.54562000"><ele>667.000</ele><time>2026-09-13T14:36:11Z</time><speed>0.000</speed><sat>11</sat></trkpt>
  <trkpt lat="-33.45121833" lon="-70.54564167"><ele>666.900</ele><time>2026-09-13T14:36:12Z</time><speed>0.000</speed><sat>11</sat></trkpt>
  <trkpt lat="-33.45121833" lon="-70.54566167"><ele>666.800</ele><time>2026-09-13T14:36:13Z</time><speed>0.000</speed><sat>11</sat></trkpt>
  <trkpt lat="-33.45122000" lon="-70.54567833"><ele>666.700</ele><time>2026-09-13T14:36:14Z</time><speed>0.000</speed><sat>9</sat></trkpt>
  <trkpt lat="-33.45122000" lon="-70.54568833"><ele>666.700</ele><time>2026-09-13T14:36:15Z</time><speed>0.000</speed><sat>9</sat></trkpt>
  <trkpt lat="-33.45122500" lon="-70.54569500"><ele>666.600</ele><time>2026-09-13T14:36:16Z</time><speed>0.000</speed><sat>9</sat></trkpt>
  <trkpt lat="-33.45122333" lon="-70.54570667"><ele>666.600</ele><time>2026-09-13T14:36:17Z</time><speed>0.000</speed><sat>9</sat></trkpt>
  <trkpt lat="-33.45122667" lon="-70.54571333"><ele>666.500</ele><time>2026-09-13T14:36:18Z</time><speed>0.000</speed><sat>9</sat></trkpt>
  <trkpt lat="-33.45122833" lon="-70.54571833"><ele>666.400</ele><time>2026-09-13T14:36:19Z</time><speed>0.000</speed><sat>9</sat></trkpt>
  <trkpt lat="-33.45123333" lon="-70.54572167"><ele>666.400</ele><time>2026-09-13T14:36:20Z</time><speed>0.000</speed><sat>9</sat></trkpt>
  <trkpt lat="-33.45124167" lon="-70.54572833"><ele>666.300</ele><time>2026-09-13T14:36:21Z</time><speed>0.000</speed><sat>9</sat></trkpt>
  <trkpt lat="-33.45124833" lon="-70.54574167"><ele>666.300</ele><time>2026-09-13T14:36:22Z</time><speed>0.000</speed><sat>9</sat></trkpt>
  <trkpt lat="-33.45125833" lon="-70.54575333"><ele>666.300</ele><time>2026-09-13T14:36:23Z</time><speed>0.000</speed><sat>9</sat></trkpt>
  <trkpt lat="-33.45126500" lon="-70.54575667"><ele>666.300</ele><time>2026-09-13T14:36:24Z</time><speed>0.000</speed><sat>8</sat></trkpt>
  <trkpt lat="-33.45127500" lon="-70.54576333"><ele>666.300</ele><time>2026-09-13T14:36:25Z</time><speed>0.000</speed><sat>8</sat></trkpt>
  <trkpt lat="-33.45128167" lon="-70.54576667"><ele>666.300</ele><time>2026-09-13T14:36:26Z</time><speed>0.000</speed><sat>8</sat></trkpt>
  <trkpt lat="-33.45128167" lon="-70.54576667"><ele>666.300</ele><time>2026-09-13T14:36:27Z</time><speed>0.000</speed><sat>9</sat></trkpt>
  <trkpt lat="-33.45128167" lon="-70.54576667"><ele>666.300</ele><time>2026-09-13T14:36:28Z</time><speed>0.000</speed><sat>10</sat></trkpt>
  <trkpt lat="-33.45128167" lon="-70.54576667"><ele>666.300</ele><time>2026-09-13T14:36:29Z</time><speed>0.000</speed><sat>10</sat></trkpt>
  <trkpt lat="-33.45128167" lon="-70.54576667"><ele>666.300</ele><time>2026-09-13T14:36:30Z</time><speed>0.000</speed><sat>11</sat></trkpt>
  <trkpt lat="-33.45128167" lon="-70.54576667"><ele>666.400</ele><time>2026-09-13T14:36:31Z</time><speed>0.000</speed><sat>11</sat></trkpt>
  <trkpt lat="-33.45128167" lon="-70.54576667"><ele>666.400</ele><time>2026-09-13T14:36:32Z</time><speed>0.000</speed><sat>11</sat></trkpt>
  <trkpt lat="-33.45128167" lon="-70.54576667"><ele>666.400</ele><time>2026-09-13T14:36:33Z</time><speed>0.000</speed><sat>11</sat></trkpt>
  <trkpt lat="-33.45128167" lon="-70.54576667"><ele>666.400</ele><time>2026-09-13T14:36:34Z</time><speed>0.000</speed><sat>11</sat></trkpt>
  <trkpt lat="-33.45128167" lon="-70.54576667"><ele>666.300</ele><time>2026-09-13T14:36:35Z</time><speed>0.000</speed><sat>12</sat></trkpt>
  <trkpt lat="-33.45128167" lon="-70.54576667"><ele>666.300</ele><time>2026-09-13T14:36:36Z</time><speed>0.000</speed><sat>12</sat></trkpt>
  <trkpt lat="-33.45128167" lon="-70.54576667"><ele>666.300</ele><time>2026-09-13T14:36:37Z</time><speed>0.000</speed><sat>12</sat></trkpt>
  <trkpt lat="-33.45128167" lon="-70.54576667"><ele>666.400</ele><time>2026-09-13T14:36:38Z</time><speed>0.000</speed><sat>12</sat></trkpt>
  <trkpt lat="-33.45128167" lon="-70.54576667"><ele>666.400</ele><time>2026-09-13T14:36:39Z</time><speed>0.000</speed><sat>12</sat></trkpt>
  <trkpt lat="-33.45128167" lon="-70.54576667"><ele>666.400</ele><time>2026-09-13T14:36:40Z</time><speed>0.000</speed><sat>12</sat></trkpt>
  <trkpt lat="-33.45128167" lon="-70.54576667"><ele>666.400</ele><time>2026-09-13T14:36:41Z</time><speed>0.000</speed><sat>12</sat></trkpt>
  <trkpt lat="-33.45128167" lon="-70.54576667"><ele>666.300</ele><time>2026-09-13T14:36:42Z</time><speed>0.000</speed><sat>13</sat></trkpt>
  <trkpt lat="-33.45128167" lon="-70.54576667"><ele>666.300</ele><time>2026-09-13T14:36:43Z</time><speed>0.000</speed><sat>13</sat></trkpt>
  <trkpt lat="-33.45128167" lon="-70.54576667"><ele>666.300</ele><time>2026-09-13T14:36:44Z</time><speed>0.000</speed><sat>13</sat></trkpt>
  <trkpt lat="-33.45128167" lon="-70.54576667"><ele>666.300</ele><time>2026-09-13T14:36:45Z</time><speed>0.000</speed><sat>13</sat></trkpt>
  <trkpt lat="-33.45128167" lon="-70.54576667"><ele>666.300</ele><time>2026-09-13T14:36:46Z</time><speed>0.000</speed><sat>12</sat></trkpt>
  <trkpt lat="-33.45128167" lon="-70.54576667"><ele>666.300</ele><time>2026-09-13T14:36:47Z</time><speed>0.000</speed><sat>12</sat></trkpt>
  <trkpt lat="-33.45128167" lon="-70.54576667"><ele>666.300</ele><time>2026-09-13T14:36:48Z</time><speed>0.000</speed><sat>12</sat></trkpt>
  <trkpt lat="-33.45128167" lon="-70.54576667"><ele>666.400</ele><time>2026-09-13T14:36:49Z</time><speed>0.000</speed><sat>12</sat></trkpt>
  <trkpt lat="-33.45128167" lon="-70.54576667"><ele>666.300</ele><time>2026-09-13T14:36:50Z</time><speed>0.000</speed><sat>12</sat></trkpt>
  <trkpt lat="-33.45128500" lon="-70.54577000"><ele>666.800</ele><time>2026-09-13T14:36:51Z</time><speed>0.000</speed><sat>12</sat></trkpt>
  <trkpt lat="-33.45127667" lon="-70.54576333"><ele>666.900</ele><time>2026-09-13T14:36:52Z</time><speed>0.000</speed><sat>12</sat></trkpt>
  <trkpt lat="-33.45127167" lon="-70.54575167"><ele>666.900</ele><time>2026-09-13T14:36:53Z</time><speed>0.000</speed><sat>12</sat></trkpt>
  <trkpt lat="-33.45127167" lon="-70.54574333"><ele>667.000</ele><time>2026-09-13T14:36:54Z</time><speed>0.000</speed><sat>12</sat></trkpt>
  <trkpt lat="-33.45126833" lon="-70.54573667"><ele>667.100</ele><time>2026-09-13T14:36:55Z</time><speed>0.000</speed><sat>12</sat></trkpt>
  <trkpt lat="-33.45126667" lon="-70.54572833"><ele>667.100</ele><time>2026-09-13T14:36:56Z</time><speed>0.000</speed><sat>12</sat></trkpt>
  <trkpt lat="-33.45127333" lon="-70.54573667"><ele>667.200</ele><time>2026-09-13T14:36:57Z</time><speed>0.000</speed><sat>13</sat></trkpt>
  <trkpt lat="-33.45127667" lon="-70.54574167"><ele>667.300</ele><time>2026-09-13T14:36:58Z</time><speed>0.000</speed><sat>13</sat></trkpt>
  <trkpt lat="-33.45128167" lon="-70.54574667"><ele>667.300</ele><time>2026-09-13T14:36:59Z</time><speed>0.000</speed><sat>13</sat></trkpt>
  <trkpt lat="-33.45128500" lon="-70.54575667"><ele>667.400</ele><time>2026-09-13T14:37:00Z</time><speed>0.000</speed><sat>13</sat></trkpt>
  <trkpt lat="-33.45128667" lon="-70.54575833"><ele>667.400</ele><time>2026-09-13T14:37:01Z</time><speed>0.000</speed><sat>13</sat></trkpt>
  <trkpt lat="-33.45128833" lon="-70.54576000"><ele>667.400</ele><time>2026-09-13T14:37:02Z</time><speed>0.000</speed><sat>13</sat></trkpt>
  <trkpt lat="-33.45128500" lon="-70.54576500"><ele>667.400</ele><time>2026-09-13T14:37:03Z</time><speed>0.000</speed><sat>13</sat></trkpt>
  <trkpt lat="-33.45128667" lon="-70.54576833"><ele>667.300</ele><time>2026-09-13T14:37:04Z</time><speed>0.000</speed><sat>11</sat></trkpt>
  <trkpt lat="-33.45127833" lon="-70.54578000"><ele>667.300</ele><time>2026-09-13T14:37:05Z</time><speed>0.000</speed><sat>11</sat></trkpt>
  <trkpt lat="-33.45127667" lon="-70.54578667"><ele>667.400</ele><time>2026-09-13T14:37:06Z</time><speed>0.000</speed><sat>11</sat></trkpt>
  <trkpt lat="-33.45127333" lon="-70.54579333"><ele>667.400</ele><time>2026-09-13T14:37:07Z</time><speed>0.000</speed><sat>11</sat></trkpt>
  <trkpt lat="-33.45127167" lon="-70.54579667"><ele>667.400</ele><time>2026-09-13T14:37:08Z</time><speed>0.000</speed><sat>11</sat></trkpt>
  <trkpt lat="-33.45127167" lon="-70.54581000"><ele>667.400</ele><time>2026-09-13T14:37:09Z</time><speed>0.000</speed><sat>11</sat></trkpt>
  <trkpt lat="-33.45127167" lon="-70.54581667"><ele>667.400</ele><time>2026-09-13T14:37:10Z</time><speed>0.000</speed><sat>11</sat></trkpt>
  <trkpt lat="-33.45127500" lon="-70.54581833"><ele>667.400</ele><time>2026-09-13T14:37:11Z</time><speed>0.000</speed><sat>12</sat></trkpt>
  <trkpt lat="-33.45127833" lon="-70.54582167"><ele>667.500</ele><time>2026-09-13T14:37:12Z</time><speed>0.000</speed><sat>12</sat></trkpt>
  <trkpt lat="-33.45128167" lon="-70.54581500"><ele>667.500</ele><time>2026-09-13T14:37:13Z</time><speed>0.000</speed><sat>11</sat></trkpt>
  <trkpt lat="-33.45128333" lon="-70.54581000"><ele>667.500</ele><time>2026-09-13T14:37:14Z</time><speed>0.000</speed><sat>11</sat></trkpt>
  <trkpt lat="-33.45127667" lon="-70.54580167"><ele>667.500</ele><time>2026-09-13T14:37:15Z</time><speed>0.000</speed><sat>10</sat></trkpt>
  <trkpt lat="-33.45127000" lon="-70.54579667"><ele>667.500</ele><time>2026-09-13T14:37:16Z</time><speed>0.000</speed><sat>10</sat></trkpt>
  <trkpt lat="-33.45126333" lon="-70.54579333"><ele>667.600</ele><time>2026-09-13T14:37:17Z</time><speed>0.000</speed><sat>10</sat></trkpt>
  <trkpt lat="-33.45126167" lon="-70.54578833"><ele>667.600</ele><time>2026-09-13T14:37:18Z</time><speed>0.000</speed><sat>10</sat></trkpt>
  <trkpt lat="-33.45125333" lon="-70.54579167"><ele>667.600</ele><time>2026-09-13T14:37:19Z</time><speed>0.000</speed><sat>9</sat></trkpt>
  <trkpt lat="-33.45124833" lon="-70.54578833"><ele>667.600</ele><time>2026-09-13T14:37:20Z</time><speed>0.000</speed><sat>9</sat></trkpt>
  <trkpt lat="-33.45124500" lon="-70.54580667"><ele>667.700</ele><time>2026-09-13T14:37:21Z</time><speed>0.000</speed><sat>9</sat></trkpt>
  <trkpt lat="-33.45124000" lon="-70.54582000"><ele>667.700</ele><time>2026-09-13T14:37:22Z</time><speed>0.000</speed><sat>9</sat></trkpt>
  <trkpt lat="-33.45123500" lon="-70.54581500"><ele>667.700</ele><time>2026-09-13T14:37:23Z</time><speed>0.000</speed><sat>9</sat></trkpt>
  <trkpt lat="-33.45122667" lon="-70.54582167"><ele>667.800</ele><time>2026-09-13T14:37:24Z</time><speed>0.000</speed><sat>10</sat></trkpt>
  <trkpt lat="-33.45124000" lon="-70.54584500"><ele>667.700</ele><time>2026-09-13T14:37:25Z</time><speed>0.000</speed><sat>10</sat></trkpt>
  <trkpt lat="-33.45125500" lon="-70.54587500"><ele>667.600</ele><time>2026-09-13T14:37:26Z</time><speed>0.000</speed><sat>10</sat></trkpt>
  <trkpt lat="-33.45125500" lon="-70.54587500"><ele>667.600</ele><time>2026-09-13T14:37:27Z</time><speed>0.000</speed><sat>10</sat></trkpt>
  <trkpt lat="-33.45125500" lon="-70.54587500"><ele>667.600</ele><time>2026-09-13T14:37:28Z</time><speed>0.000</speed><sat>10</sat></trkpt>
  <trkpt lat="-33.45125500" lon="-70.54587500"><ele>667.600</ele><time>2026-09-13T14:37:29Z</time><speed>0.000</speed><sat>11</sat></trkpt>
  <trkpt lat="-33.45125500" lon="-70.54587500"><ele>667.600</ele><time>2026-09-13T14:37:30Z</time><speed>0.000</speed><sat>12</sat></trkpt>
  <trkpt lat="-33.45125500" lon="-70.54587500"><ele>667.600</ele><time>2026-09-13T14:37:31Z</time><speed>0.000</speed><sat>14</sat></trkpt>
  <trkpt lat="-33.45125500" lon="-70.54587500"><ele>667.600</ele><time>2026-09-13T14:37:32Z</time><speed>0.000</speed><sat>14</sat></trkpt>
  <trkpt lat="-33.45125500" lon="-70.54587500"><ele>667.600</ele><time>2026-09-13T14:37:33Z</time><speed>0.000</speed><sat>15</sat></trkpt>
  <trkpt lat="-33.45125500" lon="-70.54587500"><ele>667.600</ele><time>2026-09-13T14:37:34Z</time><speed>0.000</speed><sat>16</sat></trkpt>
  <trkpt lat="-33.45125500" lon="-70.54587500"><ele>667.600</ele><time>2026-09-13T14:37:35Z</time><speed>0.000</speed><sat>18</sat></trkpt>
  <trkpt lat="-33.45125500" lon="-70.54587500"><ele>667.600</ele><time>2026-09-13T14:37:36Z</time><speed>0.000</speed><sat>18</sat></trkpt>
  <trkpt lat="-33.45125500" lon="-70.54587500"><ele>667.600</ele><time>2026-09-13T14:37:37Z</time><speed>0.000</speed><sat>18</sat></trkpt>
  <trkpt lat="-33.45125500" lon="-70.54587500"><ele>667.600</ele><time>2026-09-13T14:37:38Z</time><speed>0.000</speed><sat>18</sat></trkpt>
  <trkpt lat="-33.45125500" lon="-70.54587500"><ele>667.600</ele><time>2026-09-13T14:37:39Z</time><speed>0.000</speed><sat>18</sat></trkpt>
  <trkpt lat="-33.45125500" lon="-70.54587500"><ele>667.600</ele><time>2026-09-13T14:37:40Z</time><speed>0.000</speed><sat>18</sat></trkpt>
  <trkpt lat="-33.45125500" lon="-70.54587500"><ele>667.600</ele><time>2026-09-13T14:37:41Z</time><speed>0.000</speed><sat>18</sat></trkpt>
  <trkpt lat="-33.45125500" lon="-70.54587500"><ele>667.600</ele><time>2026-09-13T14:37:42Z</time><speed>0.000</speed><sat>18</sat></trkpt>
  <trkpt lat="-33.45125500" lon="-70.54587500"><ele>667.600</ele><time>2026-09-13T14:37:43Z</time><speed>0.000</speed><sat>19</sat></trkpt>
  <trkpt lat="-33.45125500" lon="-70.54587500"><ele>667.600</ele><time>2026-09-13T14:37:44Z</time><speed>0.000</speed><sat>19</sat></trkpt>
  <trkpt lat="-33.45125500" lon="-70.54587500"><ele>667.600</ele><time>2026-09-13T14:37:45Z</time><speed>0.000</speed><sat>18</sat></trkpt>
  <trkpt lat="-33.45125500" lon="-70.54587500"><ele>667.600</ele><time>2026-09-13T14:37:46Z</time><speed>0.000</speed><sat>17</sat></trkpt>
  <trkpt lat="-33.45125500" lon="-70.54587500"><ele>667.600</ele><time>2026-09-13T14:37:47Z</time><speed>0.000</speed><sat>18</sat></trkpt>
  <trkpt lat="-33.45125500" lon="-70.54587500"><ele>667.600</ele><time>2026-09-13T14:37:48Z</time><speed>0.000</speed><sat>18</sat></trkpt>
  <trkpt lat="-33.45125500" lon="-70.54587500"><ele>667.600</ele><time>2026-09-13T14:37:49Z</time><speed>0.000</speed><sat>17</sat></trkpt>
  <trkpt lat="-33.45125500" lon="-70.54587500"><ele>667.600</ele><time>2026-09-13T14:37:50Z</time><speed>0.000</speed><sat>16</sat></trkpt>
  <trkpt lat="-33.45125500" lon="-70.54587500"><ele>667.600</ele><time>2026-09-13T14:37:51Z</time><speed>0.000</speed><sat>16</sat></trkpt>
  <trkpt lat="-33.45125500" lon="-70.54587500"><ele>667.600</ele><time>2026-09-13T14:37:52Z</time><speed>0.000</speed><sat>16</sat></trkpt>
  <trkpt lat="-33.45133833" lon="-70.54583667"><ele>669.400</ele><time>2026-09-13T14:37:53Z</time><speed>0.000</speed><sat>15</sat></trkpt>
  <trkpt lat="-33.45134333" lon="-70.54583833"><ele>669.400</ele><time>2026-09-13T14:37:54Z</time><speed>0.000</speed><sat>15</sat></trkpt>
  <trkpt lat="-33.45134667" lon="-70.54583500"><ele>669.500</ele><time>2026-09-13T14:37:55Z</time><speed>0.000</speed><sat>14</sat></trkpt>
  <trkpt lat="-33.45134833" lon="-70.54583000"><ele>669.500</ele><time>2026-09-13T14:37:56Z</time><speed>0.000</speed><sat>15</sat></trkpt>
  <trkpt lat="-33.45135333" lon="-70.54582167"><ele>669.700</ele><time>2026-09-13T14:37:57Z</time><speed>0.000</speed><sat>14</sat></trkpt>
  <trkpt lat="-33.45135667" lon="-70.54581500"><ele>669.900</ele><time>2026-09-13T14:37:58Z</time><speed>0.000</speed><sat>11</sat></trkpt>
  <trkpt lat="-33.45135833" lon="-70.54580833"><ele>670.000</ele><time>2026-09-13T14:37:59Z</time><speed>0.000</speed><sat>11</sat></trkpt>
  <trkpt lat="-33.45136167" lon="-70.54580500"><ele>670.100</ele><time>2026-09-13T14:38:00Z</time><speed>0.000</speed><sat>12</sat></trkpt>
  <trkpt lat="-33.45136500" lon="-70.54580333"><ele>670.300</ele><time>2026-09-13T14:38:01Z</time><speed>0.000</speed><sat>12</sat></trkpt>
  <trkpt lat="-33.45136667" lon="-70.54580500"><ele>670.300</ele><time>2026-09-13T14:38:02Z</time><speed>0.000</speed><sat>12</sat></trkpt>
  <trkpt lat="-33.45136167" lon="-70.54580833"><ele>670.400</ele><time>2026-09-13T14:38:03Z</time><speed>0.000</speed><sat>10</sat></trkpt>
  <trkpt lat="-33.45135833" lon="-70.54581000"><ele>670.500</ele><time>2026-09-13T14:38:04Z</time><speed>0.000</speed><sat>10</sat></trkpt>
  <trkpt lat="-33.45135333" lon="-70.54581000"><ele>670.600</ele><time>2026-09-13T14:38:05Z</time><speed>0.000</speed><sat>10</sat></trkpt>
  <trkpt lat="-33.45135667" lon="-70.54581167"><ele>670.700</ele><time>2026-09-13T14:38:06Z</time><speed>0.000</speed><sat>10</sat></trkpt>
  <trkpt lat="-33.45136333" lon="-70.54581833"><ele>670.800</ele><time>2026-09-13T14:38:07Z</time><speed>0.000</speed><sat>11</sat></trkpt>
  <trkpt lat="-33.45136833" lon="-70.54582167"><ele>670.900</ele><time>2026-09-13T14:38:08Z</time><speed>0.000</speed><sat>11</sat></trkpt>
  <trkpt lat="-33.45136667" lon="-70.54581500"><ele>670.800</ele><time>2026-09-13T14:38:09Z</time><speed>0.000</speed><sat>13</sat></trkpt>
  <trkpt lat="-33.45137167" lon="-70.54582000"><ele>670.800</ele><time>2026-09-13T14:38:10Z</time><speed>0.000</speed><sat>13</sat></trkpt>
  <trkpt lat="-33.45136833" lon="-70.54582500"><ele>670.800</ele><time>2026-09-13T14:38:11Z</time><speed>0.000</speed><sat>13</sat></trkpt>
  <trkpt lat="-33.45136833" lon="-70.54582500"><ele>670.800</ele><time>2026-09-13T14:38:12Z</time><speed>0.000</speed><sat>14</sat></trkpt>
  <trkpt lat="-33.45136833" lon="-70.54582500"><ele>670.800</ele><time>2026-09-13T14:38:13Z</time><speed>0.000</speed><sat>13</sat></trkpt>
  <trkpt lat="-33.45136833" lon="-70.54582500"><ele>670.800</ele><time>2026-09-13T14:38:14Z</time><speed>0.000</speed><sat>14</sat></trkpt>
  <trkpt lat="-33.45136833" lon="-70.54582500"><ele>670.800</ele><time>2026-09-13T14:38:15Z</time><speed>0.000</speed><sat>15</sat></trkpt>
  <trkpt lat="-33.45136833" lon="-70.54582500"><ele>670.800</ele><time>2026-09-13T14:38:16Z</time><speed>0.000</speed><sat>16</sat></trkpt>
  <trkpt lat="-33.45136833" lon="-70.54582500"><ele>670.800</ele><time>2026-09-13T14:38:17Z</time><speed>0.000</speed><sat>16</sat></trkpt>
  <trkpt lat="-33.45136833" lon="-70.54582500"><ele>670.800</ele><time>2026-09-13T14:38:18Z</time><speed>0.000</speed><sat>17</sat></trkpt>
  <trkpt lat="-33.45136833" lon="-70.54582500"><ele>670.800</ele><time>2026-09-13T14:38:19Z</time><speed>0.000</speed><sat>14</sat></trkpt>
  <trkpt lat="-33.45136833" lon="-70.54582500"><ele>670.800</ele><time>2026-09-13T14:38:20Z</time><speed>0.000</speed><sat>16</sat></trkpt>
  <trkpt lat="-33.45136833" lon="-70.54582500"><ele>670.800</ele><time>2026-09-13T14:38:21Z</time><speed>0.000</speed><sat>16</sat></trkpt>
  <trkpt lat="-33.45136833" lon="-70.54582500"><ele>670.800</ele><time>2026-09-13T14:38:22Z</time><speed>0.000</speed><sat>16</sat></trkpt>
  <trkpt lat="-33.45136833" lon="-70.54582500"><ele>670.800</ele><time>2026-09-13T14:38:23Z</time><speed>0.000</speed><sat>16</sat></trkpt>
  <trkpt lat="-33.45136833" lon="-70.54582500"><ele>670.800</ele><time>2026-09-13T14:38:24Z</time><speed>0.000</speed><sat>16</sat></trkpt>
  <trkpt lat="-33.45136833" lon="-70.54582500"><ele>670.800</ele><time>2026-09-13T14:38:25Z</time><speed>0.000</speed><sat>16</sat></trkpt>
  <trkpt lat="-33.45136833" lon="-70.54582500"><ele>670.800</ele><time>2026-09-13T14:38:26Z</time><speed>0.000</speed><sat>15</sat></trkpt>
  <trkpt lat="-33.45136833" lon="-70.54582500"><ele>670.800</ele><time>2026-09-13T14:38:27Z</time><speed>0.000</speed><sat>16</sat></trkpt>
  <trkpt lat="-33.45136833" lon="-70.54582500"><ele>670.800</ele><time>2026-09-13T14:38:28Z</time><speed>0.000</speed><sat>15</sat></trkpt>
  <trkpt lat="-33.45136833" lon="-70.54582500"><ele>670.800</ele><time>2026-09-13T14:38:29Z</time><speed>0.000</speed><sat>14</sat></trkpt>
  <trkpt lat="-33.45136833" lon="-70.54582500"><ele>670.800</ele><time>2026-09-13T14:38:30Z</time><speed>0.000</speed><sat>13</sat></trkpt>
  <trkpt lat="-33.45136833" lon="-70.54582500"><ele>670.800</ele><time>2026-09-13T14:38:31Z</time><speed>0.000</speed><sat>13</sat></trkpt>
  <trkpt lat="-33.45136833" lon="-70.54582500"><ele>670.800</ele><time>2026-09-13T14:38:32Z</time><speed>0.000</speed><sat>14</sat></trkpt>
  <trkpt lat="-33.45136833" lon="-70.54582500"><ele>670.800</ele><time>2026-09-13T14:38:33Z</time><speed>0.000</speed><sat>13</sat></trkpt>
  <trkpt lat="-33.45136833" lon="-70.54582500"><ele>670.800</ele><time>2026-09-13T14:38:34Z</time><speed>0.000</speed><sat>13</sat></trkpt>
  <trkpt lat="-33.45136833" lon="-70.54582500"><ele>670.800</ele><time>2026-09-13T14:38:35Z</time><speed>0.000</speed><sat>13</sat></trkpt>
  <trkpt lat="-33.45136833" lon="-70.54582500"><ele>670.800</ele><time>2026-09-13T14:38:36Z</time><speed>0.000</speed><sat>13</sat></trkpt>
  <trkpt lat="-33.45136833" lon="-70.54582500"><ele>670.800</ele><time>2026-09-13T14:38:37Z</time><speed>0.000</speed><sat>14</sat></trkpt>
  <trkpt lat="-33.45135167" lon="-70.54581833"><ele>671.300</ele><time>2026-09-13T14:38:38Z</time><speed>0.000</speed><sat>14</sat></trkpt>
  <trkpt lat="-33.45136333" lon="-70.54581000"><ele>671.300</ele><time>2026-09-13T14:38:39Z</time><speed>0.000</speed><sat>13</sat></trkpt>
  <trkpt lat="-33.45136667" lon="-70.54580500"><ele>671.200</ele><time>2026-09-13T14:38:40Z</time><speed>0.000</speed><sat>13</sat></trkpt>
  <trkpt lat="-33.45138500" lon="-70.54581333"><ele>671.000</ele><time>2026-09-13T14:38:41Z</time><speed>0.000</speed><sat>14</sat></trkpt>
  <trkpt lat="-33.45138500" lon="-70.54581500"><ele>670.900</ele><time>2026-09-13T14:38:42Z</time><speed>0.000</speed><sat>14</sat></trkpt>
  <trkpt lat="-33.45138500" lon="-70.54581500"><ele>670.900</ele><time>2026-09-13T14:38:43Z</time><speed>0.000</speed><sat>15</sat></trkpt>
  <trkpt lat="-33.45138833" lon="-70.54582333"><ele>670.700</ele><time>2026-09-13T14:38:44Z</time><speed>0.000</speed><sat>15</sat></trkpt>
  <trkpt lat="-33.45138500" lon="-70.54582833"><ele>670.700</ele><time>2026-09-13T14:38:45Z</time><speed>0.000</speed><sat>15</sat></trkpt>
  <trkpt lat="-33.45138333" lon="-70.54583000"><ele>670.600</ele><time>2026-09-13T14:38:46Z</time><speed>0.000</speed><sat>16</sat></trkpt>
  <trkpt lat="-33.45138333" lon="-70.54583333"><ele>670.500</ele><time>2026-09-13T14:38:47Z</time><speed>0.000</speed><sat>17</sat></trkpt>
  <trkpt lat="-33.45137833" lon="-70.54583500"><ele>670.500</ele><time>2026-09-13T14:38:48Z</time><speed>0.000</speed><sat>17</sat></trkpt>
  <trkpt lat="-33.45137500" lon="-70.54583667"><ele>670.500</ele><time>2026-09-13T14:38:49Z</time><speed>0.000</speed><sat>17</sat></trkpt>
  <trkpt lat="-33.45137333" lon="-70.54583500"><ele>670.500</ele><time>2026-09-13T14:38:50Z</time><speed>0.000</speed><sat>16</sat></trkpt>
  <trkpt lat="-33.45137000" lon="-70.54583333"><ele>670.400</ele><time>2026-09-13T14:38:51Z</time><speed>0.000</speed><sat>16</sat></trkpt>
  <trkpt lat="-33.45136833" lon="-70.54583333"><ele>670.400</ele><time>2026-09-13T14:38:52Z</time><speed>0.000</speed><sat>16</sat></trkpt>
  <trkpt lat="-33.45135333" lon="-70.54583167"><ele>670.100</ele><time>2026-09-13T14:38:53Z</time><speed>0.000</speed><sat>17</sat></trkpt>
  <trkpt lat="-33.45135000" lon="-70.54582333"><ele>670.000</ele><time>2026-09-13T14:38:54Z</time><speed>0.000</speed><sat>16</sat></trkpt>
  <trkpt lat="-33.45134500" lon="-70.54582000"><ele>669.900</ele><time>2026-09-13T14:38:55Z</time><speed>0.000</speed><sat>17</sat></trkpt>
  <trkpt lat="-33.45134500" lon="-70.54582000"><ele>669.900</ele><time>2026-09-13T14:38:56Z</time><speed>0.000</speed><sat>18</sat></trkpt>
  <trkpt lat="-33.45134500" lon="-70.54582000"><ele>669.900</ele><time>2026-09-13T14:38:57Z</time><speed>0.000</speed><sat>18</sat></trkpt>
  <trkpt lat="-33.45134500" lon="-70.54582000"><ele>669.900</ele><time>2026-09-13T14:38:58Z</time><speed>0.000</speed><sat>18</sat></trkpt>
  <trkpt lat="-33.45134500" lon="-70.54582000"><ele>669.900</ele><time>2026-09-13T14:38:59Z</time><speed>0.000</speed><sat>19</sat></trkpt>
  <trkpt lat="-33.45134500" lon="-70.54582000"><ele>669.900</ele><time>2026-09-13T14:39:00Z</time><speed>0.000</speed><sat>18</sat></trkpt>
  <trkpt lat="-33.45134500" lon="-70.54582000"><ele>669.900</ele><time>2026-09-13T14:39:01Z</time><speed>0.000</speed><sat>16</sat></trkpt>
  <trkpt lat="-33.45134500" lon="-70.54582000"><ele>669.900</ele><time>2026-09-13T14:39:02Z</time><speed>0.000</speed><sat>17</sat></trkpt>
  <trkpt lat="-33.45134500" lon="-70.54582000"><ele>669.900</ele><time>2026-09-13T14:39:03Z</time><speed>0.000</speed><sat>17</sat></trkpt>
  <trkpt lat="-33.45134500" lon="-70.54582000"><ele>669.900</ele><time>2026-09-13T14:39:04Z</time><speed>0.000</speed><sat>19</sat></trkpt>
  <trkpt lat="-33.45134500" lon="-70.54582000"><ele>669.900</ele><time>2026-09-13T14:39:05Z</time><speed>0.000</speed><sat>19</sat></trkpt>
  <trkpt lat="-33.45134500" lon="-70.54582000"><ele>669.900</ele><time>2026-09-13T14:39:06Z</time><speed>0.000</speed><sat>16</sat></trkpt>
  <trkpt lat="-33.45134500" lon="-70.54582000"><ele>669.900</ele><time>2026-09-13T14:39:07Z</time><speed>0.000</speed><sat>15</sat></trkpt>
  <trkpt lat="-33.45134500" lon="-70.54582000"><ele>669.900</ele><time>2026-09-13T14:39:08Z</time><speed>0.000</speed><sat>15</sat></trkpt>
  <trkpt lat="-33.45134500" lon="-70.54582000"><ele>669.900</ele><time>2026-09-13T14:39:09Z</time><speed>0.000</speed><sat>13</sat></trkpt>
  <trkpt lat="-33.45130167" lon="-70.54581167"><ele>669.000</ele><time>2026-09-13T14:39:10Z</time><speed>0.000</speed><sat>11</sat></trkpt>
  <trkpt lat="-33.45129500" lon="-70.54581000"><ele>668.900</ele><time>2026-09-13T14:39:11Z</time><speed>0.000</speed><sat>11</sat></trkpt>
  <trkpt lat="-33.45128667" lon="-70.54581333"><ele>668.800</ele><time>2026-09-13T14:39:12Z</time><speed>0.000</speed><sat>12</sat></trkpt>
  <trkpt lat="-33.45129167" lon="-70.54580500"><ele>668.700</ele><time>2026-09-13T14:39:13Z</time><speed>0.000</speed><sat>12</sat></trkpt>
  <trkpt lat="-33.45129333" lon="-70.54580833"><ele>668.600</ele><time>2026-09-13T14:39:14Z</time><speed>0.000</speed><sat>11</sat></trkpt>
  <trkpt lat="-33.45130000" lon="-70.54581500"><ele>668.500</ele><time>2026-09-13T14:39:15Z</time><speed>0.000</speed><sat>11</sat></trkpt>
  <trkpt lat="-33.45130833" lon="-70.54582167"><ele>668.400</ele><time>2026-09-13T14:39:16Z</time><speed>0.000</speed><sat>10</sat></trkpt>
  <trkpt lat="-33.45131833" lon="-70.54583000"><ele>668.500</ele><time>2026-09-13T14:39:17Z</time><speed>0.000</speed><sat>11</sat></trkpt>
  <trkpt lat="-33.45132667" lon="-70.54583833"><ele>668.500</ele><time>2026-09-13T14:39:18Z</time><speed>0.000</speed><sat>11</sat></trkpt>
  <trkpt lat="-33.45132667" lon="-70.54583667"><ele>668.500</ele><time>2026-09-13T14:39:19Z</time><speed>0.000</speed><sat>10</sat></trkpt>
  <trkpt lat="-33.45132667" lon="-70.54584000"><ele>668.500</ele><time>2026-09-13T14:39:20Z</time><speed>0.000</speed><sat>11</sat></trkpt>
  <trkpt lat="-33.45132833" lon="-70.54582333"><ele>668.200</ele><time>2026-09-13T14:39:21Z</time><speed>0.000</speed><sat>12</sat></trkpt>
  <trkpt lat="-33.45132167" lon="-70.54580833"><ele>668.000</ele><time>2026-09-13T14:39:22Z</time><speed>0.000</speed><sat>13</sat></trkpt>
  <trkpt lat="-33.45131833" lon="-70.54579167"><ele>667.800</ele><time>2026-09-13T14:39:23Z</time><speed>0.000</speed><sat>12</sat></trkpt>
  <trkpt lat="-33.45131333" lon="-70.54579167"><ele>667.700</ele><time>2026-09-13T14:39:24Z</time><speed>0.000</speed><sat>11</sat></trkpt>
  <trkpt lat="-33.45130667" lon="-70.54580000"><ele>667.700</ele><time>2026-09-13T14:39:25Z</time><speed>0.000</speed><sat>12</sat></trkpt>
  <trkpt lat="-33.45130000" lon="-70.54580667"><ele>667.700</ele><time>2026-09-13T14:39:26Z</time><speed>0.000</speed><sat>13</sat></trkpt>
  <trkpt lat="-33.45129500" lon="-70.54581833"><ele>667.600</ele><time>2026-09-13T14:39:27Z</time><speed>0.000</speed><sat>14</sat></trkpt>
  <trkpt lat="-33.45129000" lon="-70.54581667"><ele>667.600</ele><time>2026-09-13T14:39:28Z</time><speed>0.000</speed><sat>14</sat></trkpt>
  <trkpt lat="-33.45128333" lon="-70.54581667"><ele>667.700</ele><time>2026-09-13T14:39:29Z</time><speed>0.000</speed><sat>13</sat></trkpt>
  <trkpt lat="-33.45127500" lon="-70.54582167"><ele>667.700</ele><time>2026-09-13T14:39:30Z</time><speed>0.000</speed><sat>13</sat></trkpt>
  <trkpt lat="-33.45127000" lon="-70.54583167"><ele>667.700</ele><time>2026-09-13T14:39:31Z</time><speed>0.000</speed><sat>13</sat></trkpt>
  <trkpt lat="-33.45126500" lon="-70.54584333"><ele>667.800</ele><time>2026-09-13T14:39:32Z</time><speed>0.000</speed><sat>13</sat></trkpt>
  <trkpt lat="-33.45126167" lon="-70.54585000"><ele>667.800</ele><time>2026-09-13T14:39:33Z</time><speed>0.000</speed><sat>13</sat></trkpt>
  <trkpt lat="-33.45126000" lon="-70.54585500"><ele>667.900</ele><time>2026-09-13T14:39:34Z</time><speed>0.000</speed><sat>13</sat></trkpt>
  <trkpt lat="-33.45125000" lon="-70.54586000"><ele>667.900</ele><time>2026-09-13T14:39:35Z</time><speed>0.000</speed><sat>13</sat></trkpt>
  <trkpt lat="-33.45124167" lon="-70.54586333"><ele>667.900</ele><time>2026-09-13T14:39:36Z</time><speed>0.000</speed><sat>13</sat></trkpt>
  <trkpt lat="-33.45124000" lon="-70.54585667"><ele>667.800</ele><time>2026-09-13T14:39:37Z</time><speed>0.000</speed><sat>13</sat></trkpt>
  <trkpt lat="-33.45123667" lon="-70.54584833"><ele>667.800</ele><time>2026-09-13T14:39:38Z</time><speed>0.000</speed><sat>13</sat></trkpt>
  <trkpt lat="-33.45123000" lon="-70.54584667"><ele>667.700</ele><time>2026-09-13T14:39:39Z</time><speed>0.000</speed><sat>13</sat></trkpt>
  <trkpt lat="-33.45122833" lon="-70.54584833"><ele>667.600</ele><time>2026-09-13T14:39:40Z</time><speed>0.000</speed><sat>12</sat></trkpt>
  <trkpt lat="-33.45122833" lon="-70.54585000"><ele>667.500</ele><time>2026-09-13T14:39:41Z</time><speed>0.000</speed><sat>12</sat></trkpt>
  <trkpt lat="-33.45123500" lon="-70.54584833"><ele>667.400</ele><time>2026-09-13T14:39:42Z</time><speed>0.000</speed><sat>13</sat></trkpt>
  <trkpt lat="-33.45123500" lon="-70.54585167"><ele>667.400</ele><time>2026-09-13T14:39:43Z</time><speed>0.000</speed><sat>13</sat></trkpt>
  <trkpt lat="-33.45123667" lon="-70.54585500"><ele>667.500</ele><time>2026-09-13T14:39:44Z</time><speed>0.000</speed><sat>13</sat></trkpt>
  <trkpt lat="-33.45126833" lon="-70.54583333"><ele>666.900</ele><time>2026-09-13T14:39:45Z</time><speed>0.000</speed><sat>12</sat></trkpt>
  <trkpt lat="-33.45127167" lon="-70.54583833"><ele>666.900</ele><time>2026-09-13T14:39:46Z</time><speed>0.000</speed><sat>12</sat></trkpt>
  <trkpt lat="-33.45127833" lon="-70.54583833"><ele>666.900</ele><time>2026-09-13T14:39:47Z</time><speed>0.000</speed><sat>11</sat></trkpt>
  <trkpt lat="-33.45128167" lon="-70.54583833"><ele>666.900</ele><time>2026-09-13T14:39:48Z</time><speed>0.000</speed><sat>11</sat></trkpt>
  <trkpt lat="-33.45128667" lon="-70.54584000"><ele>666.900</ele><time>2026-09-13T14:39:49Z</time><speed>0.000</speed><sat>11</sat></trkpt>
  <trkpt lat="-33.45128667" lon="-70.54584000"><ele>666.900</ele><time>2026-09-13T14:39:50Z</time><speed>0.000</speed><sat>11</sat></trkpt>
  <trkpt lat="-33.45128667" lon="-70.54584000"><ele>666.900</ele><time>2026-09-13T14:39:51Z</time><speed>0.000</speed><sat>11</sat></trkpt>
  <trkpt lat="-33.45128667" lon="-70.54584000"><ele>666.900</ele><time>2026-09-13T14:39:52Z</time><speed>0.000</speed><sat>11</sat></trkpt>
  <trkpt lat="-33.45128667" lon="-70.54584000"><ele>666.900</ele><time>2026-09-13T14:39:53Z</time><speed>0.000</speed><sat>10</sat></trkpt>
  <trkpt lat="-33.45129833" lon="-70.54585333"><ele>666.900</ele><time>2026-09-13T14:39:54Z</time><speed>0.000</speed><sat>10</sat></trkpt>
  <trkpt lat="-33.45130500" lon="-70.54584833"><ele>666.900</ele><time>2026-09-13T14:39:55Z</time><speed>0.000</speed><sat>11</sat></trkpt>
  <trkpt lat="-33.45130667" lon="-70.54584000"><ele>666.800</ele><time>2026-09-13T14:39:56Z</time><speed>0.000</speed><sat>11</sat></trkpt>
  <trkpt lat="-33.45131167" lon="-70.54583833"><ele>666.800</ele><time>2026-09-13T14:39:57Z</time><speed>0.000</speed><sat>11</sat></trkpt>
  <trkpt lat="-33.45131167" lon="-70.54583833"><ele>666.800</ele><time>2026-09-13T14:39:58Z</time><speed>0.000</speed><sat>11</sat></trkpt>
  <trkpt lat="-33.45132833" lon="-70.54583667"><ele>666.800</ele><time>2026-09-13T14:39:59Z</time><speed>0.000</speed><sat>13</sat></trkpt>
  <trkpt lat="-33.45133833" lon="-70.54584167"><ele>666.800</ele><time>2026-09-13T14:40:00Z</time><speed>0.000</speed><sat>13</sat></trkpt>
  <trkpt lat="-33.45133833" lon="-70.54584000"><ele>666.800</ele><time>2026-09-13T14:40:01Z</time><speed>0.000</speed><sat>14</sat></trkpt>
  <trkpt lat="-33.45133333" lon="-70.54584167"><ele>666.800</ele><time>2026-09-13T14:40:02Z</time><speed>0.000</speed><sat>15</sat></trkpt>
  <trkpt lat="-33.45132833" lon="-70.54585167"><ele>666.700</ele><time>2026-09-13T14:40:03Z</time><speed>0.000</speed><sat>15</sat></trkpt>
  <trkpt lat="-33.45132667" lon="-70.54586167"><ele>666.600</ele><time>2026-09-13T14:40:04Z</time><speed>0.000</speed><sat>14</sat></trkpt>
  <trkpt lat="-33.45132667" lon="-70.54586167"><ele>666.600</ele><time>2026-09-13T14:40:05Z</time><speed>0.000</speed><sat>13</sat></trkpt>
  <trkpt lat="-33.45132667" lon="-70.54586167"><ele>666.600</ele><time>2026-09-13T14:40:06Z</time><speed>0.000</speed><sat>13</sat></trkpt>
  <trkpt lat="-33.45132667" lon="-70.54586167"><ele>666.600</ele><time>2026-09-13T14:40:07Z</time><speed>0.000</speed><sat>12</sat></trkpt>
  <trkpt lat="-33.45132667" lon="-70.54586167"><ele>666.600</ele><time>2026-09-13T14:40:08Z</time><speed>0.000</speed><sat>11</sat></trkpt>
  <trkpt lat="-33.45132667" lon="-70.54586167"><ele>666.600</ele><time>2026-09-13T14:40:09Z</time><speed>0.000</speed><sat>11</sat></trkpt>
  <trkpt lat="-33.45132667" lon="-70.54586167"><ele>666.600</ele><time>2026-09-13T14:40:10Z</time><speed>0.000</speed><sat>11</sat></trkpt>
  <trkpt lat="-33.45132667" lon="-70.54586167"><ele>666.600</ele><time>2026-09-13T14:40:11Z</time><speed>0.000</speed><sat>12</sat></trkpt>
  <trkpt lat="-33.45132667" lon="-70.54586167"><ele>666.600</ele><time>2026-09-13T14:40:12Z</time><speed>0.000</speed><sat>12</sat></trkpt>
  <trkpt lat="-33.45132667" lon="-70.54586167"><ele>666.600</ele><time>2026-09-13T14:40:13Z</time><speed>0.000</speed><sat>12</sat></trkpt>
  <trkpt lat="-33.45132667" lon="-70.54586167"><ele>666.600</ele><time>2026-09-13T14:40:14Z</time><speed>0.000</speed><sat>12</sat></trkpt>
  <trkpt lat="-33.45132667" lon="-70.54586167"><ele>666.600</ele><time>2026-09-13T14:40:15Z</time><speed>0.000</speed><sat>12</sat></trkpt>
  <trkpt lat="-33.45132667" lon="-70.54586167"><ele>666.600</ele><time>2026-09-13T14:40:16Z</time><speed>0.000</speed><sat>12</sat></trkpt>
  <trkpt lat="-33.45132667" lon="-70.54586167"><ele>666.600</ele><time>2026-09-13T14:40:17Z</time><speed>0.000</speed><sat>12</sat></trkpt>
  <trkpt lat="-33.45132667" lon="-70.54586167"><ele>666.600</ele><time>2026-09-13T14:40:18Z</time><speed>0.000</speed><sat>12</sat></trkpt>
  <trkpt lat="-33.45130000" lon="-70.54584833"><ele>666.800</ele><time>2026-09-13T14:40:19Z</time><speed>0.000</speed><sat>12</sat></trkpt>
  <trkpt lat="-33.45128167" lon="-70.54581000"><ele>666.600</ele><time>2026-09-13T14:40:20Z</time><speed>0.000</speed><sat>12</sat></trkpt>
  <trkpt lat="-33.45128167" lon="-70.54581667"><ele>666.000</ele><time>2026-09-13T14:40:21Z</time><speed>0.000</speed><sat>13</sat></trkpt>
  <trkpt lat="-33.45128000" lon="-70.54581333"><ele>666.100</ele><time>2026-09-13T14:40:22Z</time><speed>0.000</speed><sat>12</sat></trkpt>
  <trkpt lat="-33.45127833" lon="-70.54581000"><ele>666.100</ele><time>2026-09-13T14:40:23Z</time><speed>0.000</speed><sat>12</sat></trkpt>
  <trkpt lat="-33.45126500" lon="-70.54579833"><ele>666.100</ele><time>2026-09-13T14:40:24Z</time><speed>0.000</speed><sat>12</sat></trkpt>
  <trkpt lat="-33.45126000" lon="-70.54579500"><ele>666.200</ele><time>2026-09-13T14:40:25Z</time><speed>0.000</speed><sat>12</sat></trkpt>
  <trkpt lat="-33.45125000" lon="-70.54578667"><ele>666.200</ele><time>2026-09-13T14:40:26Z</time><speed>0.000</speed><sat>12</sat></trkpt>
  <trkpt lat="-33.45124833" lon="-70.54578833"><ele>666.300</ele><time>2026-09-13T14:40:27Z</time><speed>0.000</speed><sat>11</sat></trkpt>
  <trkpt lat="-33.45124667" lon="-70.54579500"><ele>666.400</ele><time>2026-09-13T14:40:28Z</time><speed>0.000</speed><sat>11</sat></trkpt>
  <trkpt lat="-33.45124167" lon="-70.54578167"><ele>666.400</ele><time>2026-09-13T14:40:29Z</time><speed>0.000</speed><sat>11</sat></trkpt>
  <trkpt lat="-33.45124000" lon="-70.54578833"><ele>666.500</ele><time>2026-09-13T14:40:30Z</time><speed>0.000</speed><sat>12</sat></trkpt>
  <trkpt lat="-33.45121833" lon="-70.54579500"><ele>666.400</ele><time>2026-09-13T14:40:31Z</time><speed>0.000</speed><sat>12</sat></trkpt>
  <trkpt lat="-33.45121333" lon="-70.54579833"><ele>666.500</ele><time>2026-09-13T14:40:32Z</time><speed>0.000</speed><sat>12</sat></trkpt>
  <trkpt lat="-33.45120333" lon="-70.54581000"><ele>666.500</ele><time>2026-09-13T14:40:33Z</time><speed>0.000</speed><sat>12</sat></trkpt>
  <trkpt lat="-33.45120000" lon="-70.54581333"><ele>666.600</ele><time>2026-09-13T14:40:34Z</time><speed>0.000</speed><sat>12</sat></trkpt>
  <trkpt lat="-33.45120000" lon="-70.54581333"><ele>666.700</ele><time>2026-09-13T14:40:35Z</time><speed>0.000</speed><sat>11</sat></trkpt>
  <trkpt lat="-33.45120000" lon="-70.54581333"><ele>666.700</ele><time>2026-09-13T14:40:36Z</time><speed>0.000</speed><sat>11</sat></trkpt>
  <trkpt lat="-33.45120167" lon="-70.54581833"><ele>666.800</ele><time>2026-09-13T14:40:37Z</time><speed>0.000</speed><sat>11</sat></trkpt>
  <trkpt lat="-33.45120167" lon="-70.54582333"><ele>666.900</ele><time>2026-09-13T14:40:38Z</time><speed>0.000</speed><sat>11</sat></trkpt>
  <trkpt lat="-33.45120833" lon="-70.54583000"><ele>666.900</ele><time>2026-09-13T14:40:39Z</time><speed>0.000</speed><sat>11</sat></trkpt>
  <trkpt lat="-33.45121500" lon="-70.54583333"><ele>666.900</ele><time>2026-09-13T14:40:40Z</time><speed>0.000</speed><sat>12</sat></trkpt>
  <trkpt lat="-33.45121333" lon="-70.54583500"><ele>667.000</ele><time>2026-09-13T14:40:41Z</time><speed>0.000</speed><sat>12</sat></trkpt>
  <trkpt lat="-33.45121500" lon="-70.54582667"><ele>667.200</ele><time>2026-09-13T14:40:42Z</time><speed>0.000</speed><sat>12</sat></trkpt>
  <trkpt lat="-33.45121000" lon="-70.54582167"><ele>667.300</ele><time>2026-09-13T14:40:43Z</time><speed>0.000</speed><sat>12</sat></trkpt>
  <trkpt lat="-33.45121500" lon="-70.54582000"><ele>667.400</ele><time>2026-09-13T14:40:44Z</time><speed>0.000</speed><sat>12</sat></trkpt>
  <trkpt lat="-33.45121667" lon="-70.54581500"><ele>667.600</ele><time>2026-09-13T14:40:45Z</time><speed>0.000</speed><sat>12</sat></trkpt>
  <trkpt lat="-33.45122500" lon="-70.54582167"><ele>667.800</ele><time>2026-09-13T14:40:46Z</time><speed>0.000</speed><sat>12</sat></trkpt>
  <trkpt lat="-33.45123000" lon="-70.54582000"><ele>667.900</ele><time>2026-09-13T14:40:47Z</time><speed>0.000</speed><sat>12</sat></trkpt>
  <trkpt lat="-33.45124000" lon="-70.54581500"><ele>668.000</ele><time>2026-09-13T14:40:48Z</time><speed>0.000</speed><sat>12</sat></trkpt>
  <trkpt lat="-33.45124667" lon="-70.54581167"><ele>668.100</ele><time>2026-09-13T14:40:49Z</time><speed>0.000</speed><sat>13</sat></trkpt>
  <trkpt lat="-33.45125500" lon="-70.54581500"><ele>668.200</ele><time>2026-09-13T14:40:50Z</time><speed>0.000</speed><sat>13</sat></trkpt>
  <trkpt lat="-33.45127000" lon="-70.54581333"><ele>668.500</ele><time>2026-09-13T14:40:51Z</time><speed>0.000</speed><sat>15</sat></trkpt>
  <trkpt lat="-33.45127333" lon="-70.54581167"><ele>668.700</ele><time>2026-09-13T14:40:52Z</time><speed>0.000</speed><sat>15</sat></trkpt>
  <trkpt lat="-33.45127833" lon="-70.54581333"><ele>668.800</ele><time>2026-09-13T14:40:53Z</time><speed>0.000</speed><sat>15</sat></trkpt>
  <trkpt lat="-33.45128000" lon="-70.54581000"><ele>668.900</ele><time>2026-09-13T14:40:54Z</time><speed>0.000</speed><sat>15</sat></trkpt>
  <trkpt lat="-33.45127667" lon="-70.54580500"><ele>669.200</ele><time>2026-09-13T14:40:55Z</time><speed>0.000</speed><sat>15</sat></trkpt>
  <trkpt lat="-33.45127167" lon="-70.54579167"><ele>669.600</ele><time>2026-09-13T14:40:56Z</time><speed>0.000</speed><sat>15</sat></trkpt>
  <trkpt lat="-33.45126500" lon="-70.54577500"><ele>669.900</ele><time>2026-09-13T14:40:57Z</time><speed>0.000</speed><sat>14</sat></trkpt>
  <trkpt lat="-33.45126167" lon="-70.54576167"><ele>670.100</ele><time>2026-09-13T14:40:58Z</time><speed>0.000</speed><sat>14</sat></trkpt>
  <trkpt lat="-33.45125667" lon="-70.54575000"><ele>670.500</ele><time>2026-09-13T14:40:59Z</time><speed>0.000</speed><sat>15</sat></trkpt>
  <trkpt lat="-33.45123667" lon="-70.54572333"><ele>670.700</ele><time>2026-09-13T14:41:00Z</time><speed>0.000</speed><sat>15</sat></trkpt>
  <trkpt lat="-33.45122167" lon="-70.54571000"><ele>670.700</ele><time>2026-09-13T14:41:01Z</time><speed>0.000</speed><sat>16</sat></trkpt>
  <trkpt lat="-33.45121333" lon="-70.54569500"><ele>670.700</ele><time>2026-09-13T14:41:02Z</time><speed>0.000</speed><sat>16</sat></trkpt>
  <trkpt lat="-33.45121167" lon="-70.54569833"><ele>670.700</ele><time>2026-09-13T14:41:03Z</time><speed>0.000</speed><sat>15</sat></trkpt>
  <trkpt lat="-33.45121667" lon="-70.54569833"><ele>670.700</ele><time>2026-09-13T14:41:04Z</time><speed>0.000</speed><sat>14</sat></trkpt>
  <trkpt lat="-33.45121833" lon="-70.54570333"><ele>670.700</ele><time>2026-09-13T14:41:05Z</time><speed>0.000</speed><sat>14</sat></trkpt>
  <trkpt lat="-33.45122167" lon="-70.54570333"><ele>670.700</ele><time>2026-09-13T14:41:06Z</time><speed>0.000</speed><sat>13</sat></trkpt>
  <trkpt lat="-33.45122667" lon="-70.54570833"><ele>670.700</ele><time>2026-09-13T14:41:07Z</time><speed>0.000</speed><sat>13</sat></trkpt>
  <trkpt lat="-33.45122833" lon="-70.54570167"><ele>670.700</ele><time>2026-09-13T14:41:08Z</time><speed>0.000</speed><sat>13</sat></trkpt>
  <trkpt lat="-33.45122833" lon="-70.54569833"><ele>670.700</ele><time>2026-09-13T14:41:09Z</time><speed>0.000</speed><sat>13</sat></trkpt>
  <trkpt lat="-33.45123000" lon="-70.54569500"><ele>670.700</ele><time>2026-09-13T14:41:10Z</time><speed>0.000</speed><sat>13</sat></trkpt>
  <trkpt lat="-33.45123167" lon="-70.54569333"><ele>670.700</ele><time>2026-09-13T14:41:11Z</time><speed>0.000</speed><sat>12</sat></trkpt>
  <trkpt lat="-33.45123167" lon="-70.54569167"><ele>670.700</ele><time>2026-09-13T14:41:12Z</time><speed>0.000</speed><sat>12</sat></trkpt>
  <trkpt lat="-33.45124000" lon="-70.54570167"><ele>670.800</ele><time>2026-09-13T14:41:13Z</time><speed>0.000</speed><sat>12</sat></trkpt>
  <trkpt lat="-33.45124833" lon="-70.54571167"><ele>670.800</ele><time>2026-09-13T14:41:14Z</time><speed>0.000</speed><sat>12</sat></trkpt>
  <trkpt lat="-33.45125833" lon="-70.54571833"><ele>670.700</ele><time>2026-09-13T14:41:15Z</time><speed>0.000</speed><sat>12</sat></trkpt>
  <trkpt lat="-33.45125833" lon="-70.54571833"><ele>670.700</ele><time>2026-09-13T14:41:16Z</time><speed>0.000</speed><sat>12</sat></trkpt>
  <trkpt lat="-33.45125833" lon="-70.54571833"><ele>670.700</ele><time>2026-09-13T14:41:17Z</time><speed>0.000</speed><sat>13</sat></trkpt>
  <trkpt lat="-33.45125833" lon="-70.54571833"><ele>670.700</ele><time>2026-09-13T14:41:18Z</time><speed>0.000</speed><sat>12</sat></trkpt>
  <trkpt lat="-33.45129333" lon="-70.54569333"><ele>670.700</ele><time>2026-09-13T14:41:19Z</time><speed>0.000</speed><sat>11</sat></trkpt>
  <trkpt lat="-33.45129000" lon="-70.54568000"><ele>670.700</ele><time>2026-09-13T14:41:20Z</time><speed>0.000</speed><sat>10</sat></trkpt>
  <trkpt lat="-33.45128667" lon="-70.54566333"><ele>670.700</ele><time>2026-09-13T14:41:21Z</time><speed>0.000</speed><sat>10</sat></trkpt>
  <trkpt lat="-33.45129500" lon="-70.54566833"><ele>670.600</ele><time>2026-09-13T14:41:22Z</time><speed>0.000</speed><sat>9</sat></trkpt>
  <trkpt lat="-33.45129000" lon="-70.54566833"><ele>670.600</ele><time>2026-09-13T14:41:23Z</time><speed>0.000</speed><sat>9</sat></trkpt>
  <trkpt lat="-33.45127833" lon="-70.54566833"><ele>670.600</ele><time>2026-09-13T14:41:24Z</time><speed>0.000</speed><sat>10</sat></trkpt>
  <trkpt lat="-33.45128000" lon="-70.54566500"><ele>670.700</ele><time>2026-09-13T14:41:25Z</time><speed>0.000</speed><sat>10</sat></trkpt>
  <trkpt lat="-33.45128167" lon="-70.54566500"><ele>670.600</ele><time>2026-09-13T14:41:26Z</time><speed>0.000</speed><sat>10</sat></trkpt>
  <trkpt lat="-33.45127833" lon="-70.54567000"><ele>670.600</ele><time>2026-09-13T14:41:27Z</time><speed>0.000</speed><sat>10</sat></trkpt>
  <trkpt lat="-33.45128000" lon="-70.54567833"><ele>670.600</ele><time>2026-09-13T14:41:28Z</time><speed>0.000</speed><sat>10</sat></trkpt>
  <trkpt lat="-33.45128500" lon="-70.54569333"><ele>670.600</ele><time>2026-09-13T14:41:29Z</time><speed>0.000</speed><sat>9</sat></trkpt>
  <trkpt lat="-33.45129167" lon="-70.54569833"><ele>670.600</ele><time>2026-09-13T14:41:30Z</time><speed>0.000</speed><sat>10</sat></trkpt>
  <trkpt lat="-33.45130667" lon="-70.54569667"><ele>670.600</ele><time>2026-09-13T14:41:31Z</time><speed>0.000</speed><sat>10</sat></trkpt>
  <trkpt lat="-33.45132667" lon="-70.54569833"><ele>670.500</ele><time>2026-09-13T14:41:32Z</time><speed>0.000</speed><sat>9</sat></trkpt>
  <trkpt lat="-33.45133500" lon="-70.54568833"><ele>670.400</ele><time>2026-09-13T14:41:33Z</time><speed>0.000</speed><sat>9</sat></trkpt>
  <trkpt lat="-33.45135333" lon="-70.54568833"><ele>670.500</ele><time>2026-09-13T14:41:34Z</time><speed>0.000</speed><sat>10</sat></trkpt>
  <trkpt lat="-33.45135833" lon="-70.54567833"><ele>670.500</ele><time>2026-09-13T14:41:35Z</time><speed>0.000</speed><sat>10</sat></trkpt>
  <trkpt lat="-33.45136000" lon="-70.54568667"><ele>670.500</ele><time>2026-09-13T14:41:36Z</time><speed>0.863</speed><sat>11</sat></trkpt>
  <trkpt lat="-33.45135500" lon="-70.54569500"><ele>670.200</ele><time>2026-09-13T14:41:37Z</time><speed>0.000</speed><sat>12</sat></trkpt>
  <trkpt lat="-33.45135333" lon="-70.54570833"><ele>670.000</ele><time>2026-09-13T14:41:38Z</time><speed>0.000</speed><sat>13</sat></trkpt>
  <trkpt lat="-33.45136167" lon="-70.54570833"><ele>670.000</ele><time>2026-09-13T14:41:39Z</time><speed>0.000</speed><sat>13</sat></trkpt>
  <trkpt lat="-33.45137167" lon="-70.54570667"><ele>670.100</ele><time>2026-09-13T14:41:40Z</time><speed>0.000</speed><sat>14</sat></trkpt>
  <trkpt lat="-33.45138000" lon="-70.54570667"><ele>670.100</ele><time>2026-09-13T14:41:41Z</time><speed>0.000</speed><sat>14</sat></trkpt>
  <trkpt lat="-33.45138167" lon="-70.54570500"><ele>670.100</ele><time>2026-09-13T14:41:42Z</time><speed>0.000</speed><sat>12</sat></trkpt>
  <trkpt lat="-33.45138500" lon="-70.54570333"><ele>670.000</ele><time>2026-09-13T14:41:43Z</time><speed>0.000</speed><sat>12</sat></trkpt>
  <trkpt lat="-33.45139167" lon="-70.54569500"><ele>670.200</ele><time>2026-09-13T14:41:44Z</time><speed>0.000</speed><sat>13</sat></trkpt>
  <trkpt lat="-33.45140167" lon="-70.54569667"><ele>670.200</ele><time>2026-09-13T14:41:45Z</time><speed>0.000</speed><sat>12</sat></trkpt>
  <trkpt lat="-33.45140833" lon="-70.54569667"><ele>670.200</ele><time>2026-09-13T14:41:46Z</time><speed>0.000</speed><sat>11</sat></trkpt>
  <trkpt lat="-33.45142167" lon="-70.54569667"><ele>670.300</ele><time>2026-09-13T14:41:47Z</time><speed>0.000</speed><sat>10</sat></trkpt>
  <trkpt lat="-33.45144333" lon="-70.54569833"><ele>670.300</ele><time>2026-09-13T14:41:48Z</time><speed>0.000</speed><sat>10</sat></trkpt>
  <trkpt lat="-33.45145833" lon="-70.54570667"><ele>670.400</ele><time>2026-09-13T14:41:49Z</time><speed>0.000</speed><sat>9</sat></trkpt>
  <trkpt lat="-33.45146833" lon="-70.54571000"><ele>670.400</ele><time>2026-09-13T14:41:50Z</time><speed>0.000</speed><sat>9</sat></trkpt>
  <trkpt lat="-33.45148000" lon="-70.54571500"><ele>670.400</ele><time>2026-09-13T14:41:51Z</time><speed>0.000</speed><sat>9</sat></trkpt>
  <trkpt lat="-33.45149167" lon="-70.54570833"><ele>670.500</ele><time>2026-09-13T14:41:52Z</time><speed>0.000</speed><sat>9</sat></trkpt>
  <trkpt lat="-33.45149833" lon="-70.54571167"><ele>670.500</ele><time>2026-09-13T14:41:53Z</time><speed>0.000</speed><sat>9</sat></trkpt>
  <trkpt lat="-33.45150167" lon="-70.54572000"><ele>670.500</ele><time>2026-09-13T14:41:54Z</time><speed>0.000</speed><sat>9</sat></trkpt>
  <trkpt lat="-33.45151167" lon="-70.54571000"><ele>670.600</ele><time>2026-09-13T14:41:55Z</time><speed>0.000</speed><sat>9</sat></trkpt>
  <trkpt lat="-33.45151667" lon="-70.54570333"><ele>670.600</ele><time>2026-09-13T14:41:56Z</time><speed>0.000</speed><sat>9</sat></trkpt>
  <trkpt lat="-33.45151833" lon="-70.54571000"><ele>670.600</ele><time>2026-09-13T14:41:57Z</time><speed>0.000</speed><sat>9</sat></trkpt>
  <trkpt lat="-33.45152000" lon="-70.54569500"><ele>670.600</ele><time>2026-09-13T14:41:58Z</time><speed>0.000</speed><sat>9</sat></trkpt>
  <trkpt lat="-33.45152167" lon="-70.54567667"><ele>670.600</ele><time>2026-09-13T14:41:59Z</time><speed>0.000</speed><sat>9</sat></trkpt>
  <trkpt lat="-33.45152667" lon="-70.54566500"><ele>670.500</ele><time>2026-09-13T14:42:00Z</time><speed>0.000</speed><sat>8</sat></trkpt>
  <trkpt lat="-33.45153500" lon="-70.54565333"><ele>670.500</ele><time>2026-09-13T14:42:01Z</time><speed>0.000</speed><sat>8</sat></trkpt>
  <trkpt lat="-33.45154000" lon="-70.54565333"><ele>670.400</ele><time>2026-09-13T14:42:02Z</time><speed>0.000</speed><sat>9</sat></trkpt>
  <trkpt lat="-33.45154167" lon="-70.54566667"><ele>670.400</ele><time>2026-09-13T14:42:03Z</time><speed>0.000</speed><sat>9</sat></trkpt>
  <trkpt lat="-33.45154000" lon="-70.54565833"><ele>670.400</ele><time>2026-09-13T14:42:04Z</time><speed>0.000</speed><sat>9</sat></trkpt>
  <trkpt lat="-33.45154000" lon="-70.54565167"><ele>670.400</ele><time>2026-09-13T14:42:05Z</time><speed>0.000</speed><sat>7</sat></trkpt>
  <trkpt lat="-33.45154667" lon="-70.54562500"><ele>670.300</ele><time>2026-09-13T14:42:06Z</time><speed>0.000</speed><sat>7</sat></trkpt>
  <trkpt lat="-33.45155167" lon="-70.54560000"><ele>670.300</ele><time>2026-09-13T14:42:07Z</time><speed>0.000</speed><sat>7</sat></trkpt>
  <trkpt lat="-33.45155667" lon="-70.54558167"><ele>670.200</ele><time>2026-09-13T14:42:08Z</time><speed>0.000</speed><sat>7</sat></trkpt>
  <trkpt lat="-33.45155333" lon="-70.54555833"><ele>670.200</ele><time>2026-09-13T14:42:09Z</time><speed>0.000</speed><sat>7</sat></trkpt>
  <trkpt lat="-33.45153833" lon="-70.54545000"><ele>670.000</ele><time>2026-09-13T14:42:10Z</time><speed>0.000</speed><sat>8</sat></trkpt>
  <trkpt lat="-33.45154333" lon="-70.54537167"><ele>669.900</ele><time>2026-09-13T14:42:11Z</time><speed>0.000</speed><sat>8</sat></trkpt>
  <trkpt lat="-33.45154333" lon="-70.54530833"><ele>669.800</ele><time>2026-09-13T14:42:12Z</time><speed>0.000</speed><sat>9</sat></trkpt>
  <trkpt lat="-33.45154167" lon="-70.54530500"><ele>669.800</ele><time>2026-09-13T14:42:13Z</time><speed>0.000</speed><sat>9</sat></trkpt>
  <trkpt lat="-33.45153333" lon="-70.54530667"><ele>669.800</ele><time>2026-09-13T14:42:14Z</time><speed>0.000</speed><sat>9</sat></trkpt>
  <trkpt lat="-33.45153167" lon="-70.54529500"><ele>669.700</ele><time>2026-09-13T14:42:15Z</time><speed>0.000</speed><sat>10</sat></trkpt>
  <trkpt lat="-33.45152833" lon="-70.54529000"><ele>669.600</ele><time>2026-09-13T14:42:16Z</time><speed>0.000</speed><sat>9</sat></trkpt>
  <trkpt lat="-33.45153333" lon="-70.54528667"><ele>669.600</ele><time>2026-09-13T14:42:17Z</time><speed>0.000</speed><sat>9</sat></trkpt>
  <trkpt lat="-33.45153000" lon="-70.54528500"><ele>669.600</ele><time>2026-09-13T14:42:18Z</time><speed>0.000</speed><sat>8</sat></trkpt>
  <trkpt lat="-33.45152500" lon="-70.54529000"><ele>669.500</ele><time>2026-09-13T14:42:19Z</time><speed>0.000</speed><sat>7</sat></trkpt>
  <trkpt lat="-33.45152667" lon="-70.54529333"><ele>669.500</ele><time>2026-09-13T14:42:20Z</time><speed>0.000</speed><sat>11</sat></trkpt>
  <trkpt lat="-33.45151667" lon="-70.54528167"><ele>669.500</ele><time>2026-09-13T14:42:21Z</time><speed>0.000</speed><sat>13</sat></trkpt>
  <trkpt lat="-33.45151667" lon="-70.54527000"><ele>669.600</ele><time>2026-09-13T14:42:22Z</time><speed>0.000</speed><sat>14</sat></trkpt>
  <trkpt lat="-33.45151167" lon="-70.54527833"><ele>669.600</ele><time>2026-09-13T14:42:23Z</time><speed>0.000</speed><sat>14</sat></trkpt>
  <trkpt lat="-33.45151167" lon="-70.54527833"><ele>669.600</ele><time>2026-09-13T14:42:24Z</time><speed>0.000</speed><sat>13</sat></trkpt>
  <trkpt lat="-33.45151167" lon="-70.54527833"><ele>669.600</ele><time>2026-09-13T14:42:25Z</time><speed>0.000</speed><sat>13</sat></trkpt>
  <trkpt lat="-33.45151167" lon="-70.54527833"><ele>669.600</ele><time>2026-09-13T14:42:26Z</time><speed>0.000</speed><sat>14</sat></trkpt>
  <trkpt lat="-33.45151167" lon="-70.54527833"><ele>669.600</ele><time>2026-09-13T14:42:27Z</time><speed>0.000</speed><sat>15</sat></trkpt>
  <trkpt lat="-33.45151167" lon="-70.54527833"><ele>669.600</ele><time>2026-09-13T14:42:28Z</time><speed>0.000</speed><sat>14</sat></trkpt>
  <trkpt lat="-33.45151167" lon="-70.54527833"><ele>669.600</ele><time>2026-09-13T14:42:29Z</time><speed>0.000</speed><sat>14</sat></trkpt>
  <trkpt lat="-33.45151167" lon="-70.54527833"><ele>669.600</ele><time>2026-09-13T14:42:30Z</time><speed>0.000</speed><sat>15</sat></trkpt>
  <trkpt lat="-33.45150500" lon="-70.54532500"><ele>669.700</ele><time>2026-09-13T14:42:31Z</time><speed>0.000</speed><sat>15</sat></trkpt>
  <trkpt lat="-33.45150500" lon="-70.54532500"><ele>669.700</ele><time>2026-09-13T14:42:32Z</time><speed>0.335</speed><sat>15</sat></trkpt>
  <trkpt lat="-33.45150500" lon="-70.54532167"><ele>669.700</ele><time>2026-09-13T14:42:33Z</time><speed>0.000</speed><sat>17</sat></trkpt>
  <trkpt lat="-33.45150833" lon="-70.54531667"><ele>669.500</ele><time>2026-09-13T14:42:34Z</time><speed>0.000</speed><sat>17</sat></trkpt>
  <trkpt lat="-33.45150833" lon="-70.54532000"><ele>669.500</ele><time>2026-09-13T14:42:35Z</time><speed>0.000</speed><sat>16</sat></trkpt>
  <trkpt lat="-33.45150833" lon="-70.54532000"><ele>669.500</ele><time>2026-09-13T14:42:36Z</time><speed>0.000</speed><sat>17</sat></trkpt>
  <trkpt lat="-33.45150833" lon="-70.54532000"><ele>669.500</ele><time>2026-09-13T14:42:37Z</time><speed>0.000</speed><sat>17</sat></trkpt>
  <trkpt lat="-33.45150833" lon="-70.54532000"><ele>669.500</ele><time>2026-09-13T14:42:38Z</time><speed>0.000</speed><sat>17</sat></trkpt>
  <trkpt lat="-33.45150833" lon="-70.54532000"><ele>669.500</ele><time>2026-09-13T14:42:39Z</time><speed>0.000</speed><sat>18</sat></trkpt>
  <trkpt lat="-33.45150833" lon="-70.54532000"><ele>669.500</ele><time>2026-09-13T14:42:40Z</time><speed>0.000</speed><sat>19</sat></trkpt>
  <trkpt lat="-33.45150833" lon="-70.54532000"><ele>669.500</ele><time>2026-09-13T14:42:41Z</time><speed>0.000</speed><sat>19</sat></trkpt>
  <trkpt lat="-33.45150833" lon="-70.54532000"><ele>669.500</ele><time>2026-09-13T14:42:42Z</time><speed>0.000</speed><sat>19</sat></trkpt>
  <trkpt lat="-33.45149500" lon="-70.54533167"><ele>670.800</ele><time>2026-09-13T14:42:43Z</time><speed>0.000</speed><sat>18</sat></trkpt>
  <trkpt lat="-33.45150000" lon="-70.54533333"><ele>670.900</ele><time>2026-09-13T14:42:44Z</time><speed>0.000</speed><sat>16</sat></trkpt>
  <trkpt lat="-33.45151500" lon="-70.54533667"><ele>671.000</ele><time>2026-09-13T14:42:45Z</time><speed>0.000</speed><sat>12</sat></trkpt>
  <trkpt lat="-33.45155833" lon="-70.54534500"><ele>671.100</ele><time>2026-09-13T14:42:46Z</time><speed>0.000</speed><sat>12</sat></trkpt>
  <trkpt lat="-33.45160167" lon="-70.54534833"><ele>671.300</ele><time>2026-09-13T14:42:47Z</time><speed>0.000</speed><sat>12</sat></trkpt>
  <trkpt lat="-33.45165833" lon="-70.54536167"><ele>671.400</ele><time>2026-09-13T14:42:48Z</time><speed>0.000</speed><sat>13</sat></trkpt>
  <trkpt lat="-33.45173000" lon="-70.54539667"><ele>671.400</ele><time>2026-09-13T14:42:49Z</time><speed>0.000</speed><sat>12</sat></trkpt>
  <trkpt lat="-33.45181333" lon="-70.54543833"><ele>671.400</ele><time>2026-09-13T14:42:50Z</time><speed>0.000</speed><sat>11</sat></trkpt>
  <trkpt lat="-33.45191667" lon="-70.54548500"><ele>671.300</ele><time>2026-09-13T14:42:51Z</time><speed>10.174</speed><sat>12</sat></trkpt>
  <trkpt lat="-33.45202500" lon="-70.54552833"><ele>671.200</ele><time>2026-09-13T14:42:52Z</time><speed>11.314</speed><sat>12</sat></trkpt>
  <trkpt lat="-33.45219500" lon="-70.54557167"><ele>671.300</ele><time>2026-09-13T14:42:53Z</time><speed>13.778</speed><sat>12</sat></trkpt>
  <trkpt lat="-33.45233667" lon="-70.54562000"><ele>671.400</ele><time>2026-09-13T14:42:54Z</time><speed>15.386</speed><sat>13</sat></trkpt>
  <trkpt lat="-33.45250833" lon="-70.54566167"><ele>671.300</ele><time>2026-09-13T14:42:55Z</time><speed>17.611</speed><sat>14</sat></trkpt>
  <trkpt lat="-33.45272500" lon="-70.54573000"><ele>668.700</ele><time>2026-09-13T14:42:56Z</time><speed>20.040</speed><sat>15</sat></trkpt>
  <trkpt lat="-33.45290667" lon="-70.54578833"><ele>668.300</ele><time>2026-09-13T14:42:57Z</time><speed>21.979</speed><sat>15</sat></trkpt>
  <trkpt lat="-33.45314167" lon="-70.54584500"><ele>666.500</ele><time>2026-09-13T14:42:58Z</time><speed>23.513</speed><sat>15</sat></trkpt>
  <trkpt lat="-33.45337167" lon="-70.54590333"><ele>666.300</ele><time>2026-09-13T14:42:59Z</time><speed>25.245</speed><sat>16</sat></trkpt>
  <trkpt lat="-33.45360667" lon="-70.54596833"><ele>665.800</ele><time>2026-09-13T14:43:00Z</time><speed>26.322</speed><sat>16</sat></trkpt>
  <trkpt lat="-33.45385833" lon="-70.54604167"><ele>665.500</ele><time>2026-09-13T14:43:01Z</time><speed>27.929</speed><sat>16</sat></trkpt>
  <trkpt lat="-33.45412000" lon="-70.54612000"><ele>665.300</ele><time>2026-09-13T14:43:02Z</time><speed>29.082</speed><sat>16</sat></trkpt>
  <trkpt lat="-33.45439000" lon="-70.54619833"><ele>665.100</ele><time>2026-09-13T14:43:03Z</time><speed>29.934</speed><sat>17</sat></trkpt>
  <trkpt lat="-33.45467833" lon="-70.54627667"><ele>664.600</ele><time>2026-09-13T14:43:04Z</time><speed>30.634</speed><sat>17</sat></trkpt>
  <trkpt lat="-33.45496333" lon="-70.54636167"><ele>664.600</ele><time>2026-09-13T14:43:05Z</time><speed>31.039</speed><sat>17</sat></trkpt>
  <trkpt lat="-33.45527833" lon="-70.54644333"><ele>666.000</ele><time>2026-09-13T14:43:06Z</time><speed>32.490</speed><sat>16</sat></trkpt>
  <trkpt lat="-33.45558333" lon="-70.54651667"><ele>666.800</ele><time>2026-09-13T14:43:07Z</time><speed>32.137</speed><sat>16</sat></trkpt>
  <trkpt lat="-33.45588333" lon="-70.54659167"><ele>667.700</ele><time>2026-09-13T14:43:08Z</time><speed>32.649</speed><sat>15</sat></trkpt>
  <trkpt lat="-33.45617000" lon="-70.54667667"><ele>668.000</ele><time>2026-09-13T14:43:09Z</time><speed>32.383</speed><sat>15</sat></trkpt>
  <trkpt lat="-33.45646833" lon="-70.54676000"><ele>669.500</ele><time>2026-09-13T14:43:10Z</time><speed>32.492</speed><sat>15</sat></trkpt>
  <trkpt lat="-33.45677000" lon="-70.54683667"><ele>671.700</ele><time>2026-09-13T14:43:11Z</time><speed>33.263</speed><sat>15</sat></trkpt>
  <trkpt lat="-33.45705667" lon="-70.54692167"><ele>672.100</ele><time>2026-09-13T14:43:12Z</time><speed>32.712</speed><sat>15</sat></trkpt>
  <trkpt lat="-33.45735167" lon="-70.54700167"><ele>675.700</ele><time>2026-09-13T14:43:13Z</time><speed>33.377</speed><sat>16</sat></trkpt>
  <trkpt lat="-33.45764667" lon="-70.54708333"><ele>677.800</ele><time>2026-09-13T14:43:14Z</time><speed>32.972</speed><sat>17</sat></trkpt>
  <trkpt lat="-33.45794333" lon="-70.54716167"><ele>679.300</ele><time>2026-09-13T14:43:15Z</time><speed>33.145</speed><sat>17</sat></trkpt>
  <trkpt lat="-33.45824667" lon="-70.54724167"><ele>680.900</ele><time>2026-09-13T14:43:16Z</time><speed>34.035</speed><sat>16</sat></trkpt>
  <trkpt lat="-33.45855000" lon="-70.54732500"><ele>682.800</ele><time>2026-09-13T14:43:17Z</time><speed>34.670</speed><sat>15</sat></trkpt>
  <trkpt lat="-33.45884167" lon="-70.54740667"><ele>686.600</ele><time>2026-09-13T14:43:18Z</time><speed>33.929</speed><sat>15</sat></trkpt>
  <trkpt lat="-33.45914000" lon="-70.54748500"><ele>688.400</ele><time>2026-09-13T14:43:19Z</time><speed>33.957</speed><sat>15</sat></trkpt>
  <trkpt lat="-33.45942833" lon="-70.54757333"><ele>690.900</ele><time>2026-09-13T14:43:20Z</time><speed>33.630</speed><sat>15</sat></trkpt>
  <trkpt lat="-33.45972167" lon="-70.54766167"><ele>693.300</ele><time>2026-09-13T14:43:21Z</time><speed>34.100</speed><sat>15</sat></trkpt>
  <trkpt lat="-33.46001000" lon="-70.54774833"><ele>694.000</ele><time>2026-09-13T14:43:22Z</time><speed>32.990</speed><sat>15</sat></trkpt>
  <trkpt lat="-33.46030167" lon="-70.54783000"><ele>696.600</ele><time>2026-09-13T14:43:23Z</time><speed>33.687</speed><sat>15</sat></trkpt>
  <trkpt lat="-33.46060667" lon="-70.54791333"><ele>698.000</ele><time>2026-09-13T14:43:24Z</time><speed>34.243</speed><sat>15</sat></trkpt>
  <trkpt lat="-33.46091333" lon="-70.54800667"><ele>699.100</ele><time>2026-09-13T14:43:25Z</time><speed>34.621</speed><sat>15</sat></trkpt>
  <trkpt lat="-33.46120833" lon="-70.54811000"><ele>699.800</ele><time>2026-09-13T14:43:26Z</time><speed>34.359</speed><sat>14</sat></trkpt>
  <trkpt lat="-33.46149500" lon="-70.54821333"><ele>701.200</ele><time>2026-09-13T14:43:27Z</time><speed>33.820</speed><sat>14</sat></trkpt>
  <trkpt lat="-33.46179167" lon="-70.54832000"><ele>701.500</ele><time>2026-09-13T14:43:28Z</time><speed>34.171</speed><sat>14</sat></trkpt>
  <trkpt lat="-33.46209000" lon="-70.54843167"><ele>701.200</ele><time>2026-09-13T14:43:29Z</time><speed>34.669</speed><sat>14</sat></trkpt>
  <trkpt lat="-33.46239167" lon="-70.54854833"><ele>703.700</ele><time>2026-09-13T14:43:30Z</time><speed>35.227</speed><sat>14</sat></trkpt>
  <trkpt lat="-33.46269833" lon="-70.54865333"><ele>707.700</ele><time>2026-09-13T14:43:31Z</time><speed>35.599</speed><sat>15</sat></trkpt>
  <trkpt lat="-33.46300333" lon="-70.54875833"><ele>711.600</ele><time>2026-09-13T14:43:32Z</time><speed>35.598</speed><sat>16</sat></trkpt>
  <trkpt lat="-33.46329667" lon="-70.54885333"><ele>715.700</ele><time>2026-09-13T14:43:33Z</time><speed>35.232</speed><sat>16</sat></trkpt>
  <trkpt lat="-33.46358000" lon="-70.54895000"><ele>719.000</ele><time>2026-09-13T14:43:34Z</time><speed>33.970</speed><sat>16</sat></trkpt>
  <trkpt lat="-33.46387000" lon="-70.54904833"><ele>721.900</ele><time>2026-09-13T14:43:35Z</time><speed>34.162</speed><sat>15</sat></trkpt>
  <trkpt lat="-33.46415667" lon="-70.54914667"><ele>724.000</ele><time>2026-09-13T14:43:36Z</time><speed>33.645</speed><sat>15</sat></trkpt>
  <trkpt lat="-33.46444333" lon="-70.54924667"><ele>725.900</ele><time>2026-09-13T14:43:37Z</time><speed>33.632</speed><sat>15</sat></trkpt>
  <trkpt lat="-33.46472667" lon="-70.54934833"><ele>728.400</ele><time>2026-09-13T14:43:38Z</time><speed>33.507</speed><sat>15</sat></trkpt>
  <trkpt lat="-33.46501000" lon="-70.54945167"><ele>731.000</ele><time>2026-09-13T14:43:39Z</time><speed>33.234</speed><sat>16</sat></trkpt>
  <trkpt lat="-33.46530333" lon="-70.54956000"><ele>732.600</ele><time>2026-09-13T14:43:40Z</time><speed>34.261</speed><sat>17</sat></trkpt>
  <trkpt lat="-33.46559833" lon="-70.54966500"><ele>735.000</ele><time>2026-09-13T14:43:41Z</time><speed>34.127</speed><sat>17</sat></trkpt>
  <trkpt lat="-33.46589000" lon="-70.54977500"><ele>738.100</ele><time>2026-09-13T14:43:42Z</time><speed>33.783</speed><sat>17</sat></trkpt>
  <trkpt lat="-33.46619833" lon="-70.54989500"><ele>741.000</ele><time>2026-09-13T14:43:43Z</time><speed>35.003</speed><sat>16</sat></trkpt>
  <trkpt lat="-33.46650167" lon="-70.55002333"><ele>740.900</ele><time>2026-09-13T14:43:44Z</time><speed>34.756</speed><sat>16</sat></trkpt>
  <trkpt lat="-33.46679500" lon="-70.55015333"><ele>741.500</ele><time>2026-09-13T14:43:45Z</time><speed>34.725</speed><sat>16</sat></trkpt>
  <trkpt lat="-33.46708167" lon="-70.55027667"><ele>742.300</ele><time>2026-09-13T14:43:46Z</time><speed>33.910</speed><sat>16</sat></trkpt>
  <trkpt lat="-33.46737833" lon="-70.55040167"><ele>743.600</ele><time>2026-09-13T14:43:47Z</time><speed>34.009</speed><sat>16</sat></trkpt>
  <trkpt lat="-33.46767833" lon="-70.55053000"><ele>746.800</ele><time>2026-09-13T14:43:48Z</time><speed>34.637</speed><sat>16</sat></trkpt>
  <trkpt lat="-33.46796500" lon="-70.55065833"><ele>751.300</ele><time>2026-09-13T14:43:49Z</time><speed>33.669</speed><sat>16</sat></trkpt>
  <trkpt lat="-33.46824167" lon="-70.55078667"><ele>756.300</ele><time>2026-09-13T14:43:50Z</time><speed>33.672</speed><sat>16</sat></trkpt>
  <trkpt lat="-33.46851833" lon="-70.55091500"><ele>760.100</ele><time>2026-09-13T14:43:51Z</time><speed>33.472</speed><sat>16</sat></trkpt>
  <trkpt lat="-33.46879833" lon="-70.55104167"><ele>764.100</ele><time>2026-09-13T14:43:52Z</time><speed>33.731</speed><sat>16</sat></trkpt>
  <trkpt lat="-33.46908667" lon="-70.55117167"><ele>767.700</ele><time>2026-09-13T14:43:53Z</time><speed>33.946</speed><sat>16</sat></trkpt>
  <trkpt lat="-33.46937000" lon="-70.55131167"><ele>769.700</ele><time>2026-09-13T14:43:54Z</time><speed>33.783</speed><sat>16</sat></trkpt>
  <trkpt lat="-33.46964500" lon="-70.55145000"><ele>773.800</ele><time>2026-09-13T14:43:55Z</time><speed>33.430</speed><sat>16</sat></trkpt>
  <trkpt lat="-33.46993333" lon="-70.55158000"><ele>774.100</ele><time>2026-09-13T14:43:56Z</time><speed>34.383</speed><sat>16</sat></trkpt>
  <trkpt lat="-33.47023167" lon="-70.55170500"><ele>775.300</ele><time>2026-09-13T14:43:57Z</time><speed>35.338</speed><sat>15</sat></trkpt>
  <trkpt lat="-33.47053333" lon="-70.55183000"><ele>777.400</ele><time>2026-09-13T14:43:58Z</time><speed>35.891</speed><sat>16</sat></trkpt>
  <trkpt lat="-33.47083833" lon="-70.55196500"><ele>779.200</ele><time>2026-09-13T14:43:59Z</time><speed>36.242</speed><sat>16</sat></trkpt>
  <trkpt lat="-33.47114000" lon="-70.55210167"><ele>781.900</ele><time>2026-09-13T14:44:00Z</time><speed>35.792</speed><sat>16</sat></trkpt>
  <trkpt lat="-33.47145167" lon="-70.55224667"><ele>782.100</ele><time>2026-09-13T14:44:01Z</time><speed>37.017</speed><sat>16</sat></trkpt>
  <trkpt lat="-33.47177833" lon="-70.55237833"><ele>784.700</ele><time>2026-09-13T14:44:02Z</time><speed>38.275</speed><sat>17</sat></trkpt>
  <trkpt lat="-33.47209500" lon="-70.55252333"><ele>786.400</ele><time>2026-09-13T14:44:03Z</time><speed>37.780</speed><sat>17</sat></trkpt>
  <trkpt lat="-33.47240167" lon="-70.55268000"><ele>785.200</ele><time>2026-09-13T14:44:04Z</time><speed>36.969</speed><sat>17</sat></trkpt>
  <trkpt lat="-33.47269833" lon="-70.55280667"><ele>789.600</ele><time>2026-09-13T14:44:05Z</time><speed>36.501</speed><sat>16</sat></trkpt>
  <trkpt lat="-33.47300000" lon="-70.55293333"><ele>792.200</ele><time>2026-09-13T14:44:06Z</time><speed>36.744</speed><sat>15</sat></trkpt>
  <trkpt lat="-33.47330167" lon="-70.55306500"><ele>794.300</ele><time>2026-09-13T14:44:07Z</time><speed>36.347</speed><sat>15</sat></trkpt>
  <trkpt lat="-33.47362333" lon="-70.55320167"><ele>794.600</ele><time>2026-09-13T14:44:08Z</time><speed>37.535</speed><sat>17</sat></trkpt>
  <trkpt lat="-33.47392833" lon="-70.55333333"><ele>796.400</ele><time>2026-09-13T14:44:09Z</time><speed>36.912</speed><sat>17</sat></trkpt>
  <trkpt lat="-33.47423333" lon="-70.55347833"><ele>796.800</ele><time>2026-09-13T14:44:10Z</time><speed>36.688</speed><sat>17</sat></trkpt>
  <trkpt lat="-33.47453167" lon="-70.55361333"><ele>799.500</ele><time>2026-09-13T14:44:11Z</time><speed>36.831</speed><sat>17</sat></trkpt>
  <trkpt lat="-33.47482833" lon="-70.55376000"><ele>801.100</ele><time>2026-09-13T14:44:12Z</time><speed>36.652</speed><sat>16</sat></trkpt>
  <trkpt lat="-33.47513500" lon="-70.55391000"><ele>802.500</ele><time>2026-09-13T14:44:13Z</time><speed>36.733</speed><sat>15</sat></trkpt>
  <trkpt lat="-33.47544500" lon="-70.55406000"><ele>804.100</ele><time>2026-09-13T14:44:14Z</time><speed>36.962</speed><sat>15</sat></trkpt>
  <trkpt lat="-33.47575500" lon="-70.55420500"><ele>806.700</ele><time>2026-09-13T14:44:15Z</time><speed>37.655</speed><sat>14</sat></trkpt>
  <trkpt lat="-33.47605667" lon="-70.55436000"><ele>809.700</ele><time>2026-09-13T14:44:16Z</time><speed>37.573</speed><sat>15</sat></trkpt>
  <trkpt lat="-33.47637000" lon="-70.55451000"><ele>812.000</ele><time>2026-09-13T14:44:17Z</time><speed>37.934</speed><sat>14</sat></trkpt>
  <trkpt lat="-33.47668500" lon="-70.55465667"><ele>813.000</ele><time>2026-09-13T14:44:18Z</time><speed>37.548</speed><sat>14</sat></trkpt>
  <trkpt lat="-33.47700333" lon="-70.55480000"><ele>814.200</ele><time>2026-09-13T14:44:19Z</time><speed>37.572</speed><sat>14</sat></trkpt>
  <trkpt lat="-33.47731500" lon="-70.55494667"><ele>815.600</ele><time>2026-09-13T14:44:20Z</time><speed>37.437</speed><sat>15</sat></trkpt>
  <trkpt lat="-33.47762500" lon="-70.55509500"><ele>817.200</ele><time>2026-09-13T14:44:21Z</time><speed>37.035</speed><sat>15</sat></trkpt>
  <trkpt lat="-33.47794667" lon="-70.55524167"><ele>820.500</ele><time>2026-09-13T14:44:22Z</time><speed>37.773</speed><sat>15</sat></trkpt>
  <trkpt lat="-33.47826000" lon="-70.55539167"><ele>822.900</ele><time>2026-09-13T14:44:23Z</time><speed>37.572</speed><sat>15</sat></trkpt>
  <trkpt lat="-33.47856667" lon="-70.55554333"><ele>825.900</ele><time>2026-09-13T14:44:24Z</time><speed>37.230</speed><sat>15</sat></trkpt>
  <trkpt lat="-33.47888167" lon="-70.55569667"><ele>826.700</ele><time>2026-09-13T14:44:25Z</time><speed>37.560</speed><sat>15</sat></trkpt>
  <trkpt lat="-33.47920000" lon="-70.55583500"><ele>830.200</ele><time>2026-09-13T14:44:26Z</time><speed>37.585</speed><sat>16</sat></trkpt>
  <trkpt lat="-33.47953333" lon="-70.55597333"><ele>831.400</ele><time>2026-09-13T14:44:27Z</time><speed>37.948</speed><sat>16</sat></trkpt>
  <trkpt lat="-33.47987000" lon="-70.55612000"><ele>833.100</ele><time>2026-09-13T14:44:28Z</time><speed>38.556</speed><sat>16</sat></trkpt>
  <trkpt lat="-33.48020667" lon="-70.55627667"><ele>833.900</ele><time>2026-09-13T14:44:29Z</time><speed>39.222</speed><sat>16</sat></trkpt>
  <trkpt lat="-33.48053833" lon="-70.55643833"><ele>835.000</ele><time>2026-09-13T14:44:30Z</time><speed>39.245</speed><sat>16</sat></trkpt>
  <trkpt lat="-33.48087333" lon="-70.55660500"><ele>835.700</ele><time>2026-09-13T14:44:31Z</time><speed>39.748</speed><sat>15</sat></trkpt>
  <trkpt lat="-33.48119500" lon="-70.55676333"><ele>840.200</ele><time>2026-09-13T14:44:32Z</time><speed>39.321</speed><sat>15</sat></trkpt>
  <trkpt lat="-33.48152167" lon="-70.55691833"><ele>843.900</ele><time>2026-09-13T14:44:33Z</time><speed>39.186</speed><sat>15</sat></trkpt>
  <trkpt lat="-33.48184500" lon="-70.55707500"><ele>845.400</ele><time>2026-09-13T14:44:34Z</time><speed>38.796</speed><sat>15</sat></trkpt>
  <trkpt lat="-33.48217500" lon="-70.55722833"><ele>849.200</ele><time>2026-09-13T14:44:35Z</time><speed>39.459</speed><sat>15</sat></trkpt>
  <trkpt lat="-33.48249667" lon="-70.55738333"><ele>852.600</ele><time>2026-09-13T14:44:36Z</time><speed>39.199</speed><sat>15</sat></trkpt>
  <trkpt lat="-33.48282333" lon="-70.55754333"><ele>855.500</ele><time>2026-09-13T14:44:37Z</time><speed>39.602</speed><sat>15</sat></trkpt>
  <trkpt lat="-33.48315833" lon="-70.55770000"><ele>857.300</ele><time>2026-09-13T14:44:38Z</time><speed>39.819</speed><sat>15</sat></trkpt>
  <trkpt lat="-33.48349000" lon="-70.55785833"><ele>859.600</ele><time>2026-09-13T14:44:39Z</time><speed>39.926</speed><sat>14</sat></trkpt>
  <trkpt lat="-33.48382167" lon="-70.55802167"><ele>860.900</ele><time>2026-09-13T14:44:40Z</time><speed>40.293</speed><sat>15</sat></trkpt>
  <trkpt lat="-33.48415500" lon="-70.55818667"><ele>862.800</ele><time>2026-09-13T14:44:41Z</time><speed>40.324</speed><sat>15</sat></trkpt>
  <trkpt lat="-33.48447667" lon="-70.55835667"><ele>865.900</ele><time>2026-09-13T14:44:42Z</time><speed>40.081</speed><sat>15</sat></trkpt>
  <trkpt lat="-33.48479500" lon="-70.55853333"><ele>869.400</ele><time>2026-09-13T14:44:43Z</time><speed>40.045</speed><sat>15</sat></trkpt>
  <trkpt lat="-33.48512333" lon="-70.55870667"><ele>872.700</ele><time>2026-09-13T14:44:44Z</time><speed>40.700</speed><sat>15</sat></trkpt>
  <trkpt lat="-33.48545667" lon="-70.55888000"><ele>876.900</ele><time>2026-09-13T14:44:45Z</time><speed>41.610</speed><sat>15</sat></trkpt>
  <trkpt lat="-33.48578500" lon="-70.55905833"><ele>877.300</ele><time>2026-09-13T14:44:46Z</time><speed>40.406</speed><sat>16</sat></trkpt>
  <trkpt lat="-33.48612000" lon="-70.55922833"><ele>880.500</ele><time>2026-09-13T14:44:47Z</time><speed>41.249</speed><sat>15</sat></trkpt>
  <trkpt lat="-33.48647000" lon="-70.55940167"><ele>882.600</ele><time>2026-09-13T14:44:48Z</time><speed>42.008</speed><sat>15</sat></trkpt>
  <trkpt lat="-33.48682167" lon="-70.55957833"><ele>883.900</ele><time>2026-09-13T14:44:49Z</time><speed>42.240</speed><sat>16</sat></trkpt>
  <trkpt lat="-33.48716167" lon="-70.55974833"><ele>887.600</ele><time>2026-09-13T14:44:50Z</time><speed>41.415</speed><sat>17</sat></trkpt>
  <trkpt lat="-33.48751000" lon="-70.55993167"><ele>888.700</ele><time>2026-09-13T14:44:51Z</time><speed>42.084</speed><sat>17</sat></trkpt>
  <trkpt lat="-33.48785667" lon="-70.56011833"><ele>890.000</ele><time>2026-09-13T14:44:52Z</time><speed>42.047</speed><sat>17</sat></trkpt>
  <trkpt lat="-33.48819000" lon="-70.56031833"><ele>890.500</ele><time>2026-09-13T14:44:53Z</time><speed>41.813</speed><sat>17</sat></trkpt>
  <trkpt lat="-33.48851500" lon="-70.56048667"><ele>894.300</ele><time>2026-09-13T14:44:54Z</time><speed>40.910</speed><sat>16</sat></trkpt>
  <trkpt lat="-33.48884500" lon="-70.56065500"><ele>898.400</ele><time>2026-09-13T14:44:55Z</time><speed>40.902</speed><sat>16</sat></trkpt>
  <trkpt lat="-33.48916833" lon="-70.56082333"><ele>902.100</ele><time>2026-09-13T14:44:56Z</time><speed>40.225</speed><sat>16</sat></trkpt>
  <trkpt lat="-33.48949500" lon="-70.56099167"><ele>905.700</ele><time>2026-09-13T14:44:57Z</time><speed>40.409</speed><sat>16</sat></trkpt>
  <trkpt lat="-33.48981833" lon="-70.56115500"><ele>910.100</ele><time>2026-09-13T14:44:58Z</time><speed>39.844</speed><sat>16</sat></trkpt>
  <trkpt lat="-33.49014500" lon="-70.56130833"><ele>914.400</ele><time>2026-09-13T14:44:59Z</time><speed>39.498</speed><sat>16</sat></trkpt>
  <trkpt lat="-33.49047333" lon="-70.56147167"><ele>915.100</ele><time>2026-09-13T14:45:00Z</time><speed>39.797</speed><sat>16</sat></trkpt>
  <trkpt lat="-33.49080500" lon="-70.56163333"><ele>918.900</ele><time>2026-09-13T14:45:01Z</time><speed>40.493</speed><sat>15</sat></trkpt>
  <trkpt lat="-33.49113333" lon="-70.56179833"><ele>922.400</ele><time>2026-09-13T14:45:02Z</time><speed>39.799</speed><sat>15</sat></trkpt>
  <trkpt lat="-33.49146167" lon="-70.56196000"><ele>925.500</ele><time>2026-09-13T14:45:03Z</time><speed>39.806</speed><sat>15</sat></trkpt>
  <trkpt lat="-33.49179667" lon="-70.56212500"><ele>928.000</ele><time>2026-09-13T14:45:04Z</time><speed>40.370</speed><sat>15</sat></trkpt>
  <trkpt lat="-33.49213500" lon="-70.56229167"><ele>930.800</ele><time>2026-09-13T14:45:05Z</time><speed>40.796</speed><sat>15</sat></trkpt>
  <trkpt lat="-33.49247000" lon="-70.56244000"><ele>935.500</ele><time>2026-09-13T14:45:06Z</time><speed>40.187</speed><sat>16</sat></trkpt>
  <trkpt lat="-33.49282000" lon="-70.56258167"><ele>939.900</ele><time>2026-09-13T14:45:07Z</time><speed>41.093</speed><sat>16</sat></trkpt>
  <trkpt lat="-33.49317333" lon="-70.56273500"><ele>940.600</ele><time>2026-09-13T14:45:08Z</time><speed>41.521</speed><sat>16</sat></trkpt>
  <trkpt lat="-33.49353167" lon="-70.56287500"><ele>944.200</ele><time>2026-09-13T14:45:09Z</time><speed>41.525</speed><sat>15</sat></trkpt>
  <trkpt lat="-33.49388500" lon="-70.56300333"><ele>948.200</ele><time>2026-09-13T14:45:10Z</time><speed>40.526</speed><sat>15</sat></trkpt>
  <trkpt lat="-33.49424333" lon="-70.56314333"><ele>947.300</ele><time>2026-09-13T14:45:11Z</time><speed>41.208</speed><sat>15</sat></trkpt>
  <trkpt lat="-33.49460167" lon="-70.56325833"><ele>951.600</ele><time>2026-09-13T14:45:12Z</time><speed>41.035</speed><sat>14</sat></trkpt>
  <trkpt lat="-33.49495500" lon="-70.56337167"><ele>955.500</ele><time>2026-09-13T14:45:13Z</time><speed>40.659</speed><sat>14</sat></trkpt>
  <trkpt lat="-33.49530667" lon="-70.56350000"><ele>955.800</ele><time>2026-09-13T14:45:14Z</time><speed>40.666</speed><sat>14</sat></trkpt>
  <trkpt lat="-33.49566000" lon="-70.56360500"><ele>959.600</ele><time>2026-09-13T14:45:15Z</time><speed>40.491</speed><sat>15</sat></trkpt>
  <trkpt lat="-33.49601500" lon="-70.56369833"><ele>963.600</ele><time>2026-09-13T14:45:16Z</time><speed>40.499</speed><sat>15</sat></trkpt>
  <trkpt lat="-33.49638167" lon="-70.56378000"><ele>964.800</ele><time>2026-09-13T14:45:17Z</time><speed>41.120</speed><sat>13</sat></trkpt>
  <trkpt lat="-33.49675500" lon="-70.56383333"><ele>965.700</ele><time>2026-09-13T14:45:18Z</time><speed>41.332</speed><sat>11</sat></trkpt>
  <trkpt lat="-33.49712333" lon="-70.56388000"><ele>966.400</ele><time>2026-09-13T14:45:19Z</time><speed>41.202</speed><sat>11</sat></trkpt>
  <trkpt lat="-33.49748667" lon="-70.56390833"><ele>966.600</ele><time>2026-09-13T14:45:20Z</time><speed>40.790</speed><sat>11</sat></trkpt>
  <trkpt lat="-33.49785667" lon="-70.56390667"><ele>966.800</ele><time>2026-09-13T14:45:21Z</time><speed>40.937</speed><sat>10</sat></trkpt>
  <trkpt lat="-33.49823333" lon="-70.56387667"><ele>967.600</ele><time>2026-09-13T14:45:22Z</time><speed>41.245</speed><sat>10</sat></trkpt>
  <trkpt lat="-33.49859500" lon="-70.56381833"><ele>968.600</ele><time>2026-09-13T14:45:23Z</time><speed>40.722</speed><sat>10</sat></trkpt>
  <trkpt lat="-33.49896167" lon="-70.56372167"><ele>969.500</ele><time>2026-09-13T14:45:24Z</time><speed>40.970</speed><sat>11</sat></trkpt>
  <trkpt lat="-33.49931167" lon="-70.56359667"><ele>970.000</ele><time>2026-09-13T14:45:25Z</time><speed>40.600</speed><sat>11</sat></trkpt>
  <trkpt lat="-33.49966500" lon="-70.56344833"><ele>970.400</ele><time>2026-09-13T14:45:26Z</time><speed>40.607</speed><sat>11</sat></trkpt>
  <trkpt lat="-33.50001500" lon="-70.56327167"><ele>971.400</ele><time>2026-09-13T14:45:27Z</time><speed>40.795</speed><sat>10</sat></trkpt>
  <trkpt lat="-33.50035500" lon="-70.56307000"><ele>973.300</ele><time>2026-09-13T14:45:28Z</time><speed>41.087</speed><sat>10</sat></trkpt>
  <trkpt lat="-33.50069500" lon="-70.56286667"><ele>970.400</ele><time>2026-09-13T14:45:29Z</time><speed>41.493</speed><sat>11</sat></trkpt>
  <trkpt lat="-33.50100667" lon="-70.56263333"><ele>972.000</ele><time>2026-09-13T14:45:30Z</time><speed>40.865</speed><sat>12</sat></trkpt>
  <trkpt lat="-33.50131833" lon="-70.56238833"><ele>974.200</ele><time>2026-09-13T14:45:31Z</time><speed>40.505</speed><sat>12</sat></trkpt>
  <trkpt lat="-33.50160833" lon="-70.56212167"><ele>977.000</ele><time>2026-09-13T14:45:32Z</time><speed>40.018</speed><sat>13</sat></trkpt>
  <trkpt lat="-33.50190000" lon="-70.56184667"><ele>978.600</ele><time>2026-09-13T14:45:33Z</time><speed>40.003</speed><sat>13</sat></trkpt>
  <trkpt lat="-33.50218333" lon="-70.56155333"><ele>980.700</ele><time>2026-09-13T14:45:34Z</time><speed>40.199</speed><sat>12</sat></trkpt>
  <trkpt lat="-33.50245833" lon="-70.56126167"><ele>978.900</ele><time>2026-09-13T14:45:35Z</time><speed>40.198</speed><sat>12</sat></trkpt>
  <trkpt lat="-33.50272000" lon="-70.56093833"><ele>980.900</ele><time>2026-09-13T14:45:36Z</time><speed>40.213</speed><sat>12</sat></trkpt>
  <trkpt lat="-33.50297333" lon="-70.56060000"><ele>982.900</ele><time>2026-09-13T14:45:37Z</time><speed>40.497</speed><sat>11</sat></trkpt>
  <trkpt lat="-33.50321500" lon="-70.56025333"><ele>984.600</ele><time>2026-09-13T14:45:38Z</time><speed>40.642</speed><sat>11</sat></trkpt>
  <trkpt lat="-33.50344500" lon="-70.55989333"><ele>986.600</ele><time>2026-09-13T14:45:39Z</time><speed>40.791</speed><sat>11</sat></trkpt>
  <trkpt lat="-33.50365667" lon="-70.55954167"><ele>985.200</ele><time>2026-09-13T14:45:40Z</time><speed>40.397</speed><sat>11</sat></trkpt>
  <trkpt lat="-33.50385833" lon="-70.55916833"><ele>986.100</ele><time>2026-09-13T14:45:41Z</time><speed>40.397</speed><sat>10</sat></trkpt>
  <trkpt lat="-33.50406000" lon="-70.55877333"><ele>987.400</ele><time>2026-09-13T14:45:42Z</time><speed>41.179</speed><sat>8</sat></trkpt>
  <trkpt lat="-33.50424667" lon="-70.55837167"><ele>988.500</ele><time>2026-09-13T14:45:43Z</time><speed>41.303</speed><sat>7</sat></trkpt>
  <trkpt lat="-33.50441000" lon="-70.55795833"><ele>989.700</ele><time>2026-09-13T14:45:44Z</time><speed>41.301</speed><sat>7</sat></trkpt>
  <trkpt lat="-33.50456833" lon="-70.55753667"><ele>990.700</ele><time>2026-09-13T14:45:45Z</time><speed>41.495</speed><sat>7</sat></trkpt>
  <trkpt lat="-33.50471333" lon="-70.55710333"><ele>991.800</ele><time>2026-09-13T14:45:46Z</time><speed>41.522</speed><sat>8</sat></trkpt>
  <trkpt lat="-33.50485167" lon="-70.55667167"><ele>993.900</ele><time>2026-09-13T14:45:47Z</time><speed>40.687</speed><sat>9</sat></trkpt>
  <trkpt lat="-33.50498000" lon="-70.55621500"><ele>995.600</ele><time>2026-09-13T14:45:48Z</time><speed>41.174</speed><sat>9</sat></trkpt>
  <trkpt lat="-33.50511667" lon="-70.55574500"><ele>997.800</ele><time>2026-09-13T14:45:49Z</time><speed>41.371</speed><sat>9</sat></trkpt>
  <trkpt lat="-33.50524667" lon="-70.55525000"><ele>998.900</ele><time>2026-09-13T14:45:50Z</time><speed>42.472</speed><sat>9</sat></trkpt>
  <trkpt lat="-33.50535167" lon="-70.55477667"><ele>1000.000</ele><time>2026-09-13T14:45:51Z</time><speed>41.840</speed><sat>9</sat></trkpt>
  <trkpt lat="-33.50541167" lon="-70.55430833"><ele>1001.200</ele><time>2026-09-13T14:45:52Z</time><speed>41.689</speed><sat>11</sat></trkpt>
  <trkpt lat="-33.50546333" lon="-70.55385167"><ele>1003.300</ele><time>2026-09-13T14:45:53Z</time><speed>41.155</speed><sat>9</sat></trkpt>
  <trkpt lat="-33.50549500" lon="-70.55339333"><ele>1005.700</ele><time>2026-09-13T14:45:54Z</time><speed>41.043</speed><sat>9</sat></trkpt>
  <trkpt lat="-33.50552000" lon="-70.55293333"><ele>1004.600</ele><time>2026-09-13T14:45:55Z</time><speed>40.575</speed><sat>10</sat></trkpt>
  <trkpt lat="-33.50551500" lon="-70.55247000"><ele>1006.700</ele><time>2026-09-13T14:45:56Z</time><speed>40.390</speed><sat>11</sat></trkpt>
  <trkpt lat="-33.50549667" lon="-70.55201500"><ele>1008.500</ele><time>2026-09-13T14:45:57Z</time><speed>40.472</speed><sat>10</sat></trkpt>
  <trkpt lat="-33.50547333" lon="-70.55156833"><ele>1010.500</ele><time>2026-09-13T14:45:58Z</time><speed>40.295</speed><sat>10</sat></trkpt>
  <trkpt lat="-33.50544167" lon="-70.55111333"><ele>1012.300</ele><time>2026-09-13T14:45:59Z</time><speed>40.426</speed><sat>11</sat></trkpt>
  <trkpt lat="-33.50540167" lon="-70.55067833"><ele>1013.300</ele><time>2026-09-13T14:46:00Z</time><speed>40.040</speed><sat>10</sat></trkpt>
  <trkpt lat="-33.50533667" lon="-70.55023833"><ele>1014.300</ele><time>2026-09-13T14:46:01Z</time><speed>40.551</speed><sat>10</sat></trkpt>
  <trkpt lat="-33.50525667" lon="-70.54980667"><ele>1015.100</ele><time>2026-09-13T14:46:02Z</time><speed>40.213</speed><sat>10</sat></trkpt>
  <trkpt lat="-33.50516333" lon="-70.54938500"><ele>1015.900</ele><time>2026-09-13T14:46:03Z</time><speed>39.954</speed><sat>11</sat></trkpt>
  <trkpt lat="-33.50504500" lon="-70.54896500"><ele>1016.500</ele><time>2026-09-13T14:46:04Z</time><speed>40.175</speed><sat>10</sat></trkpt>
  <trkpt lat="-33.50488833" lon="-70.54855167"><ele>1017.900</ele><time>2026-09-13T14:46:05Z</time><speed>40.838</speed><sat>11</sat></trkpt>
  <trkpt lat="-33.50472000" lon="-70.54813333"><ele>1020.000</ele><time>2026-09-13T14:46:06Z</time><speed>41.618</speed><sat>12</sat></trkpt>
  <trkpt lat="-33.50454500" lon="-70.54772833"><ele>1021.700</ele><time>2026-09-13T14:46:07Z</time><speed>41.875</speed><sat>13</sat></trkpt>
  <trkpt lat="-33.50434833" lon="-70.54726500"><ele>1024.700</ele><time>2026-09-13T14:46:08Z</time><speed>42.571</speed><sat>10</sat></trkpt>
  <trkpt lat="-33.50413333" lon="-70.54684833"><ele>1026.400</ele><time>2026-09-13T14:46:09Z</time><speed>42.720</speed><sat>11</sat></trkpt>
  <trkpt lat="-33.50390833" lon="-70.54645000"><ele>1027.200</ele><time>2026-09-13T14:46:10Z</time><speed>42.570</speed><sat>12</sat></trkpt>
  <trkpt lat="-33.50367333" lon="-70.54605833"><ele>1027.500</ele><time>2026-09-13T14:46:11Z</time><speed>43.134</speed><sat>12</sat></trkpt>
  <trkpt lat="-33.50341667" lon="-70.54568000"><ele>1029.100</ele><time>2026-09-13T14:46:12Z</time><speed>43.050</speed><sat>11</sat></trkpt>
  <trkpt lat="-33.50316333" lon="-70.54531333"><ele>1030.600</ele><time>2026-09-13T14:46:13Z</time><speed>42.902</speed><sat>12</sat></trkpt>
  <trkpt lat="-33.50289833" lon="-70.54495000"><ele>1032.500</ele><time>2026-09-13T14:46:14Z</time><speed>42.919</speed><sat>11</sat></trkpt>
  <trkpt lat="-33.50263500" lon="-70.54458500"><ele>1034.000</ele><time>2026-09-13T14:46:15Z</time><speed>42.556</speed><sat>14</sat></trkpt>
  <trkpt lat="-33.50236833" lon="-70.54423333"><ele>1036.300</ele><time>2026-09-13T14:46:16Z</time><speed>42.219</speed><sat>13</sat></trkpt>
  <trkpt lat="-33.50208667" lon="-70.54387833"><ele>1038.600</ele><time>2026-09-13T14:46:17Z</time><speed>43.081</speed><sat>14</sat></trkpt>
  <trkpt lat="-33.50180167" lon="-70.54352000"><ele>1041.100</ele><time>2026-09-13T14:46:18Z</time><speed>43.475</speed><sat>15</sat></trkpt>
  <trkpt lat="-33.50151333" lon="-70.54316833"><ele>1043.400</ele><time>2026-09-13T14:46:19Z</time><speed>43.503</speed><sat>14</sat></trkpt>
  <trkpt lat="-33.50120833" lon="-70.54282000"><ele>1045.800</ele><time>2026-09-13T14:46:20Z</time><speed>44.491</speed><sat>14</sat></trkpt>
  <trkpt lat="-33.50091000" lon="-70.54249667"><ele>1047.800</ele><time>2026-09-13T14:46:21Z</time><speed>43.977</speed><sat>14</sat></trkpt>
  <trkpt lat="-33.50060333" lon="-70.54218000"><ele>1049.900</ele><time>2026-09-13T14:46:22Z</time><speed>43.489</speed><sat>13</sat></trkpt>
  <trkpt lat="-33.50029000" lon="-70.54188833"><ele>1051.900</ele><time>2026-09-13T14:46:23Z</time><speed>43.290</speed><sat>12</sat></trkpt>
  <trkpt lat="-33.49996333" lon="-70.54160000"><ele>1054.700</ele><time>2026-09-13T14:46:24Z</time><speed>42.975</speed><sat>12</sat></trkpt>
  <trkpt lat="-33.49962500" lon="-70.54131000"><ele>1057.300</ele><time>2026-09-13T14:46:25Z</time><speed>43.949</speed><sat>10</sat></trkpt>
  <trkpt lat="-33.49927333" lon="-70.54104667"><ele>1059.600</ele><time>2026-09-13T14:46:26Z</time><speed>44.126</speed><sat>10</sat></trkpt>
  <trkpt lat="-33.49891167" lon="-70.54080833"><ele>1061.300</ele><time>2026-09-13T14:46:27Z</time><speed>44.389</speed><sat>10</sat></trkpt>
  <trkpt lat="-33.49854000" lon="-70.54056667"><ele>1063.500</ele><time>2026-09-13T14:46:28Z</time><speed>44.692</speed><sat>10</sat></trkpt>
  <trkpt lat="-33.49818500" lon="-70.54036833"><ele>1064.700</ele><time>2026-09-13T14:46:29Z</time><speed>43.570</speed><sat>9</sat></trkpt>
  <trkpt lat="-33.49782500" lon="-70.54017667"><ele>1065.700</ele><time>2026-09-13T14:46:30Z</time><speed>43.144</speed><sat>9</sat></trkpt>
  <trkpt lat="-33.49746667" lon="-70.53999500"><ele>1066.400</ele><time>2026-09-13T14:46:31Z</time><speed>42.800</speed><sat>9</sat></trkpt>
  <trkpt lat="-33.49709833" lon="-70.53981333"><ele>1067.100</ele><time>2026-09-13T14:46:32Z</time><speed>43.003</speed><sat>9</sat></trkpt>
  <trkpt lat="-33.49672000" lon="-70.53963500"><ele>1068.200</ele><time>2026-09-13T14:46:33Z</time><speed>43.330</speed><sat>11</sat></trkpt>
  <trkpt lat="-33.49634500" lon="-70.53947167"><ele>1069.500</ele><time>2026-09-13T14:46:34Z</time><speed>43.030</speed><sat>12</sat></trkpt>
  <trkpt lat="-33.49596000" lon="-70.53931500"><ele>1070.900</ele><time>2026-09-13T14:46:35Z</time><speed>43.724</speed><sat>12</sat></trkpt>
  <trkpt lat="-33.49557167" lon="-70.53916000"><ele>1072.100</ele><time>2026-09-13T14:46:36Z</time><speed>43.817</speed><sat>12</sat></trkpt>
  <trkpt lat="-33.49519333" lon="-70.53902000"><ele>1072.400</ele><time>2026-09-13T14:46:37Z</time><speed>43.367</speed><sat>12</sat></trkpt>
  <trkpt lat="-33.49480000" lon="-70.53886833"><ele>1073.600</ele><time>2026-09-13T14:46:38Z</time><speed>43.992</speed><sat>12</sat></trkpt>
  <trkpt lat="-33.49441833" lon="-70.53872333"><ele>1074.900</ele><time>2026-09-13T14:46:39Z</time><speed>43.447</speed><sat>12</sat></trkpt>
  <trkpt lat="-33.49402833" lon="-70.53857667"><ele>1076.300</ele><time>2026-09-13T14:46:40Z</time><speed>43.725</speed><sat>12</sat></trkpt>
  <trkpt lat="-33.49363833" lon="-70.53844667"><ele>1078.800</ele><time>2026-09-13T14:46:41Z</time><speed>43.974</speed><sat>13</sat></trkpt>
  <trkpt lat="-33.49324500" lon="-70.53832333"><ele>1081.900</ele><time>2026-09-13T14:46:42Z</time><speed>44.315</speed><sat>14</sat></trkpt>
  <trkpt lat="-33.49286667" lon="-70.53820833"><ele>1086.100</ele><time>2026-09-13T14:46:43Z</time><speed>43.069</speed><sat>14</sat></trkpt>
  <trkpt lat="-33.49249833" lon="-70.53808500"><ele>1084.200</ele><time>2026-09-13T14:46:44Z</time><speed>42.363</speed><sat>13</sat></trkpt>
  <trkpt lat="-33.49212667" lon="-70.53797667"><ele>1086.500</ele><time>2026-09-13T14:46:45Z</time><speed>42.100</speed><sat>13</sat></trkpt>
  <trkpt lat="-33.49175833" lon="-70.53787333"><ele>1088.700</ele><time>2026-09-13T14:46:46Z</time><speed>41.687</speed><sat>14</sat></trkpt>
  <trkpt lat="-33.49138167" lon="-70.53776500"><ele>1090.100</ele><time>2026-09-13T14:46:47Z</time><speed>42.067</speed><sat>14</sat></trkpt>
  <trkpt lat="-33.49101500" lon="-70.53767000"><ele>1091.000</ele><time>2026-09-13T14:46:48Z</time><speed>42.200</speed><sat>14</sat></trkpt>
  <trkpt lat="-33.49065000" lon="-70.53756500"><ele>1091.000</ele><time>2026-09-13T14:46:49Z</time><speed>41.963</speed><sat>14</sat></trkpt>
  <trkpt lat="-33.49029667" lon="-70.53745500"><ele>1090.600</ele><time>2026-09-13T14:46:50Z</time><speed>41.333</speed><sat>14</sat></trkpt>
  <trkpt lat="-33.48993667" lon="-70.53734667"><ele>1089.900</ele><time>2026-09-13T14:46:51Z</time><speed>41.466</speed><sat>16</sat></trkpt>
  <trkpt lat="-33.48956667" lon="-70.53725000"><ele>1089.000</ele><time>2026-09-13T14:46:52Z</time><speed>42.283</speed><sat>15</sat></trkpt>
  <trkpt lat="-33.48920000" lon="-70.53715000"><ele>1088.400</ele><time>2026-09-13T14:46:53Z</time><speed>42.006</speed><sat>12</sat></trkpt>
  <trkpt lat="-33.48883333" lon="-70.53704667"><ele>1087.600</ele><time>2026-09-13T14:46:54Z</time><speed>42.535</speed><sat>12</sat></trkpt>
  <trkpt lat="-33.48845833" lon="-70.53694500"><ele>1088.300</ele><time>2026-09-13T14:46:55Z</time><speed>42.545</speed><sat>12</sat></trkpt>
  <trkpt lat="-33.48808667" lon="-70.53685667"><ele>1088.900</ele><time>2026-09-13T14:46:56Z</time><speed>42.642</speed><sat>9</sat></trkpt>
  <trkpt lat="-33.48771333" lon="-70.53676333"><ele>1089.600</ele><time>2026-09-13T14:46:57Z</time><speed>42.838</speed><sat>9</sat></trkpt>
  <trkpt lat="-33.48735000" lon="-70.53666167"><ele>1090.100</ele><time>2026-09-13T14:46:58Z</time><speed>42.354</speed><sat>9</sat></trkpt>
  <trkpt lat="-33.48698167" lon="-70.53656500"><ele>1091.300</ele><time>2026-09-13T14:46:59Z</time><speed>42.631</speed><sat>10</sat></trkpt>
  <trkpt lat="-33.48661833" lon="-70.53646167"><ele>1092.500</ele><time>2026-09-13T14:47:00Z</time><speed>42.767</speed><sat>10</sat></trkpt>
  <trkpt lat="-33.48627500" lon="-70.53634500"><ele>1093.700</ele><time>2026-09-13T14:47:01Z</time><speed>42.110</speed><sat>9</sat></trkpt>
  <trkpt lat="-33.48591833" lon="-70.53622333"><ele>1094.100</ele><time>2026-09-13T14:47:02Z</time><speed>41.786</speed><sat>8</sat></trkpt>
  <trkpt lat="-33.48554833" lon="-70.53610167"><ele>1094.900</ele><time>2026-09-13T14:47:03Z</time><speed>41.748</speed><sat>9</sat></trkpt>
  <trkpt lat="-33.48518500" lon="-70.53598667"><ele>1096.100</ele><time>2026-09-13T14:47:04Z</time><speed>41.371</speed><sat>10</sat></trkpt>
  <trkpt lat="-33.48482167" lon="-70.53587333"><ele>1097.500</ele><time>2026-09-13T14:47:05Z</time><speed>41.647</speed><sat>10</sat></trkpt>
  <trkpt lat="-33.48445833" lon="-70.53576500"><ele>1099.000</ele><time>2026-09-13T14:47:06Z</time><speed>41.656</speed><sat>10</sat></trkpt>
  <trkpt lat="-33.48408833" lon="-70.53565667"><ele>1100.100</ele><time>2026-09-13T14:47:07Z</time><speed>42.297</speed><sat>10</sat></trkpt>
  <trkpt lat="-33.48370167" lon="-70.53553667"><ele>1101.500</ele><time>2026-09-13T14:47:08Z</time><speed>42.275</speed><sat>13</sat></trkpt>
  <trkpt lat="-33.48332500" lon="-70.53542000"><ele>1102.500</ele><time>2026-09-13T14:47:09Z</time><speed>42.312</speed><sat>12</sat></trkpt>
  <trkpt lat="-33.48295000" lon="-70.53531333"><ele>1103.500</ele><time>2026-09-13T14:47:10Z</time><speed>42.289</speed><sat>13</sat></trkpt>
  <trkpt lat="-33.48258333" lon="-70.53520833"><ele>1103.800</ele><time>2026-09-13T14:47:11Z</time><speed>41.825</speed><sat>14</sat></trkpt>
  <trkpt lat="-33.48221667" lon="-70.53510167"><ele>1105.800</ele><time>2026-09-13T14:47:12Z</time><speed>42.110</speed><sat>15</sat></trkpt>
  <trkpt lat="-33.48182833" lon="-70.53499667"><ele>1108.300</ele><time>2026-09-13T14:47:13Z</time><speed>43.152</speed><sat>16</sat></trkpt>
  <trkpt lat="-33.48144167" lon="-70.53489833"><ele>1111.200</ele><time>2026-09-13T14:47:14Z</time><speed>42.820</speed><sat>16</sat></trkpt>
  <trkpt lat="-33.48106167" lon="-70.53479333"><ele>1114.000</ele><time>2026-09-13T14:47:15Z</time><speed>43.783</speed><sat>17</sat></trkpt>
  <trkpt lat="-33.48068833" lon="-70.53469333"><ele>1117.100</ele><time>2026-09-13T14:47:16Z</time><speed>43.374</speed><sat>17</sat></trkpt>
  <trkpt lat="-33.48031333" lon="-70.53460167"><ele>1118.900</ele><time>2026-09-13T14:47:17Z</time><speed>42.544</speed><sat>17</sat></trkpt>
  <trkpt lat="-33.47995167" lon="-70.53451000"><ele>1121.400</ele><time>2026-09-13T14:47:18Z</time><speed>42.040</speed><sat>16</sat></trkpt>
  <trkpt lat="-33.47957667" lon="-70.53442500"><ele>1122.500</ele><time>2026-09-13T14:47:19Z</time><speed>41.753</speed><sat>16</sat></trkpt>
  <trkpt lat="-33.47920000" lon="-70.53434167"><ele>1123.100</ele><time>2026-09-13T14:47:20Z</time><speed>42.020</speed><sat>16</sat></trkpt>
  <trkpt lat="-33.47881333" lon="-70.53427333"><ele>1124.000</ele><time>2026-09-13T14:47:21Z</time><speed>42.870</speed><sat>16</sat></trkpt>
  <trkpt lat="-33.47842500" lon="-70.53418667"><ele>1125.100</ele><time>2026-09-13T14:47:22Z</time><speed>43.295</speed><sat>16</sat></trkpt>
  <trkpt lat="-33.47803500" lon="-70.53409000"><ele>1126.800</ele><time>2026-09-13T14:47:23Z</time><speed>43.427</speed><sat>16</sat></trkpt>
  <trkpt lat="-33.47764500" lon="-70.53401000"><ele>1127.500</ele><time>2026-09-13T14:47:24Z</time><speed>43.299</speed><sat>15</sat></trkpt>
  <trkpt lat="-33.47724667" lon="-70.53392167"><ele>1128.300</ele><time>2026-09-13T14:47:25Z</time><speed>44.018</speed><sat>15</sat></trkpt>
  <trkpt lat="-33.47685333" lon="-70.53382167"><ele>1129.600</ele><time>2026-09-13T14:47:26Z</time><speed>44.002</speed><sat>15</sat></trkpt>
  <trkpt lat="-33.47645667" lon="-70.53372667"><ele>1131.100</ele><time>2026-09-13T14:47:27Z</time><speed>44.257</speed><sat>14</sat></trkpt>
  <trkpt lat="-33.47606833" lon="-70.53363167"><ele>1132.800</ele><time>2026-09-13T14:47:28Z</time><speed>43.931</speed><sat>14</sat></trkpt>
  <trkpt lat="-33.47568000" lon="-70.53354667"><ele>1134.600</ele><time>2026-09-13T14:47:29Z</time><speed>43.827</speed><sat>13</sat></trkpt>
  <trkpt lat="-33.47529167" lon="-70.53345500"><ele>1136.600</ele><time>2026-09-13T14:47:30Z</time><speed>43.697</speed><sat>12</sat></trkpt>
  <trkpt lat="-33.47499667" lon="-70.53328333"><ele>1137.700</ele><time>2026-09-13T14:47:31Z</time><speed>43.313</speed><sat>12</sat></trkpt>
  <trkpt lat="-33.47461500" lon="-70.53318667"><ele>1138.900</ele><time>2026-09-13T14:47:32Z</time><speed>42.816</speed><sat>11</sat></trkpt>
  <trkpt lat="-33.47421500" lon="-70.53308667"><ele>1139.900</ele><time>2026-09-13T14:47:33Z</time><speed>42.611</speed><sat>11</sat></trkpt>
  <trkpt lat="-33.47382167" lon="-70.53297167"><ele>1140.900</ele><time>2026-09-13T14:47:34Z</time><speed>42.891</speed><sat>11</sat></trkpt>
  <trkpt lat="-33.47345167" lon="-70.53287667"><ele>1142.100</ele><time>2026-09-13T14:47:35Z</time><speed>42.081</speed><sat>11</sat></trkpt>
  <trkpt lat="-33.47302500" lon="-70.53277500"><ele>1143.600</ele><time>2026-09-13T14:47:36Z</time><speed>42.858</speed><sat>12</sat></trkpt>
  <trkpt lat="-33.47267167" lon="-70.53266167"><ele>1145.200</ele><time>2026-09-13T14:47:37Z</time><speed>42.535</speed><sat>11</sat></trkpt>
  <trkpt lat="-33.47230833" lon="-70.53258167"><ele>1147.700</ele><time>2026-09-13T14:47:38Z</time><speed>42.533</speed><sat>12</sat></trkpt>
  <trkpt lat="-33.47193167" lon="-70.53251333"><ele>1149.600</ele><time>2026-09-13T14:47:39Z</time><speed>42.995</speed><sat>12</sat></trkpt>
  <trkpt lat="-33.47156500" lon="-70.53243333"><ele>1151.100</ele><time>2026-09-13T14:47:40Z</time><speed>42.653</speed><sat>13</sat></trkpt>
  <trkpt lat="-33.47118667" lon="-70.53232167"><ele>1155.700</ele><time>2026-09-13T14:47:41Z</time><speed>43.380</speed><sat>14</sat></trkpt>
  <trkpt lat="-33.47079833" lon="-70.53222667"><ele>1158.500</ele><time>2026-09-13T14:47:42Z</time><speed>43.553</speed><sat>16</sat></trkpt>
  <trkpt lat="-33.47039000" lon="-70.53211833"><ele>1160.900</ele><time>2026-09-13T14:47:43Z</time><speed>45.026</speed><sat>17</sat></trkpt>
  <trkpt lat="-33.46999667" lon="-70.53201667"><ele>1163.700</ele><time>2026-09-13T14:47:44Z</time><speed>44.708</speed><sat>17</sat></trkpt>
  <trkpt lat="-33.46960000" lon="-70.53188833"><ele>1168.200</ele><time>2026-09-13T14:47:45Z</time><speed>44.569</speed><sat>15</sat></trkpt>
  <trkpt lat="-33.46920500" lon="-70.53175167"><ele>1173.300</ele><time>2026-09-13T14:47:46Z</time><speed>44.757</speed><sat>16</sat></trkpt>
  <trkpt lat="-33.46881500" lon="-70.53163000"><ele>1178.900</ele><time>2026-09-13T14:47:47Z</time><speed>43.556</speed><sat>18</sat></trkpt>
  <trkpt lat="-33.46841500" lon="-70.53151333"><ele>1181.400</ele><time>2026-09-13T14:47:48Z</time><speed>44.777</speed><sat>18</sat></trkpt>
  <trkpt lat="-33.46802333" lon="-70.53139500"><ele>1184.200</ele><time>2026-09-13T14:47:49Z</time><speed>45.500</speed><sat>18</sat></trkpt>
  <trkpt lat="-33.46763500" lon="-70.53128500"><ele>1186.100</ele><time>2026-09-13T14:47:50Z</time><speed>45.094</speed><sat>19</sat></trkpt>
  <trkpt lat="-33.46723667" lon="-70.53117000"><ele>1190.300</ele><time>2026-09-13T14:47:51Z</time><speed>44.521</speed><sat>15</sat></trkpt>
  <trkpt lat="-33.46685167" lon="-70.53107000"><ele>1192.300</ele><time>2026-09-13T14:47:52Z</time><speed>44.255</speed><sat>15</sat></trkpt>
  <trkpt lat="-33.46647667" lon="-70.53096833"><ele>1194.300</ele><time>2026-09-13T14:47:53Z</time><speed>43.726</speed><sat>14</sat></trkpt>
  <trkpt lat="-33.46609167" lon="-70.53086500"><ele>1197.100</ele><time>2026-09-13T14:47:54Z</time><speed>43.489</speed><sat>13</sat></trkpt>
  <trkpt lat="-33.46570500" lon="-70.53075833"><ele>1199.100</ele><time>2026-09-13T14:47:55Z</time><speed>43.979</speed><sat>14</sat></trkpt>
  <trkpt lat="-33.46531667" lon="-70.53065333"><ele>1201.300</ele><time>2026-09-13T14:47:56Z</time><speed>44.448</speed><sat>13</sat></trkpt>
  <trkpt lat="-33.46492333" lon="-70.53055667"><ele>1203.300</ele><time>2026-09-13T14:47:57Z</time><speed>44.442</speed><sat>13</sat></trkpt>
  <trkpt lat="-33.46453333" lon="-70.53045167"><ele>1205.800</ele><time>2026-09-13T14:47:58Z</time><speed>44.453</speed><sat>13</sat></trkpt>
  <trkpt lat="-33.46411833" lon="-70.53031167"><ele>1209.300</ele><time>2026-09-13T14:47:59Z</time><speed>44.123</speed><sat>15</sat></trkpt>
  <trkpt lat="-33.46370000" lon="-70.53017500"><ele>1212.900</ele><time>2026-09-13T14:48:00Z</time><speed>44.875</speed><sat>15</sat></trkpt>
  <trkpt lat="-33.46328000" lon="-70.53004000"><ele>1216.500</ele><time>2026-09-13T14:48:01Z</time><speed>45.504</speed><sat>16</sat></trkpt>
  <trkpt lat="-33.46288500" lon="-70.52993167"><ele>1218.800</ele><time>2026-09-13T14:48:02Z</time><speed>45.150</speed><sat>16</sat></trkpt>
  <trkpt lat="-33.46248500" lon="-70.52981167"><ele>1221.100</ele><time>2026-09-13T14:48:03Z</time><speed>45.179</speed><sat>16</sat></trkpt>
  <trkpt lat="-33.46208167" lon="-70.52968500"><ele>1223.800</ele><time>2026-09-13T14:48:04Z</time><speed>45.508</speed><sat>16</sat></trkpt>
  <trkpt lat="-33.46167667" lon="-70.52956333"><ele>1226.000</ele><time>2026-09-13T14:48:05Z</time><speed>45.512</speed><sat>16</sat></trkpt>
  <trkpt lat="-33.46126500" lon="-70.52942167"><ele>1229.600</ele><time>2026-09-13T14:48:06Z</time><speed>45.153</speed><sat>16</sat></trkpt>
  <trkpt lat="-33.46084167" lon="-70.52928333"><ele>1234.600</ele><time>2026-09-13T14:48:07Z</time><speed>46.426</speed><sat>17</sat></trkpt>
  <trkpt lat="-33.46043167" lon="-70.52915333"><ele>1235.900</ele><time>2026-09-13T14:48:08Z</time><speed>45.668</speed><sat>16</sat></trkpt>
  <trkpt lat="-33.46002333" lon="-70.52902000"><ele>1240.000</ele><time>2026-09-13T14:48:09Z</time><speed>45.527</speed><sat>15</sat></trkpt>
  <trkpt lat="-33.45963333" lon="-70.52890500"><ele>1242.200</ele><time>2026-09-13T14:48:10Z</time><speed>45.006</speed><sat>14</sat></trkpt>
  <trkpt lat="-33.45923167" lon="-70.52877500"><ele>1246.700</ele><time>2026-09-13T14:48:11Z</time><speed>44.904</speed><sat>15</sat></trkpt>
  <trkpt lat="-33.45882833" lon="-70.52864500"><ele>1251.000</ele><time>2026-09-13T14:48:12Z</time><speed>45.051</speed><sat>15</sat></trkpt>
  <trkpt lat="-33.45842000" lon="-70.52851667"><ele>1255.100</ele><time>2026-09-13T14:48:13Z</time><speed>45.278</speed><sat>15</sat></trkpt>
  <trkpt lat="-33.45801500" lon="-70.52839167"><ele>1257.400</ele><time>2026-09-13T14:48:14Z</time><speed>45.969</speed><sat>13</sat></trkpt>
  <trkpt lat="-33.45761333" lon="-70.52826500"><ele>1259.600</ele><time>2026-09-13T14:48:15Z</time><speed>45.520</speed><sat>12</sat></trkpt>
  <trkpt lat="-33.45720667" lon="-70.52813667"><ele>1262.900</ele><time>2026-09-13T14:48:16Z</time><speed>45.936</speed><sat>13</sat></trkpt>
  <trkpt lat="-33.45680500" lon="-70.52801000"><ele>1265.500</ele><time>2026-09-13T14:48:17Z</time><speed>45.957</speed><sat>11</sat></trkpt>
  <trkpt lat="-33.45639667" lon="-70.52788167"><ele>1269.300</ele><time>2026-09-13T14:48:18Z</time><speed>45.964</speed><sat>12</sat></trkpt>
  <trkpt lat="-33.45598500" lon="-70.52775833"><ele>1271.800</ele><time>2026-09-13T14:48:19Z</time><speed>46.297</speed><sat>11</sat></trkpt>
  <trkpt lat="-33.45557167" lon="-70.52763000"><ele>1274.400</ele><time>2026-09-13T14:48:20Z</time><speed>46.646</speed><sat>11</sat></trkpt>
  <trkpt lat="-33.45516333" lon="-70.52750500"><ele>1277.000</ele><time>2026-09-13T14:48:21Z</time><speed>46.040</speed><sat>11</sat></trkpt>
  <trkpt lat="-33.45476500" lon="-70.52738167"><ele>1279.600</ele><time>2026-09-13T14:48:22Z</time><speed>45.766</speed><sat>11</sat></trkpt>
  <trkpt lat="-33.45436000" lon="-70.52724667"><ele>1281.900</ele><time>2026-09-13T14:48:23Z</time><speed>46.158</speed><sat>10</sat></trkpt>
  <trkpt lat="-33.45396000" lon="-70.52711667"><ele>1284.300</ele><time>2026-09-13T14:48:24Z</time><speed>45.684</speed><sat>10</sat></trkpt>
  <trkpt lat="-33.45356667" lon="-70.52698167"><ele>1286.600</ele><time>2026-09-13T14:48:25Z</time><speed>45.484</speed><sat>10</sat></trkpt>
  <trkpt lat="-33.45318000" lon="-70.52684500"><ele>1289.100</ele><time>2026-09-13T14:48:26Z</time><speed>44.346</speed><sat>11</sat></trkpt>
  <trkpt lat="-33.45279500" lon="-70.52671500"><ele>1291.600</ele><time>2026-09-13T14:48:27Z</time><speed>43.761</speed><sat>11</sat></trkpt>
  <trkpt lat="-33.45241500" lon="-70.52658167"><ele>1294.100</ele><time>2026-09-13T14:48:28Z</time><speed>43.305</speed><sat>11</sat></trkpt>
  <trkpt lat="-33.45203833" lon="-70.52644000"><ele>1296.400</ele><time>2026-09-13T14:48:29Z</time><speed>43.200</speed><sat>10</sat></trkpt>
  <trkpt lat="-33.45167000" lon="-70.52629333"><ele>1298.800</ele><time>2026-09-13T14:48:30Z</time><speed>43.057</speed><sat>10</sat></trkpt>
  <trkpt lat="-33.45130167" lon="-70.52615167"><ele>1300.800</ele><time>2026-09-13T14:48:31Z</time><speed>43.049</speed><sat>9</sat></trkpt>
  <trkpt lat="-33.45092833" lon="-70.52601500"><ele>1300.300</ele><time>2026-09-13T14:48:32Z</time><speed>42.663</speed><sat>9</sat></trkpt>
  <trkpt lat="-33.45057167" lon="-70.52586667"><ele>1301.900</ele><time>2026-09-13T14:48:33Z</time><speed>42.379</speed><sat>9</sat></trkpt>
  <trkpt lat="-33.45020833" lon="-70.52572333"><ele>1303.400</ele><time>2026-09-13T14:48:34Z</time><speed>42.475</speed><sat>9</sat></trkpt>
  <trkpt lat="-33.44984833" lon="-70.52558000"><ele>1305.000</ele><time>2026-09-13T14:48:35Z</time><speed>42.303</speed><sat>9</sat></trkpt>
  <trkpt lat="-33.44946833" lon="-70.52544500"><ele>1306.600</ele><time>2026-09-13T14:48:36Z</time><speed>43.405</speed><sat>9</sat></trkpt>
  <trkpt lat="-33.44910000" lon="-70.52529667"><ele>1308.200</ele><time>2026-09-13T14:48:37Z</time><speed>43.427</speed><sat>9</sat></trkpt>
  <trkpt lat="-33.44873500" lon="-70.52515500"><ele>1310.000</ele><time>2026-09-13T14:48:38Z</time><speed>42.910</speed><sat>10</sat></trkpt>
  <trkpt lat="-33.44837500" lon="-70.52500500"><ele>1311.700</ele><time>2026-09-13T14:48:39Z</time><speed>42.600</speed><sat>10</sat></trkpt>
  <trkpt lat="-33.44802500" lon="-70.52485667"><ele>1313.500</ele><time>2026-09-13T14:48:40Z</time><speed>41.785</speed><sat>10</sat></trkpt>
  <trkpt lat="-33.44767333" lon="-70.52471000"><ele>1315.200</ele><time>2026-09-13T14:48:41Z</time><speed>41.774</speed><sat>10</sat></trkpt>
  <trkpt lat="-33.44732167" lon="-70.52456000"><ele>1316.800</ele><time>2026-09-13T14:48:42Z</time><speed>42.091</speed><sat>9</sat></trkpt>
  <trkpt lat="-33.44698500" lon="-70.52439333"><ele>1319.400</ele><time>2026-09-13T14:48:43Z</time><speed>42.209</speed><sat>9</sat></trkpt>
  <trkpt lat="-33.44664167" lon="-70.52422833"><ele>1321.700</ele><time>2026-09-13T14:48:44Z</time><speed>42.180</speed><sat>10</sat></trkpt>
  <trkpt lat="-33.44630333" lon="-70.52406333"><ele>1323.700</ele><time>2026-09-13T14:48:45Z</time><speed>41.486</speed><sat>12</sat></trkpt>
  <trkpt lat="-33.44612833" lon="-70.52390000"><ele>1333.500</ele><time>2026-09-13T14:48:46Z</time><speed>41.182</speed><sat>12</sat></trkpt>
  <trkpt lat="-33.44577667" lon="-70.52373500"><ele>1335.600</ele><time>2026-09-13T14:48:47Z</time><speed>41.393</speed><sat>12</sat></trkpt>
  <trkpt lat="-33.44543000" lon="-70.52356833"><ele>1337.600</ele><time>2026-09-13T14:48:48Z</time><speed>41.567</speed><sat>12</sat></trkpt>
  <trkpt lat="-33.44507333" lon="-70.52340833"><ele>1339.600</ele><time>2026-09-13T14:48:49Z</time><speed>42.162</speed><sat>11</sat></trkpt>
  <trkpt lat="-33.44471167" lon="-70.52324833"><ele>1341.500</ele><time>2026-09-13T14:48:50Z</time><speed>42.666</speed><sat>11</sat></trkpt>
  <trkpt lat="-33.44437167" lon="-70.52308333"><ele>1343.400</ele><time>2026-09-13T14:48:51Z</time><speed>41.881</speed><sat>10</sat></trkpt>
  <trkpt lat="-33.44402000" lon="-70.52291000"><ele>1345.300</ele><time>2026-09-13T14:48:52Z</time><speed>42.357</speed><sat>11</sat></trkpt>
  <trkpt lat="-33.44365500" lon="-70.52274000"><ele>1346.500</ele><time>2026-09-13T14:48:53Z</time><speed>43.289</speed><sat>11</sat></trkpt>
  <trkpt lat="-33.44330000" lon="-70.52256500"><ele>1348.000</ele><time>2026-09-13T14:48:54Z</time><speed>43.290</speed><sat>11</sat></trkpt>
  <trkpt lat="-33.44294333" lon="-70.52239500"><ele>1349.400</ele><time>2026-09-13T14:48:55Z</time><speed>43.209</speed><sat>11</sat></trkpt>
  <trkpt lat="-33.44258833" lon="-70.52221333"><ele>1351.000</ele><time>2026-09-13T14:48:56Z</time><speed>42.784</speed><sat>9</sat></trkpt>
  <trkpt lat="-33.44222833" lon="-70.52204833"><ele>1352.300</ele><time>2026-09-13T14:48:57Z</time><speed>42.633</speed><sat>8</sat></trkpt>
  <trkpt lat="-33.44189000" lon="-70.52188167"><ele>1354.100</ele><time>2026-09-13T14:48:58Z</time><speed>42.515</speed><sat>11</sat></trkpt>
  <trkpt lat="-33.44156833" lon="-70.52171167"><ele>1355.900</ele><time>2026-09-13T14:48:59Z</time><speed>41.739</speed><sat>11</sat></trkpt>
  <trkpt lat="-33.44122667" lon="-70.52155000"><ele>1357.800</ele><time>2026-09-13T14:49:00Z</time><speed>42.309</speed><sat>12</sat></trkpt>
  <trkpt lat="-33.44087667" lon="-70.52137833"><ele>1360.600</ele><time>2026-09-13T14:49:01Z</time><speed>42.398</speed><sat>12</sat></trkpt>
  <trkpt lat="-33.44054167" lon="-70.52119833"><ele>1362.900</ele><time>2026-09-13T14:49:02Z</time><speed>42.001</speed><sat>11</sat></trkpt>
  <trkpt lat="-33.44019167" lon="-70.52102667"><ele>1364.400</ele><time>2026-09-13T14:49:03Z</time><speed>42.262</speed><sat>9</sat></trkpt>
  <trkpt lat="-33.43984833" lon="-70.52085167"><ele>1365.900</ele><time>2026-09-13T14:49:04Z</time><speed>42.385</speed><sat>9</sat></trkpt>
  <trkpt lat="-33.43948500" lon="-70.52068000"><ele>1367.400</ele><time>2026-09-13T14:49:05Z</time><speed>43.171</speed><sat>9</sat></trkpt>
  <trkpt lat="-33.43912500" lon="-70.52049333"><ele>1369.100</ele><time>2026-09-13T14:49:06Z</time><speed>43.796</speed><sat>10</sat></trkpt>
  <trkpt lat="-33.43877333" lon="-70.52031167"><ele>1370.900</ele><time>2026-09-13T14:49:07Z</time><speed>43.168</speed><sat>10</sat></trkpt>
  <trkpt lat="-33.43841333" lon="-70.52012333"><ele>1372.500</ele><time>2026-09-13T14:49:08Z</time><speed>43.198</speed><sat>10</sat></trkpt>
  <trkpt lat="-33.43806500" lon="-70.51993667"><ele>1374.600</ele><time>2026-09-13T14:49:09Z</time><speed>42.958</speed><sat>10</sat></trkpt>
  <trkpt lat="-33.43771167" lon="-70.51975333"><ele>1376.400</ele><time>2026-09-13T14:49:10Z</time><speed>43.117</speed><sat>9</sat></trkpt>
  <trkpt lat="-33.43735167" lon="-70.51957833"><ele>1378.200</ele><time>2026-09-13T14:49:11Z</time><speed>43.279</speed><sat>9</sat></trkpt>
  <trkpt lat="-33.43701667" lon="-70.51940833"><ele>1380.200</ele><time>2026-09-13T14:49:12Z</time><speed>41.867</speed><sat>9</sat></trkpt>
  <trkpt lat="-33.43666167" lon="-70.51924500"><ele>1382.300</ele><time>2026-09-13T14:49:13Z</time><speed>42.349</speed><sat>10</sat></trkpt>
  <trkpt lat="-33.43629667" lon="-70.51908667"><ele>1384.100</ele><time>2026-09-13T14:49:14Z</time><speed>43.116</speed><sat>9</sat></trkpt>
  <trkpt lat="-33.43594167" lon="-70.51892500"><ele>1386.100</ele><time>2026-09-13T14:49:15Z</time><speed>42.832</speed><sat>8</sat></trkpt>
  <trkpt lat="-33.43558000" lon="-70.51876333"><ele>1387.800</ele><time>2026-09-13T14:49:16Z</time><speed>42.937</speed><sat>8</sat></trkpt>
  <trkpt lat="-33.43521667" lon="-70.51860667"><ele>1389.400</ele><time>2026-09-13T14:49:17Z</time><speed>42.928</speed><sat>8</sat></trkpt>
  <trkpt lat="-33.43485000" lon="-70.51844500"><ele>1391.100</ele><time>2026-09-13T14:49:18Z</time><speed>43.272</speed><sat>8</sat></trkpt>
  <trkpt lat="-33.43447000" lon="-70.51827667"><ele>1392.700</ele><time>2026-09-13T14:49:19Z</time><speed>44.101</speed><sat>8</sat></trkpt>
  <trkpt lat="-33.43410667" lon="-70.51811833"><ele>1394.400</ele><time>2026-09-13T14:49:20Z</time><speed>43.396</speed><sat>8</sat></trkpt>
  <trkpt lat="-33.43373167" lon="-70.51796333"><ele>1396.000</ele><time>2026-09-13T14:49:21Z</time><speed>43.540</speed><sat>9</sat></trkpt>
  <trkpt lat="-33.43335167" lon="-70.51781167"><ele>1397.700</ele><time>2026-09-13T14:49:22Z</time><speed>43.964</speed><sat>9</sat></trkpt>
  <trkpt lat="-33.43298333" lon="-70.51766833"><ele>1399.400</ele><time>2026-09-13T14:49:23Z</time><speed>43.646</speed><sat>8</sat></trkpt>
  <trkpt lat="-33.43259500" lon="-70.51753833"><ele>1401.500</ele><time>2026-09-13T14:49:24Z</time><speed>44.251</speed><sat>9</sat></trkpt>
  <trkpt lat="-33.43223833" lon="-70.51740167"><ele>1403.600</ele><time>2026-09-13T14:49:25Z</time><speed>42.902</speed><sat>9</sat></trkpt>
  <trkpt lat="-33.43188500" lon="-70.51726333"><ele>1405.800</ele><time>2026-09-13T14:49:26Z</time><speed>42.414</speed><sat>9</sat></trkpt>
  <trkpt lat="-33.43152667" lon="-70.51713167"><ele>1407.900</ele><time>2026-09-13T14:49:27Z</time><speed>41.924</speed><sat>9</sat></trkpt>
  <trkpt lat="-33.43117167" lon="-70.51700667"><ele>1410.000</ele><time>2026-09-13T14:49:28Z</time><speed>41.924</speed><sat>9</sat></trkpt>
  <trkpt lat="-33.43081000" lon="-70.51687833"><ele>1412.200</ele><time>2026-09-13T14:49:29Z</time><speed>42.475</speed><sat>9</sat></trkpt>
  <trkpt lat="-33.43046167" lon="-70.51675667"><ele>1414.300</ele><time>2026-09-13T14:49:30Z</time><speed>41.539</speed><sat>9</sat></trkpt>
  <trkpt lat="-33.43010000" lon="-70.51663333"><ele>1416.300</ele><time>2026-09-13T14:49:31Z</time><speed>41.984</speed><sat>8</sat></trkpt>
  <trkpt lat="-33.42974000" lon="-70.51650333"><ele>1418.300</ele><time>2026-09-13T14:49:32Z</time><speed>42.324</speed><sat>8</sat></trkpt>
  <trkpt lat="-33.42937167" lon="-70.51637333"><ele>1420.300</ele><time>2026-09-13T14:49:33Z</time><speed>42.360</speed><sat>7</sat></trkpt>
  <trkpt lat="-33.42899667" lon="-70.51624167"><ele>1422.200</ele><time>2026-09-13T14:49:34Z</time><speed>42.883</speed><sat>7</sat></trkpt>
  <trkpt lat="-33.42863333" lon="-70.51612000"><ele>1424.200</ele><time>2026-09-13T14:49:35Z</time><speed>42.669</speed><sat>8</sat></trkpt>
  <trkpt lat="-33.42826500" lon="-70.51600167"><ele>1426.100</ele><time>2026-09-13T14:49:36Z</time><speed>42.948</speed><sat>8</sat></trkpt>
  <trkpt lat="-33.42790167" lon="-70.51587000"><ele>1428.000</ele><time>2026-09-13T14:49:37Z</time><speed>42.943</speed><sat>7</sat></trkpt>
  <trkpt lat="-33.42752833" lon="-70.51574333"><ele>1429.900</ele><time>2026-09-13T14:49:38Z</time><speed>43.310</speed><sat>7</sat></trkpt>
  <trkpt lat="-33.42717333" lon="-70.51561333"><ele>1431.800</ele><time>2026-09-13T14:49:39Z</time><speed>42.336</speed><sat>7</sat></trkpt>
  <trkpt lat="-33.42680333" lon="-70.51547667"><ele>1433.600</ele><time>2026-09-13T14:49:40Z</time><speed>42.979</speed><sat>6</sat></trkpt>
  <trkpt lat="-33.42643667" lon="-70.51535167"><ele>1432.700</ele><time>2026-09-13T14:49:41Z</time><speed>42.970</speed><sat>6</sat></trkpt>
  <trkpt lat="-33.42607500" lon="-70.51522500"><ele>1433.800</ele><time>2026-09-13T14:49:42Z</time><speed>42.490</speed><sat>5</sat></trkpt>
  <trkpt lat="-33.42571000" lon="-70.51510500"><ele>1434.900</ele><time>2026-09-13T14:49:43Z</time><speed>42.399</speed><sat>6</sat></trkpt>
  <trkpt lat="-33.42535000" lon="-70.51498000"><ele>1436.100</ele><time>2026-09-13T14:49:44Z</time><speed>41.909</speed><sat>6</sat></trkpt>
  <trkpt lat="-33.42499500" lon="-70.51485833"><ele>1437.200</ele><time>2026-09-13T14:49:45Z</time><speed>41.671</speed><sat>5</sat></trkpt>
  <trkpt lat="-33.42464000" lon="-70.51472833"><ele>1438.300</ele><time>2026-09-13T14:49:46Z</time><speed>41.837</speed><sat>5</sat></trkpt>
  <trkpt lat="-33.42427833" lon="-70.51461167"><ele>1439.400</ele><time>2026-09-13T14:49:47Z</time><speed>41.953</speed><sat>5</sat></trkpt>
  <trkpt lat="-33.42392167" lon="-70.51448500"><ele>1440.500</ele><time>2026-09-13T14:49:48Z</time><speed>42.243</speed><sat>6</sat></trkpt>
  <trkpt lat="-33.42356833" lon="-70.51435833"><ele>1441.600</ele><time>2026-09-13T14:49:49Z</time><speed>41.891</speed><sat>6</sat></trkpt>
  <trkpt lat="-33.42318833" lon="-70.51423000"><ele>1442.700</ele><time>2026-09-13T14:49:50Z</time><speed>42.945</speed><sat>6</sat></trkpt>
  <trkpt lat="-33.42281833" lon="-70.51409333"><ele>1443.600</ele><time>2026-09-13T14:49:51Z</time><speed>42.604</speed><sat>6</sat></trkpt>
  <trkpt lat="-33.42243167" lon="-70.51396167"><ele>1444.800</ele><time>2026-09-13T14:49:52Z</time><speed>43.713</speed><sat>6</sat></trkpt>
  <trkpt lat="-33.42205167" lon="-70.51383000"><ele>1445.900</ele><time>2026-09-13T14:49:53Z</time><speed>43.706</speed><sat>6</sat></trkpt>
  <trkpt lat="-33.42166333" lon="-70.51370500"><ele>1447.000</ele><time>2026-09-13T14:49:54Z</time><speed>44.363</speed><sat>6</sat></trkpt>
  <trkpt lat="-33.42128167" lon="-70.51358833"><ele>1448.200</ele><time>2026-09-13T14:49:55Z</time><speed>44.154</speed><sat>6</sat></trkpt>
  <trkpt lat="-33.42088167" lon="-70.51346167"><ele>1449.300</ele><time>2026-09-13T14:49:56Z</time><speed>45.243</speed><sat>6</sat></trkpt>
  <trkpt lat="-33.42049500" lon="-70.51332833"><ele>1450.500</ele><time>2026-09-13T14:49:57Z</time><speed>45.097</speed><sat>6</sat></trkpt>
  <trkpt lat="-33.42010500" lon="-70.51320833"><ele>1451.600</ele><time>2026-09-13T14:49:58Z</time><speed>44.883</speed><sat>5</sat></trkpt>
  <trkpt lat="-33.41972667" lon="-70.51307667"><ele>1452.900</ele><time>2026-09-13T14:49:59Z</time><speed>44.418</speed><sat>5</sat></trkpt>
  <trkpt lat="-33.41934500" lon="-70.51293667"><ele>1454.100</ele><time>2026-09-13T14:50:00Z</time><speed>44.433</speed><sat>5</sat></trkpt>
  <trkpt lat="-33.41896667" lon="-70.51278000"><ele>1455.400</ele><time>2026-09-13T14:50:01Z</time><speed>44.333</speed><sat>6</sat></trkpt>
  <trkpt lat="-33.41858667" lon="-70.51261000"><ele>1456.600</ele><time>2026-09-13T14:50:02Z</time><speed>44.369</speed><sat>6</sat></trkpt>
  <trkpt lat="-33.41822833" lon="-70.51244333"><ele>1457.900</ele><time>2026-09-13T14:50:03Z</time><speed>43.424</speed><sat>6</sat></trkpt>
  <trkpt lat="-33.41786000" lon="-70.51229333"><ele>1459.100</ele><time>2026-09-13T14:50:04Z</time><speed>43.260</speed><sat>6</sat></trkpt>
  <trkpt lat="-33.41749500" lon="-70.51212833"><ele>1460.300</ele><time>2026-09-13T14:50:05Z</time><speed>43.277</speed><sat>6</sat></trkpt>
  <trkpt lat="-33.41713833" lon="-70.51194500"><ele>1462.000</ele><time>2026-09-13T14:50:06Z</time><speed>43.135</speed><sat>7</sat></trkpt>
  <trkpt lat="-33.41678500" lon="-70.51177500"><ele>1463.700</ele><time>2026-09-13T14:50:07Z</time><speed>43.038</speed><sat>8</sat></trkpt>
  <trkpt lat="-33.41641833" lon="-70.51161167"><ele>1465.400</ele><time>2026-09-13T14:50:08Z</time><speed>43.343</speed><sat>8</sat></trkpt>
  <trkpt lat="-33.41605333" lon="-70.51144333"><ele>1467.000</ele><time>2026-09-13T14:50:09Z</time><speed>43.125</speed><sat>8</sat></trkpt>
  <trkpt lat="-33.41569167" lon="-70.51128000"><ele>1468.600</ele><time>2026-09-13T14:50:10Z</time><speed>43.141</speed><sat>8</sat></trkpt>
  <trkpt lat="-33.41533333" lon="-70.51110667"><ele>1471.000</ele><time>2026-09-13T14:50:11Z</time><speed>43.153</speed><sat>9</sat></trkpt>
  <trkpt lat="-33.41495833" lon="-70.51093500"><ele>1473.400</ele><time>2026-09-13T14:50:12Z</time><speed>43.382</speed><sat>9</sat></trkpt>
  <trkpt lat="-33.41460000" lon="-70.51076667"><ele>1475.600</ele><time>2026-09-13T14:50:13Z</time><speed>43.020</speed><sat>8</sat></trkpt>
  <trkpt lat="-33.41424167" lon="-70.51059833"><ele>1477.800</ele><time>2026-09-13T14:50:14Z</time><speed>43.379</speed><sat>8</sat></trkpt>
  <trkpt lat="-33.41387333" lon="-70.51042333"><ele>1480.400</ele><time>2026-09-13T14:50:15Z</time><speed>43.705</speed><sat>9</sat></trkpt>
  <trkpt lat="-33.41349667" lon="-70.51024167"><ele>1482.500</ele><time>2026-09-13T14:50:16Z</time><speed>44.139</speed><sat>9</sat></trkpt>
  <trkpt lat="-33.41313667" lon="-70.51005333"><ele>1484.700</ele><time>2026-09-13T14:50:17Z</time><speed>43.769</speed><sat>8</sat></trkpt>
  <trkpt lat="-33.41277167" lon="-70.50987500"><ele>1486.900</ele><time>2026-09-13T14:50:18Z</time><speed>43.356</speed><sat>8</sat></trkpt>
  <trkpt lat="-33.41240833" lon="-70.50969000"><ele>1489.200</ele><time>2026-09-13T14:50:19Z</time><speed>43.339</speed><sat>8</sat></trkpt>
  <trkpt lat="-33.41205167" lon="-70.50950833"><ele>1491.500</ele><time>2026-09-13T14:50:20Z</time><speed>42.828</speed><sat>9</sat></trkpt>
  <trkpt lat="-33.41169167" lon="-70.50931333"><ele>1494.000</ele><time>2026-09-13T14:50:21Z</time><speed>43.379</speed><sat>9</sat></trkpt>
  <trkpt lat="-33.41132500" lon="-70.50913667"><ele>1496.000</ele><time>2026-09-13T14:50:22Z</time><speed>42.893</speed><sat>9</sat></trkpt>
  <trkpt lat="-33.39650333" lon="-70.50173500"><ele>1615.100</ele><time>2026-09-13T14:51:03Z</time><speed>43.080</speed><sat>5</sat></trkpt>
  <trkpt lat="-33.39611500" lon="-70.50155333"><ele>1616.500</ele><time>2026-09-13T14:51:04Z</time><speed>43.455</speed><sat>5</sat></trkpt>
  <trkpt lat="-33.39571667" lon="-70.50136500"><ele>1618.000</ele><time>2026-09-13T14:51:05Z</time><speed>43.600</speed><sat>5</sat></trkpt>
  <trkpt lat="-33.39534000" lon="-70.50117333"><ele>1619.400</ele><time>2026-09-13T14:51:06Z</time><speed>43.452</speed><sat>6</sat></trkpt>
  <trkpt lat="-33.39497000" lon="-70.50097500"><ele>1621.000</ele><time>2026-09-13T14:51:07Z</time><speed>43.054</speed><sat>6</sat></trkpt>
  <trkpt lat="-33.39463167" lon="-70.50078000"><ele>1622.500</ele><time>2026-09-13T14:51:08Z</time><speed>42.839</speed><sat>6</sat></trkpt>
  <trkpt lat="-33.39463167" lon="-70.50078000"><ele>1623.700</ele><time>2026-09-13T14:51:09Z</time><speed>43.196</speed><sat>6</sat></trkpt>
  <trkpt lat="-33.39463167" lon="-70.50078000"><ele>1625.000</ele><time>2026-09-13T14:51:10Z</time><speed>43.239</speed><sat>6</sat></trkpt>
  <trkpt lat="-33.39374333" lon="-70.50013167"><ele>1638.000</ele><time>2026-09-13T14:51:11Z</time><speed>43.298</speed><sat>5</sat></trkpt>
  <trkpt lat="-33.39349333" lon="-70.49988167"><ele>1648.500</ele><time>2026-09-13T14:51:12Z</time><speed>42.813</speed><sat>5</sat></trkpt>
  <trkpt lat="-33.39318667" lon="-70.49963333"><ele>1657.500</ele><time>2026-09-13T14:51:13Z</time><speed>42.544</speed><sat>6</sat></trkpt>
  <trkpt lat="-33.39286500" lon="-70.49938667"><ele>1664.600</ele><time>2026-09-13T14:51:14Z</time><speed>42.710</speed><sat>6</sat></trkpt>
  <trkpt lat="-33.39256667" lon="-70.49914667"><ele>1670.700</ele><time>2026-09-13T14:51:15Z</time><speed>42.628</speed><sat>5</sat></trkpt>
  <trkpt lat="-33.39225833" lon="-70.49891167"><ele>1676.200</ele><time>2026-09-13T14:51:16Z</time><speed>42.645</speed><sat>5</sat></trkpt>
  <trkpt lat="-33.39193833" lon="-70.49867833"><ele>1681.200</ele><time>2026-09-13T14:51:17Z</time><speed>42.962</speed><sat>5</sat></trkpt>
  <trkpt lat="-33.39160167" lon="-70.49844500"><ele>1685.700</ele><time>2026-09-13T14:51:18Z</time><speed>43.094</speed><sat>4</sat></trkpt>
  <trkpt lat="-33.39126667" lon="-70.49821000"><ele>1689.800</ele><time>2026-09-13T14:51:19Z</time><speed>42.962</speed><sat>4</sat></trkpt>
  <trkpt lat="-33.39095000" lon="-70.49795333"><ele>1694.900</ele><time>2026-09-13T14:51:20Z</time><speed>42.914</speed><sat>5</sat></trkpt>
  <trkpt lat="-33.39061667" lon="-70.49769833"><ele>1698.500</ele><time>2026-09-13T14:51:21Z</time><speed>42.933</speed><sat>5</sat></trkpt>
  <trkpt lat="-33.39025500" lon="-70.49745500"><ele>1702.700</ele><time>2026-09-13T14:51:22Z</time><speed>43.058</speed><sat>5</sat></trkpt>
  <trkpt lat="-33.38991833" lon="-70.49724667"><ele>1705.900</ele><time>2026-09-13T14:51:23Z</time><speed>43.144</speed><sat>4</sat></trkpt>
  <trkpt lat="-33.38957000" lon="-70.49702667"><ele>1707.200</ele><time>2026-09-13T14:51:24Z</time><speed>43.172</speed><sat>4</sat></trkpt>
  <trkpt lat="-33.38922833" lon="-70.49678167"><ele>1708.700</ele><time>2026-09-13T14:51:25Z</time><speed>43.206</speed><sat>5</sat></trkpt>
  <trkpt lat="-33.38887667" lon="-70.49654500"><ele>1710.000</ele><time>2026-09-13T14:51:26Z</time><speed>43.281</speed><sat>6</sat></trkpt>
  <trkpt lat="-33.38853000" lon="-70.49631500"><ele>1711.100</ele><time>2026-09-13T14:51:27Z</time><speed>43.334</speed><sat>5</sat></trkpt>
  <trkpt lat="-33.38819000" lon="-70.49608000"><ele>1712.200</ele><time>2026-09-13T14:51:28Z</time><speed>43.355</speed><sat>5</sat></trkpt>
  <trkpt lat="-33.38785167" lon="-70.49583000"><ele>1713.300</ele><time>2026-09-13T14:51:29Z</time><speed>43.448</speed><sat>5</sat></trkpt>
  <trkpt lat="-33.38751000" lon="-70.49558500"><ele>1714.500</ele><time>2026-09-13T14:51:30Z</time><speed>43.529</speed><sat>5</sat></trkpt>
  <trkpt lat="-33.38716167" lon="-70.49533833"><ele>1715.600</ele><time>2026-09-13T14:51:31Z</time><speed>43.631</speed><sat>5</sat></trkpt>
  <trkpt lat="-33.38679167" lon="-70.49509333"><ele>1717.000</ele><time>2026-09-13T14:51:32Z</time><speed>43.671</speed><sat>6</sat></trkpt>
  <trkpt lat="-33.38644000" lon="-70.49485833"><ele>1718.400</ele><time>2026-09-13T14:51:33Z</time><speed>43.832</speed><sat>7</sat></trkpt>
  <trkpt lat="-33.38607500" lon="-70.49461667"><ele>1720.100</ele><time>2026-09-13T14:51:34Z</time><speed>44.170</speed><sat>7</sat></trkpt>
  <trkpt lat="-33.38572667" lon="-70.49437667"><ele>1721.700</ele><time>2026-09-13T14:51:35Z</time><speed>44.160</speed><sat>7</sat></trkpt>
  <trkpt lat="-33.38537667" lon="-70.49412500"><ele>1722.900</ele><time>2026-09-13T14:51:36Z</time><speed>44.578</speed><sat>8</sat></trkpt>
  <trkpt lat="-33.38502667" lon="-70.49386333"><ele>1725.400</ele><time>2026-09-13T14:51:37Z</time><speed>44.933</speed><sat>8</sat></trkpt>
  <trkpt lat="-33.38467000" lon="-70.49360500"><ele>1726.700</ele><time>2026-09-13T14:51:38Z</time><speed>45.628</speed><sat>10</sat></trkpt>
  <trkpt lat="-33.38432833" lon="-70.49334167"><ele>1730.100</ele><time>2026-09-13T14:51:39Z</time><speed>44.634</speed><sat>9</sat></trkpt>
  <trkpt lat="-33.38397667" lon="-70.49309167"><ele>1731.500</ele><time>2026-09-13T14:51:40Z</time><speed>44.271</speed><sat>11</sat></trkpt>
  <trkpt lat="-33.38361333" lon="-70.49281667"><ele>1734.700</ele><time>2026-09-13T14:51:41Z</time><speed>44.923</speed><sat>11</sat></trkpt>
  <trkpt lat="-33.38323667" lon="-70.49251833"><ele>1740.400</ele><time>2026-09-13T14:51:42Z</time><speed>44.616</speed><sat>11</sat></trkpt>
  <trkpt lat="-33.38287000" lon="-70.49225000"><ele>1746.600</ele><time>2026-09-13T14:51:43Z</time><speed>44.376</speed><sat>11</sat></trkpt>
  <trkpt lat="-33.38252167" lon="-70.49199833"><ele>1751.800</ele><time>2026-09-13T14:51:44Z</time><speed>44.118</speed><sat>13</sat></trkpt>
  <trkpt lat="-33.38215000" lon="-70.49170000"><ele>1760.500</ele><time>2026-09-13T14:51:45Z</time><speed>44.327</speed><sat>14</sat></trkpt>
  <trkpt lat="-33.38178500" lon="-70.49140833"><ele>1768.300</ele><time>2026-09-13T14:51:46Z</time><speed>45.103</speed><sat>15</sat></trkpt>
  <trkpt lat="-33.38144667" lon="-70.49112000"><ele>1775.600</ele><time>2026-09-13T14:51:47Z</time><speed>44.041</speed><sat>16</sat></trkpt>
  <trkpt lat="-33.38111667" lon="-70.49082833"><ele>1778.600</ele><time>2026-09-13T14:51:48Z</time><speed>43.664</speed><sat>17</sat></trkpt>
  <trkpt lat="-33.38078833" lon="-70.49053500"><ele>1781.700</ele><time>2026-09-13T14:51:49Z</time><speed>44.319</speed><sat>15</sat></trkpt>
  <trkpt lat="-33.38046333" lon="-70.49025167"><ele>1783.600</ele><time>2026-09-13T14:51:50Z</time><speed>44.785</speed><sat>15</sat></trkpt>
  <trkpt lat="-33.38014000" lon="-70.48997833"><ele>1788.400</ele><time>2026-09-13T14:51:51Z</time><speed>44.942</speed><sat>16</sat></trkpt>
  <trkpt lat="-33.37982167" lon="-70.48967667"><ele>1790.600</ele><time>2026-09-13T14:51:52Z</time><speed>44.941</speed><sat>16</sat></trkpt>
  <trkpt lat="-33.37951333" lon="-70.48937833"><ele>1793.000</ele><time>2026-09-13T14:51:53Z</time><speed>44.410</speed><sat>17</sat></trkpt>
  <trkpt lat="-33.37920000" lon="-70.48907167"><ele>1795.200</ele><time>2026-09-13T14:51:54Z</time><speed>45.207</speed><sat>17</sat></trkpt>
  <trkpt lat="-33.37889000" lon="-70.48875500"><ele>1797.000</ele><time>2026-09-13T14:51:55Z</time><speed>44.989</speed><sat>16</sat></trkpt>
  <trkpt lat="-33.37889000" lon="-70.48875500"><ele>1797.000</ele><time>2026-09-13T14:51:56Z</time><speed>44.871</speed><sat>15</sat></trkpt>
  <trkpt lat="-33.37828333" lon="-70.48811667"><ele>1802.700</ele><time>2026-09-13T14:51:57Z</time><speed>45.264</speed><sat>15</sat></trkpt>
  <trkpt lat="-33.37798500" lon="-70.48778167"><ele>1804.700</ele><time>2026-09-13T14:51:58Z</time><speed>44.974</speed><sat>13</sat></trkpt>
  <trkpt lat="-33.37770500" lon="-70.48744167"><ele>1807.000</ele><time>2026-09-13T14:51:59Z</time><speed>44.179</speed><sat>13</sat></trkpt>
  <trkpt lat="-33.37743000" lon="-70.48709167"><ele>1809.300</ele><time>2026-09-13T14:52:00Z</time><speed>44.693</speed><sat>12</sat></trkpt>
  <trkpt lat="-33.37716000" lon="-70.48673833"><ele>1811.500</ele><time>2026-09-13T14:52:01Z</time><speed>44.279</speed><sat>13</sat></trkpt>
  <trkpt lat="-33.37689833" lon="-70.48638167"><ele>1813.800</ele><time>2026-09-13T14:52:02Z</time><speed>43.953</speed><sat>13</sat></trkpt>
  <trkpt lat="-33.37664333" lon="-70.48602167"><ele>1816.200</ele><time>2026-09-13T14:52:03Z</time><speed>43.984</speed><sat>13</sat></trkpt>
  <trkpt lat="-33.37639500" lon="-70.48565167"><ele>1818.600</ele><time>2026-09-13T14:52:04Z</time><speed>44.077</speed><sat>14</sat></trkpt>
  <trkpt lat="-33.37615500" lon="-70.48527333"><ele>1821.300</ele><time>2026-09-13T14:52:05Z</time><speed>43.583</speed><sat>14</sat></trkpt>
  <trkpt lat="-33.37592000" lon="-70.48489167"><ele>1824.000</ele><time>2026-09-13T14:52:06Z</time><speed>43.769</speed><sat>14</sat></trkpt>
  <trkpt lat="-33.37571500" lon="-70.48448667"><ele>1832.100</ele><time>2026-09-13T14:52:07Z</time><speed>44.115</speed><sat>15</sat></trkpt>
  <trkpt lat="-33.37548500" lon="-70.48409500"><ele>1835.000</ele><time>2026-09-13T14:52:08Z</time><speed>44.267</speed><sat>14</sat></trkpt>
  <trkpt lat="-33.37528500" lon="-70.48368000"><ele>1844.700</ele><time>2026-09-13T14:52:09Z</time><speed>44.039</speed><sat>15</sat></trkpt>
  <trkpt lat="-33.37508667" lon="-70.48327333"><ele>1852.800</ele><time>2026-09-13T14:52:10Z</time><speed>43.555</speed><sat>16</sat></trkpt>
  <trkpt lat="-33.37488667" lon="-70.48285833"><ele>1859.800</ele><time>2026-09-13T14:52:11Z</time><speed>44.197</speed><sat>15</sat></trkpt>
  <trkpt lat="-33.37467333" lon="-70.48245833"><ele>1862.600</ele><time>2026-09-13T14:52:12Z</time><speed>44.220</speed><sat>15</sat></trkpt>
  <trkpt lat="-33.37446333" lon="-70.48205667"><ele>1865.100</ele><time>2026-09-13T14:52:13Z</time><speed>43.848</speed><sat>14</sat></trkpt>
  <trkpt lat="-33.37426000" lon="-70.48165167"><ele>1869.000</ele><time>2026-09-13T14:52:14Z</time><speed>43.629</speed><sat>14</sat></trkpt>
  <trkpt lat="-33.37406167" lon="-70.48124500"><ele>1872.700</ele><time>2026-09-13T14:52:15Z</time><speed>43.166</speed><sat>14</sat></trkpt>
  <trkpt lat="-33.37386167" lon="-70.48083833"><ele>1875.600</ele><time>2026-09-13T14:52:16Z</time><speed>43.740</speed><sat>14</sat></trkpt>
  <trkpt lat="-33.37367167" lon="-70.48043167"><ele>1878.300</ele><time>2026-09-13T14:52:17Z</time><speed>42.987</speed><sat>14</sat></trkpt>
  <trkpt lat="-33.37348500" lon="-70.48001500"><ele>1881.100</ele><time>2026-09-13T14:52:18Z</time><speed>43.933</speed><sat>14</sat></trkpt>
  <trkpt lat="-33.37330000" lon="-70.47960500"><ele>1884.200</ele><time>2026-09-13T14:52:19Z</time><speed>42.945</speed><sat>15</sat></trkpt>
  <trkpt lat="-33.37309667" lon="-70.47915333"><ele>1890.900</ele><time>2026-09-13T14:52:20Z</time><speed>43.549</speed><sat>15</sat></trkpt>
  <trkpt lat="-33.37291833" lon="-70.47872833"><ele>1897.100</ele><time>2026-09-13T14:52:21Z</time><speed>42.814</speed><sat>15</sat></trkpt>
  <trkpt lat="-33.37272333" lon="-70.47830833"><ele>1901.100</ele><time>2026-09-13T14:52:22Z</time><speed>42.710</speed><sat>14</sat></trkpt>
  <trkpt lat="-33.37254500" lon="-70.47787500"><ele>1906.700</ele><time>2026-09-13T14:52:23Z</time><speed>43.165</speed><sat>14</sat></trkpt>
  <trkpt lat="-33.37238333" lon="-70.47743333"><ele>1912.800</ele><time>2026-09-13T14:52:24Z</time><speed>42.742</speed><sat>13</sat></trkpt>
  <trkpt lat="-33.37221333" lon="-70.47698333"><ele>1918.100</ele><time>2026-09-13T14:52:25Z</time><speed>44.002</speed><sat>12</sat></trkpt>
  <trkpt lat="-33.37204167" lon="-70.47653667"><ele>1920.100</ele><time>2026-09-13T14:52:26Z</time><speed>44.704</speed><sat>11</sat></trkpt>
  <trkpt lat="-33.37186000" lon="-70.47609333"><ele>1922.600</ele><time>2026-09-13T14:52:27Z</time><speed>44.120</speed><sat>11</sat></trkpt>
  <trkpt lat="-33.37168833" lon="-70.47565833"><ele>1924.700</ele><time>2026-09-13T14:52:28Z</time><speed>44.410</speed><sat>10</sat></trkpt>
  <trkpt lat="-33.37152333" lon="-70.47523333"><ele>1928.300</ele><time>2026-09-13T14:52:29Z</time><speed>44.170</speed><sat>10</sat></trkpt>
  <trkpt lat="-33.37135333" lon="-70.47478333"><ele>1931.700</ele><time>2026-09-13T14:52:30Z</time><speed>44.652</speed><sat>11</sat></trkpt>
  <trkpt lat="-33.37119500" lon="-70.47436333"><ele>1934.200</ele><time>2026-09-13T14:52:31Z</time><speed>44.124</speed><sat>11</sat></trkpt>
  <trkpt lat="-33.37102500" lon="-70.47392000"><ele>1936.500</ele><time>2026-09-13T14:52:32Z</time><speed>44.792</speed><sat>10</sat></trkpt>
  <trkpt lat="-33.37088167" lon="-70.47349000"><ele>1940.600</ele><time>2026-09-13T14:52:33Z</time><speed>43.803</speed><sat>11</sat></trkpt>
  <trkpt lat="-33.37073167" lon="-70.47309333"><ele>1943.200</ele><time>2026-09-13T14:52:34Z</time><speed>42.953</speed><sat>11</sat></trkpt>
  <trkpt lat="-33.37058333" lon="-70.47268667"><ele>1945.300</ele><time>2026-09-13T14:52:35Z</time><speed>42.165</speed><sat>12</sat></trkpt>
  <trkpt lat="-33.37046167" lon="-70.47234167"><ele>1948.700</ele><time>2026-09-13T14:52:36Z</time><speed>41.228</speed><sat>12</sat></trkpt>
  <trkpt lat="-33.37033000" lon="-70.47196500"><ele>1951.800</ele><time>2026-09-13T14:52:37Z</time><speed>42.617</speed><sat>11</sat></trkpt>
  <trkpt lat="-33.37021000" lon="-70.47157167"><ele>1955.200</ele><time>2026-09-13T14:52:38Z</time><speed>43.185</speed><sat>13</sat></trkpt>
  <trkpt lat="-33.37006833" lon="-70.47113167"><ele>1959.300</ele><time>2026-09-13T14:52:39Z</time><speed>43.348</speed><sat>13</sat></trkpt>
  <trkpt lat="-33.36997000" lon="-70.47075000"><ele>1965.400</ele><time>2026-09-13T14:52:40Z</time><speed>42.921</speed><sat>14</sat></trkpt>
  <trkpt lat="-33.36986167" lon="-70.47035667"><ele>1969.100</ele><time>2026-09-13T14:52:41Z</time><speed>42.713</speed><sat>14</sat></trkpt>
  <trkpt lat="-33.36974500" lon="-70.46994000"><ele>1972.600</ele><time>2026-09-13T14:52:42Z</time><speed>42.485</speed><sat>14</sat></trkpt>
  <trkpt lat="-33.36962833" lon="-70.46952833"><ele>1977.300</ele><time>2026-09-13T14:52:43Z</time><speed>41.744</speed><sat>14</sat></trkpt>
  <trkpt lat="-33.36949833" lon="-70.46905833"><ele>1982.400</ele><time>2026-09-13T14:52:44Z</time><speed>42.127</speed><sat>14</sat></trkpt>
  <trkpt lat="-33.36938500" lon="-70.46864167"><ele>1985.400</ele><time>2026-09-13T14:52:45Z</time><speed>41.632</speed><sat>13</sat></trkpt>
  <trkpt lat="-33.36928500" lon="-70.46823333"><ele>1989.400</ele><time>2026-09-13T14:52:46Z</time><speed>41.319</speed><sat>13</sat></trkpt>
  <trkpt lat="-33.36917500" lon="-70.46782833"><ele>1992.900</ele><time>2026-09-13T14:52:47Z</time><speed>40.822</speed><sat>13</sat></trkpt>
  <trkpt lat="-33.36905333" lon="-70.46740333"><ele>1996.600</ele><time>2026-09-13T14:52:48Z</time><speed>41.653</speed><sat>13</sat></trkpt>
  <trkpt lat="-33.36893833" lon="-70.46698500"><ele>2000.400</ele><time>2026-09-13T14:52:49Z</time><speed>42.138</speed><sat>13</sat></trkpt>
  <trkpt lat="-33.36882833" lon="-70.46655833"><ele>2003.500</ele><time>2026-09-13T14:52:50Z</time><speed>41.172</speed><sat>13</sat></trkpt>
  <trkpt lat="-33.36872500" lon="-70.46615167"><ele>2005.900</ele><time>2026-09-13T14:52:51Z</time><speed>40.461</speed><sat>13</sat></trkpt>
  <trkpt lat="-33.36863833" lon="-70.46573000"><ele>2008.600</ele><time>2026-09-13T14:52:52Z</time><speed>40.321</speed><sat>12</sat></trkpt>
  <trkpt lat="-33.36855000" lon="-70.46530833"><ele>2010.700</ele><time>2026-09-13T14:52:53Z</time><speed>40.543</speed><sat>11</sat></trkpt>
  <trkpt lat="-33.36846500" lon="-70.46486333"><ele>2013.200</ele><time>2026-09-13T14:52:54Z</time><speed>41.560</speed><sat>11</sat></trkpt>
  <trkpt lat="-33.36838333" lon="-70.46442167"><ele>2015.600</ele><time>2026-09-13T14:52:55Z</time><speed>41.229</speed><sat>10</sat></trkpt>
  <trkpt lat="-33.36829167" lon="-70.46398333"><ele>2017.500</ele><time>2026-09-13T14:52:56Z</time><speed>41.501</speed><sat>7</sat></trkpt>
  <trkpt lat="-33.36821000" lon="-70.46355667"><ele>2019.300</ele><time>2026-09-13T14:52:57Z</time><speed>40.874</speed><sat>7</sat></trkpt>
  <trkpt lat="-33.36813667" lon="-70.46314333"><ele>2021.200</ele><time>2026-09-13T14:52:58Z</time><speed>40.034</speed><sat>8</sat></trkpt>
  <trkpt lat="-33.36807833" lon="-70.46273000"><ele>2023.200</ele><time>2026-09-13T14:52:59Z</time><speed>39.425</speed><sat>10</sat></trkpt>
  <trkpt lat="-33.36806667" lon="-70.46229833"><ele>2025.400</ele><time>2026-09-13T14:53:00Z</time><speed>39.256</speed><sat>10</sat></trkpt>
  <trkpt lat="-33.36807333" lon="-70.46185333"><ele>2027.700</ele><time>2026-09-13T14:53:01Z</time><speed>39.727</speed><sat>9</sat></trkpt>
  <trkpt lat="-33.36811000" lon="-70.46139667"><ele>2030.500</ele><time>2026-09-13T14:53:02Z</time><speed>40.423</speed><sat>8</sat></trkpt>
  <trkpt lat="-33.36814500" lon="-70.46092333"><ele>2033.500</ele><time>2026-09-13T14:53:03Z</time><speed>41.528</speed><sat>9</sat></trkpt>
  <trkpt lat="-33.36815833" lon="-70.46047333"><ele>2036.500</ele><time>2026-09-13T14:53:04Z</time><speed>41.037</speed><sat>9</sat></trkpt>
  <trkpt lat="-33.36817833" lon="-70.46000833"><ele>2039.500</ele><time>2026-09-13T14:53:05Z</time><speed>42.057</speed><sat>10</sat></trkpt>
  <trkpt lat="-33.36818667" lon="-70.45954167"><ele>2042.100</ele><time>2026-09-13T14:53:06Z</time><speed>42.029</speed><sat>10</sat></trkpt>
  <trkpt lat="-33.36818833" lon="-70.45910833"><ele>2045.000</ele><time>2026-09-13T14:53:07Z</time><speed>41.199</speed><sat>10</sat></trkpt>
  <trkpt lat="-33.36817333" lon="-70.45866833"><ele>2047.400</ele><time>2026-09-13T14:53:08Z</time><speed>41.212</speed><sat>9</sat></trkpt>
  <trkpt lat="-33.36816500" lon="-70.45823333"><ele>2049.700</ele><time>2026-09-13T14:53:09Z</time><speed>40.678</speed><sat>9</sat></trkpt>
  <trkpt lat="-33.36814833" lon="-70.45778833"><ele>2052.200</ele><time>2026-09-13T14:53:10Z</time><speed>41.885</speed><sat>7</sat></trkpt>
  <trkpt lat="-33.36813167" lon="-70.45733500"><ele>2054.600</ele><time>2026-09-13T14:53:11Z</time><speed>42.505</speed><sat>9</sat></trkpt>
  <trkpt lat="-33.36810833" lon="-70.45688667"><ele>2057.200</ele><time>2026-09-13T14:53:12Z</time><speed>42.210</speed><sat>10</sat></trkpt>
  <trkpt lat="-33.36808500" lon="-70.45642167"><ele>2059.500</ele><time>2026-09-13T14:53:13Z</time><speed>42.876</speed><sat>10</sat></trkpt>
  <trkpt lat="-33.36807000" lon="-70.45595667"><ele>2062.000</ele><time>2026-09-13T14:53:14Z</time><speed>43.053</speed><sat>10</sat></trkpt>
  <trkpt lat="-33.36805500" lon="-70.45549833"><ele>2064.200</ele><time>2026-09-13T14:53:15Z</time><speed>43.022</speed><sat>8</sat></trkpt>
  <trkpt lat="-33.36803500" lon="-70.45504167"><ele>2066.200</ele><time>2026-09-13T14:53:16Z</time><speed>43.210</speed><sat>8</sat></trkpt>
  <trkpt lat="-33.36801833" lon="-70.45458500"><ele>2068.300</ele><time>2026-09-13T14:53:17Z</time><speed>43.013</speed><sat>8</sat></trkpt>
  <trkpt lat="-33.36801000" lon="-70.45413333"><ele>2070.400</ele><time>2026-09-13T14:53:18Z</time><speed>42.415</speed><sat>9</sat></trkpt>
  <trkpt lat="-33.36800833" lon="-70.45367333"><ele>2072.500</ele><time>2026-09-13T14:53:19Z</time><speed>42.505</speed><sat>10</sat></trkpt>
  <trkpt lat="-33.36802167" lon="-70.45322667"><ele>2074.800</ele><time>2026-09-13T14:53:20Z</time><speed>42.133</speed><sat>10</sat></trkpt>
  <trkpt lat="-33.36802333" lon="-70.45279000"><ele>2076.900</ele><time>2026-09-13T14:53:21Z</time><speed>41.758</speed><sat>10</sat></trkpt>
  <trkpt lat="-33.36801333" lon="-70.45235000"><ele>2079.500</ele><time>2026-09-13T14:53:22Z</time><speed>41.365</speed><sat>11</sat></trkpt>
  <trkpt lat="-33.36800000" lon="-70.45188833"><ele>2082.500</ele><time>2026-09-13T14:53:23Z</time><speed>41.647</speed><sat>11</sat></trkpt>
  <trkpt lat="-33.36798833" lon="-70.45142333"><ele>2085.500</ele><time>2026-09-13T14:53:24Z</time><speed>41.647</speed><sat>11</sat></trkpt>
  <trkpt lat="-33.36799167" lon="-70.45098167"><ele>2087.800</ele><time>2026-09-13T14:53:25Z</time><speed>41.066</speed><sat>12</sat></trkpt>
  <trkpt lat="-33.36799667" lon="-70.45053167"><ele>2090.200</ele><time>2026-09-13T14:53:26Z</time><speed>41.476</speed><sat>13</sat></trkpt>
  <trkpt lat="-33.36800667" lon="-70.45007667"><ele>2092.700</ele><time>2026-09-13T14:53:27Z</time><speed>41.723</speed><sat>13</sat></trkpt>
  <trkpt lat="-33.36801667" lon="-70.44962667"><ele>2095.100</ele><time>2026-09-13T14:53:28Z</time><speed>41.744</speed><sat>11</sat></trkpt>
  <trkpt lat="-33.36802833" lon="-70.44917500"><ele>2097.600</ele><time>2026-09-13T14:53:29Z</time><speed>41.826</speed><sat>12</sat></trkpt>
  <trkpt lat="-33.36804167" lon="-70.44872333"><ele>2100.200</ele><time>2026-09-13T14:53:30Z</time><speed>41.624</speed><sat>12</sat></trkpt>
  <trkpt lat="-33.36805000" lon="-70.44828000"><ele>2102.900</ele><time>2026-09-13T14:53:31Z</time><speed>41.077</speed><sat>12</sat></trkpt>
  <trkpt lat="-33.36806000" lon="-70.44783333"><ele>2105.500</ele><time>2026-09-13T14:53:32Z</time><speed>41.084</speed><sat>12</sat></trkpt>
  <trkpt lat="-33.36808667" lon="-70.44740000"><ele>2108.200</ele><time>2026-09-13T14:53:33Z</time><speed>41.096</speed><sat>11</sat></trkpt>
  <trkpt lat="-33.36810667" lon="-70.44694833"><ele>2110.600</ele><time>2026-09-13T14:53:34Z</time><speed>41.517</speed><sat>11</sat></trkpt>
  <trkpt lat="-33.36811500" lon="-70.44649333"><ele>2113.200</ele><time>2026-09-13T14:53:35Z</time><speed>42.398</speed><sat>10</sat></trkpt>
  <trkpt lat="-33.36813000" lon="-70.44604167"><ele>2115.200</ele><time>2026-09-13T14:53:36Z</time><speed>41.965</speed><sat>11</sat></trkpt>
  <trkpt lat="-33.36817167" lon="-70.44562333"><ele>2118.100</ele><time>2026-09-13T14:53:37Z</time><speed>42.069</speed><sat>11</sat></trkpt>
  <trkpt lat="-33.36822333" lon="-70.44518500"><ele>2120.600</ele><time>2026-09-13T14:53:38Z</time><speed>42.783</speed><sat>9</sat></trkpt>
  <trkpt lat="-33.36827500" lon="-70.44474500"><ele>2123.100</ele><time>2026-09-13T14:53:39Z</time><speed>43.249</speed><sat>9</sat></trkpt>
  <trkpt lat="-33.36832500" lon="-70.44429000"><ele>2125.200</ele><time>2026-09-13T14:53:40Z</time><speed>43.602</speed><sat>9</sat></trkpt>
  <trkpt lat="-33.36836333" lon="-70.44385500"><ele>2127.300</ele><time>2026-09-13T14:53:41Z</time><speed>42.500</speed><sat>8</sat></trkpt>
  <trkpt lat="-33.36842000" lon="-70.44339833"><ele>2129.400</ele><time>2026-09-13T14:53:42Z</time><speed>42.663</speed><sat>9</sat></trkpt>
  <trkpt lat="-33.36849500" lon="-70.44296000"><ele>2131.400</ele><time>2026-09-13T14:53:43Z</time><speed>42.033</speed><sat>9</sat></trkpt>
  <trkpt lat="-33.36856667" lon="-70.44250500"><ele>2133.400</ele><time>2026-09-13T14:53:44Z</time><speed>42.573</speed><sat>7</sat></trkpt>
  <trkpt lat="-33.36863833" lon="-70.44207000"><ele>2135.500</ele><time>2026-09-13T14:53:45Z</time><speed>41.753</speed><sat>8</sat></trkpt>
  <trkpt lat="-33.36871833" lon="-70.44162167"><ele>2137.400</ele><time>2026-09-13T14:53:46Z</time><speed>42.440</speed><sat>8</sat></trkpt>
  <trkpt lat="-33.36879000" lon="-70.44116333"><ele>2139.500</ele><time>2026-09-13T14:53:47Z</time><speed>42.557</speed><sat>8</sat></trkpt>
  <trkpt lat="-33.36886667" lon="-70.44070667"><ele>2141.600</ele><time>2026-09-13T14:53:48Z</time><speed>42.040</speed><sat>9</sat></trkpt>
  <trkpt lat="-33.36894000" lon="-70.44024000"><ele>2143.600</ele><time>2026-09-13T14:53:49Z</time><speed>42.899</speed><sat>9</sat></trkpt>
  <trkpt lat="-33.36901333" lon="-70.43976333"><ele>2145.700</ele><time>2026-09-13T14:53:50Z</time><speed>43.679</speed><sat>9</sat></trkpt>
  <trkpt lat="-33.36911333" lon="-70.43929167"><ele>2148.500</ele><time>2026-09-13T14:53:51Z</time><speed>43.872</speed><sat>8</sat></trkpt>
  <trkpt lat="-33.36920833" lon="-70.43877333"><ele>2152.200</ele><time>2026-09-13T14:53:52Z</time><speed>44.077</speed><sat>8</sat></trkpt>
  <trkpt lat="-33.36927833" lon="-70.43830667"><ele>2154.400</ele><time>2026-09-13T14:53:53Z</time><speed>44.097</speed><sat>9</sat></trkpt>
  <trkpt lat="-33.36937000" lon="-70.43778833"><ele>2158.700</ele><time>2026-09-13T14:53:54Z</time><speed>43.761</speed><sat>9</sat></trkpt>
  <trkpt lat="-33.36943333" lon="-70.43732167"><ele>2160.800</ele><time>2026-09-13T14:53:55Z</time><speed>43.742</speed><sat>9</sat></trkpt>
  <trkpt lat="-33.36950667" lon="-70.43686667"><ele>2162.800</ele><time>2026-09-13T14:53:56Z</time><speed>43.631</speed><sat>8</sat></trkpt>
  <trkpt lat="-33.36958667" lon="-70.43641833"><ele>2164.800</ele><time>2026-09-13T14:53:57Z</time><speed>43.186</speed><sat>8</sat></trkpt>
  <trkpt lat="-33.36967333" lon="-70.43593833"><ele>2168.200</ele><time>2026-09-13T14:53:58Z</time><speed>42.840</speed><sat>7</sat></trkpt>
  <trkpt lat="-33.36974833" lon="-70.43550167"><ele>2170.400</ele><time>2026-09-13T14:53:59Z</time><speed>42.496</speed><sat>8</sat></trkpt>
  <trkpt lat="-33.36982333" lon="-70.43507167"><ele>2172.600</ele><time>2026-09-13T14:54:00Z</time><speed>42.491</speed><sat>10</sat></trkpt>
  <trkpt lat="-33.36990000" lon="-70.43464167"><ele>2174.700</ele><time>2026-09-13T14:54:01Z</time><speed>42.191</speed><sat>10</sat></trkpt>
  <trkpt lat="-33.36997000" lon="-70.43420833"><ele>2176.800</ele><time>2026-09-13T14:54:02Z</time><speed>41.611</speed><sat>9</sat></trkpt>
  <trkpt lat="-33.37004000" lon="-70.43377333"><ele>2178.900</ele><time>2026-09-13T14:54:03Z</time><speed>42.155</speed><sat>9</sat></trkpt>
  <trkpt lat="-33.37010833" lon="-70.43333167"><ele>2180.900</ele><time>2026-09-13T14:54:04Z</time><speed>42.470</speed><sat>9</sat></trkpt>
  <trkpt lat="-33.37017667" lon="-70.43288000"><ele>2182.800</ele><time>2026-09-13T14:54:05Z</time><speed>43.052</speed><sat>9</sat></trkpt>
  <trkpt lat="-33.37025000" lon="-70.43244167"><ele>2184.800</ele><time>2026-09-13T14:54:06Z</time><speed>42.187</speed><sat>9</sat></trkpt>
  <trkpt lat="-33.37032167" lon="-70.43200500"><ele>2186.700</ele><time>2026-09-13T14:54:07Z</time><speed>41.731</speed><sat>9</sat></trkpt>
  <trkpt lat="-33.37039167" lon="-70.43157667"><ele>2188.500</ele><time>2026-09-13T14:54:08Z</time><speed>40.957</speed><sat>10</sat></trkpt>
  <trkpt lat="-33.37046333" lon="-70.43114000"><ele>2190.200</ele><time>2026-09-13T14:54:09Z</time><speed>42.172</speed><sat>10</sat></trkpt>
  <trkpt lat="-33.37053667" lon="-70.43070167"><ele>2192.100</ele><time>2026-09-13T14:54:10Z</time><speed>41.835</speed><sat>9</sat></trkpt>
  <trkpt lat="-33.37060000" lon="-70.43025500"><ele>2194.100</ele><time>2026-09-13T14:54:11Z</time><speed>42.334</speed><sat>9</sat></trkpt>
  <trkpt lat="-33.37066833" lon="-70.42980833"><ele>2196.300</ele><time>2026-09-13T14:54:12Z</time><speed>42.734</speed><sat>8</sat></trkpt>
  <trkpt lat="-33.37074167" lon="-70.42935667"><ele>2198.200</ele><time>2026-09-13T14:54:13Z</time><speed>43.186</speed><sat>8</sat></trkpt>
  <trkpt lat="-33.37081667" lon="-70.42890833"><ele>2200.200</ele><time>2026-09-13T14:54:14Z</time><speed>42.765</speed><sat>9</sat></trkpt>
  <trkpt lat="-33.37088667" lon="-70.42845000"><ele>2202.200</ele><time>2026-09-13T14:54:15Z</time><speed>43.494</speed><sat>8</sat></trkpt>
  <trkpt lat="-33.37095500" lon="-70.42800000"><ele>2204.200</ele><time>2026-09-13T14:54:16Z</time><speed>42.693</speed><sat>9</sat></trkpt>
  <trkpt lat="-33.37102833" lon="-70.42755000"><ele>2206.100</ele><time>2026-09-13T14:54:17Z</time><speed>42.866</speed><sat>9</sat></trkpt>
  <trkpt lat="-33.37110167" lon="-70.42710333"><ele>2208.100</ele><time>2026-09-13T14:54:18Z</time><speed>42.434</speed><sat>9</sat></trkpt>
  <trkpt lat="-33.37115500" lon="-70.42661833"><ele>2212.400</ele><time>2026-09-13T14:54:19Z</time><speed>43.160</speed><sat>9</sat></trkpt>
  <trkpt lat="-33.37123000" lon="-70.42617000"><ele>2214.700</ele><time>2026-09-13T14:54:20Z</time><speed>42.984</speed><sat>9</sat></trkpt>
  <trkpt lat="-33.37130833" lon="-70.42572500"><ele>2216.800</ele><time>2026-09-13T14:54:21Z</time><speed>42.894</speed><sat>8</sat></trkpt>
  <trkpt lat="-33.37139167" lon="-70.42528333"><ele>2218.900</ele><time>2026-09-13T14:54:22Z</time><speed>42.425</speed><sat>8</sat></trkpt>
  <trkpt lat="-33.37147667" lon="-70.42483000"><ele>2220.900</ele><time>2026-09-13T14:54:23Z</time><speed>43.466</speed><sat>8</sat></trkpt>
  <trkpt lat="-33.37155667" lon="-70.42439000"><ele>2223.000</ele><time>2026-09-13T14:54:24Z</time><speed>42.295</speed><sat>10</sat></trkpt>
  <trkpt lat="-33.37164000" lon="-70.42394000"><ele>2225.000</ele><time>2026-09-13T14:54:25Z</time><speed>42.666</speed><sat>10</sat></trkpt>
  <trkpt lat="-33.37171667" lon="-70.42350333"><ele>2226.700</ele><time>2026-09-13T14:54:26Z</time><speed>41.856</speed><sat>10</sat></trkpt>
  <trkpt lat="-33.37179833" lon="-70.42304167"><ele>2228.400</ele><time>2026-09-13T14:54:27Z</time><speed>43.470</speed><sat>10</sat></trkpt>
  <trkpt lat="-33.37188000" lon="-70.42258833"><ele>2230.200</ele><time>2026-09-13T14:54:28Z</time><speed>43.241</speed><sat>10</sat></trkpt>
  <trkpt lat="-33.37196333" lon="-70.42213000"><ele>2231.800</ele><time>2026-09-13T14:54:29Z</time><speed>43.904</speed><sat>10</sat></trkpt>
  <trkpt lat="-33.37204333" lon="-70.42168000"><ele>2233.800</ele><time>2026-09-13T14:54:30Z</time><speed>43.012</speed><sat>10</sat></trkpt>
  <trkpt lat="-33.37212333" lon="-70.42123000"><ele>2235.600</ele><time>2026-09-13T14:54:31Z</time><speed>43.029</speed><sat>10</sat></trkpt>
  <trkpt lat="-33.37219333" lon="-70.42077333"><ele>2237.700</ele><time>2026-09-13T14:54:32Z</time><speed>43.753</speed><sat>10</sat></trkpt>
  <trkpt lat="-33.37226667" lon="-70.42032000"><ele>2239.500</ele><time>2026-09-13T14:54:33Z</time><speed>42.987</speed><sat>10</sat></trkpt>
  <trkpt lat="-33.37233833" lon="-70.41986833"><ele>2241.700</ele><time>2026-09-13T14:54:34Z</time><speed>43.120</speed><sat>10</sat></trkpt>
  <trkpt lat="-33.37240833" lon="-70.41941833"><ele>2243.900</ele><time>2026-09-13T14:54:35Z</time><speed>42.695</speed><sat>10</sat></trkpt>
  <trkpt lat="-33.37247667" lon="-70.41896167"><ele>2246.100</ele><time>2026-09-13T14:54:36Z</time><speed>43.595</speed><sat>11</sat></trkpt>
  <trkpt lat="-33.37255000" lon="-70.41850000"><ele>2248.400</ele><time>2026-09-13T14:54:37Z</time><speed>44.047</speed><sat>12</sat></trkpt>
  <trkpt lat="-33.37262333" lon="-70.41804167"><ele>2250.700</ele><time>2026-09-13T14:54:38Z</time><speed>43.947</speed><sat>12</sat></trkpt>
  <trkpt lat="-33.37269500" lon="-70.41758500"><ele>2253.000</ele><time>2026-09-13T14:54:39Z</time><speed>43.674</speed><sat>12</sat></trkpt>
  <trkpt lat="-33.37276167" lon="-70.41713833"><ele>2255.300</ele><time>2026-09-13T14:54:40Z</time><speed>42.586</speed><sat>12</sat></trkpt>
  <trkpt lat="-33.37283667" lon="-70.41669167"><ele>2257.600</ele><time>2026-09-13T14:54:41Z</time><speed>42.705</speed><sat>11</sat></trkpt>
  <trkpt lat="-33.37291500" lon="-70.41625000"><ele>2259.900</ele><time>2026-09-13T14:54:42Z</time><speed>42.288</speed><sat>11</sat></trkpt>
  <trkpt lat="-33.37299333" lon="-70.41580833"><ele>2262.100</ele><time>2026-09-13T14:54:43Z</time><speed>42.176</speed><sat>12</sat></trkpt>
  <trkpt lat="-33.37307167" lon="-70.41536333"><ele>2264.300</ele><time>2026-09-13T14:54:44Z</time><speed>42.628</speed><sat>13</sat></trkpt>
  <trkpt lat="-33.37315667" lon="-70.41491500"><ele>2266.400</ele><time>2026-09-13T14:54:45Z</time><speed>42.889</speed><sat>13</sat></trkpt>
  <trkpt lat="-33.37323667" lon="-70.41447333"><ele>2268.400</ele><time>2026-09-13T14:54:46Z</time><speed>42.425</speed><sat>12</sat></trkpt>
  <trkpt lat="-33.37332000" lon="-70.41403000"><ele>2270.500</ele><time>2026-09-13T14:54:47Z</time><speed>42.569</speed><sat>12</sat></trkpt>
  <trkpt lat="-33.37340167" lon="-70.41359000"><ele>2272.500</ele><time>2026-09-13T14:54:48Z</time><speed>42.334</speed><sat>13</sat></trkpt>
  <trkpt lat="-33.37348667" lon="-70.41315333"><ele>2274.500</ele><time>2026-09-13T14:54:49Z</time><speed>41.783</speed><sat>12</sat></trkpt>
  <trkpt lat="-33.37357000" lon="-70.41271167"><ele>2277.100</ele><time>2026-09-13T14:54:50Z</time><speed>42.817</speed><sat>12</sat></trkpt>
  <trkpt lat="-33.37365667" lon="-70.41226500"><ele>2279.400</ele><time>2026-09-13T14:54:51Z</time><speed>42.935</speed><sat>12</sat></trkpt>
  <trkpt lat="-33.37373667" lon="-70.41182667"><ele>2281.500</ele><time>2026-09-13T14:54:52Z</time><speed>42.062</speed><sat>13</sat></trkpt>
  <trkpt lat="-33.37382500" lon="-70.41138500"><ele>2283.600</ele><time>2026-09-13T14:54:53Z</time><speed>42.391</speed><sat>13</sat></trkpt>
  <trkpt lat="-33.37390833" lon="-70.41094667"><ele>2285.800</ele><time>2026-09-13T14:54:54Z</time><speed>42.011</speed><sat>14</sat></trkpt>
  <trkpt lat="-33.37399000" lon="-70.41050333"><ele>2287.900</ele><time>2026-09-13T14:54:55Z</time><speed>42.537</speed><sat>14</sat></trkpt>
  <trkpt lat="-33.37408000" lon="-70.41006333"><ele>2290.500</ele><time>2026-09-13T14:54:56Z</time><speed>42.741</speed><sat>15</sat></trkpt>
  <trkpt lat="-33.37416833" lon="-70.40961833"><ele>2293.100</ele><time>2026-09-13T14:54:57Z</time><speed>43.438</speed><sat>15</sat></trkpt>
  <trkpt lat="-33.37425833" lon="-70.40917167"><ele>2295.300</ele><time>2026-09-13T14:54:58Z</time><speed>43.034</speed><sat>15</sat></trkpt>
  <trkpt lat="-33.37435167" lon="-70.40872167"><ele>2297.300</ele><time>2026-09-13T14:54:59Z</time><speed>43.268</speed><sat>15</sat></trkpt>
  <trkpt lat="-33.37443833" lon="-70.40827333"><ele>2299.200</ele><time>2026-09-13T14:55:00Z</time><speed>42.677</speed><sat>16</sat></trkpt>
  <trkpt lat="-33.37451500" lon="-70.40782833"><ele>2301.300</ele><time>2026-09-13T14:55:01Z</time><speed>42.430</speed><sat>15</sat></trkpt>
  <trkpt lat="-33.37458000" lon="-70.40735000"><ele>2307.300</ele><time>2026-09-13T14:55:02Z</time><speed>42.701</speed><sat>15</sat></trkpt>
  <trkpt lat="-33.37465833" lon="-70.40690667"><ele>2309.500</ele><time>2026-09-13T14:55:03Z</time><speed>41.989</speed><sat>15</sat></trkpt>
  <trkpt lat="-33.37474000" lon="-70.40646333"><ele>2311.500</ele><time>2026-09-13T14:55:04Z</time><speed>42.408</speed><sat>14</sat></trkpt>
  <trkpt lat="-33.37481667" lon="-70.40601667"><ele>2313.500</ele><time>2026-09-13T14:55:05Z</time><speed>42.735</speed><sat>14</sat></trkpt>
  <trkpt lat="-33.37489500" lon="-70.40557667"><ele>2315.600</ele><time>2026-09-13T14:55:06Z</time><speed>41.814</speed><sat>14</sat></trkpt>
  <trkpt lat="-33.37497167" lon="-70.40514333"><ele>2318.300</ele><time>2026-09-13T14:55:07Z</time><speed>42.064</speed><sat>15</sat></trkpt>
  <trkpt lat="-33.37504667" lon="-70.40469167"><ele>2320.400</ele><time>2026-09-13T14:55:08Z</time><speed>43.300</speed><sat>15</sat></trkpt>
  <trkpt lat="-33.37512500" lon="-70.40424500"><ele>2322.500</ele><time>2026-09-13T14:55:09Z</time><speed>42.312</speed><sat>15</sat></trkpt>
  <trkpt lat="-33.37520833" lon="-70.40379500"><ele>2324.500</ele><time>2026-09-13T14:55:10Z</time><speed>43.000</speed><sat>15</sat></trkpt>
  <trkpt lat="-33.37529000" lon="-70.40335167"><ele>2326.500</ele><time>2026-09-13T14:55:11Z</time><speed>42.044</speed><sat>15</sat></trkpt>
  <trkpt lat="-33.37537667" lon="-70.40291000"><ele>2328.500</ele><time>2026-09-13T14:55:12Z</time><speed>42.198</speed><sat>15</sat></trkpt>
  <trkpt lat="-33.37546333" lon="-70.40246833"><ele>2330.500</ele><time>2026-09-13T14:55:13Z</time><speed>42.218</speed><sat>14</sat></trkpt>
  <trkpt lat="-33.37554833" lon="-70.40202000"><ele>2332.500</ele><time>2026-09-13T14:55:14Z</time><speed>42.717</speed><sat>14</sat></trkpt>
  <trkpt lat="-33.37563833" lon="-70.40157333"><ele>2334.700</ele><time>2026-09-13T14:55:15Z</time><speed>42.715</speed><sat>14</sat></trkpt>
  <trkpt lat="-33.37572667" lon="-70.40113167"><ele>2336.900</ele><time>2026-09-13T14:55:16Z</time><speed>42.017</speed><sat>13</sat></trkpt>
  <trkpt lat="-33.37581833" lon="-70.40070000"><ele>2339.200</ele><time>2026-09-13T14:55:17Z</time><speed>41.214</speed><sat>14</sat></trkpt>
  <trkpt lat="-33.37591000" lon="-70.40025000"><ele>2342.700</ele><time>2026-09-13T14:55:18Z</time><speed>42.044</speed><sat>15</sat></trkpt>
  <trkpt lat="-33.37600667" lon="-70.39980167"><ele>2345.300</ele><time>2026-09-13T14:55:19Z</time><speed>42.763</speed><sat>14</sat></trkpt>
  <trkpt lat="-33.37611167" lon="-70.39935333"><ele>2347.700</ele><time>2026-09-13T14:55:20Z</time><speed>42.667</speed><sat>15</sat></trkpt>
  <trkpt lat="-33.37622833" lon="-70.39890667"><ele>2349.600</ele><time>2026-09-13T14:55:21Z</time><speed>43.424</speed><sat>14</sat></trkpt>
  <trkpt lat="-33.37633833" lon="-70.39845167"><ele>2352.900</ele><time>2026-09-13T14:55:22Z</time><speed>42.993</speed><sat>14</sat></trkpt>
  <trkpt lat="-33.37645167" lon="-70.39800500"><ele>2355.000</ele><time>2026-09-13T14:55:23Z</time><speed>43.018</speed><sat>14</sat></trkpt>
  <trkpt lat="-33.37655833" lon="-70.39756333"><ele>2357.700</ele><time>2026-09-13T14:55:24Z</time><speed>43.923</speed><sat>12</sat></trkpt>
  <trkpt lat="-33.37665500" lon="-70.39711333"><ele>2359.600</ele><time>2026-09-13T14:55:25Z</time><speed>43.081</speed><sat>12</sat></trkpt>
  <trkpt lat="-33.37674667" lon="-70.39666833"><ele>2361.500</ele><time>2026-09-13T14:55:26Z</time><speed>42.418</speed><sat>12</sat></trkpt>
  <trkpt lat="-33.37683167" lon="-70.39623000"><ele>2363.400</ele><time>2026-09-13T14:55:27Z</time><speed>41.631</speed><sat>12</sat></trkpt>
  <trkpt lat="-33.37690333" lon="-70.39579500"><ele>2365.500</ele><time>2026-09-13T14:55:28Z</time><speed>40.896</speed><sat>11</sat></trkpt>
  <trkpt lat="-33.37695167" lon="-70.39534667"><ele>2367.600</ele><time>2026-09-13T14:55:29Z</time><speed>40.882</speed><sat>11</sat></trkpt>
  <trkpt lat="-33.37698500" lon="-70.39490500"><ele>2369.800</ele><time>2026-09-13T14:55:30Z</time><speed>40.097</speed><sat>11</sat></trkpt>
  <trkpt lat="-33.37699333" lon="-70.39445333"><ele>2371.900</ele><time>2026-09-13T14:55:31Z</time><speed>40.073</speed><sat>11</sat></trkpt>
  <trkpt lat="-33.37699167" lon="-70.39401833"><ele>2374.100</ele><time>2026-09-13T14:55:32Z</time><speed>39.318</speed><sat>10</sat></trkpt>
  <trkpt lat="-33.37694833" lon="-70.39353500"><ele>2376.200</ele><time>2026-09-13T14:55:33Z</time><speed>40.752</speed><sat>9</sat></trkpt>
  <trkpt lat="-33.37690667" lon="-70.39309500"><ele>2378.300</ele><time>2026-09-13T14:55:34Z</time><speed>40.216</speed><sat>8</sat></trkpt>
  <trkpt lat="-33.37685333" lon="-70.39265500"><ele>2380.600</ele><time>2026-09-13T14:55:35Z</time><speed>40.014</speed><sat>8</sat></trkpt>
  <trkpt lat="-33.37678500" lon="-70.39220667"><ele>2382.700</ele><time>2026-09-13T14:55:36Z</time><speed>40.361</speed><sat>10</sat></trkpt>
  <trkpt lat="-33.37664667" lon="-70.39170333"><ele>2384.800</ele><time>2026-09-13T14:55:37Z</time><speed>42.520</speed><sat>10</sat></trkpt>
  <trkpt lat="-33.37652167" lon="-70.39124667"><ele>2387.000</ele><time>2026-09-13T14:55:38Z</time><speed>43.073</speed><sat>10</sat></trkpt>
  <trkpt lat="-33.37639000" lon="-70.39080000"><ele>2389.800</ele><time>2026-09-13T14:55:39Z</time><speed>43.538</speed><sat>9</sat></trkpt>
  <trkpt lat="-33.37625000" lon="-70.39037000"><ele>2392.500</ele><time>2026-09-13T14:55:40Z</time><speed>42.847</speed><sat>9</sat></trkpt>
  <trkpt lat="-33.37607667" lon="-70.38992333"><ele>2394.600</ele><time>2026-09-13T14:55:41Z</time><speed>43.956</speed><sat>11</sat></trkpt>
  <trkpt lat="-33.37589500" lon="-70.38947833"><ele>2397.600</ele><time>2026-09-13T14:55:42Z</time><speed>44.178</speed><sat>12</sat></trkpt>
  <trkpt lat="-33.37571500" lon="-70.38907500"><ele>2400.400</ele><time>2026-09-13T14:55:43Z</time><speed>43.649</speed><sat>12</sat></trkpt>
  <trkpt lat="-33.37551667" lon="-70.38865500"><ele>2404.900</ele><time>2026-09-13T14:55:44Z</time><speed>43.379</speed><sat>13</sat></trkpt>
  <trkpt lat="-33.37530500" lon="-70.38825833"><ele>2408.400</ele><time>2026-09-13T14:55:45Z</time><speed>43.046</speed><sat>11</sat></trkpt>
  <trkpt lat="-33.37508333" lon="-70.38787167"><ele>2412.700</ele><time>2026-09-13T14:55:46Z</time><speed>43.329</speed><sat>12</sat></trkpt>
  <trkpt lat="-33.37484667" lon="-70.38748667"><ele>2416.200</ele><time>2026-09-13T14:55:47Z</time><speed>43.118</speed><sat>13</sat></trkpt>
  <trkpt lat="-33.37458500" lon="-70.38712167"><ele>2420.000</ele><time>2026-09-13T14:55:48Z</time><speed>42.999</speed><sat>13</sat></trkpt>
  <trkpt lat="-33.37433000" lon="-70.38681500"><ele>2423.900</ele><time>2026-09-13T14:55:49Z</time><speed>41.516</speed><sat>13</sat></trkpt>
  <trkpt lat="-33.37405000" lon="-70.38654000"><ele>2427.900</ele><time>2026-09-13T14:55:50Z</time><speed>41.641</speed><sat>14</sat></trkpt>
  <trkpt lat="-33.37376167" lon="-70.38625000"><ele>2431.300</ele><time>2026-09-13T14:55:51Z</time><speed>41.951</speed><sat>13</sat></trkpt>
  <trkpt lat="-33.37347167" lon="-70.38596167"><ele>2433.900</ele><time>2026-09-13T14:55:52Z</time><speed>42.142</speed><sat>13</sat></trkpt>
  <trkpt lat="-33.37317167" lon="-70.38568167"><ele>2435.000</ele><time>2026-09-13T14:55:53Z</time><speed>42.416</speed><sat>13</sat></trkpt>
  <trkpt lat="-33.37286500" lon="-70.38542167"><ele>2436.100</ele><time>2026-09-13T14:55:54Z</time><speed>41.835</speed><sat>13</sat></trkpt>
  <trkpt lat="-33.37255667" lon="-70.38518000"><ele>2437.100</ele><time>2026-09-13T14:55:55Z</time><speed>41.496</speed><sat>11</sat></trkpt>
  <trkpt lat="-33.37223333" lon="-70.38495000"><ele>2437.700</ele><time>2026-09-13T14:55:56Z</time><speed>41.509</speed><sat>10</sat></trkpt>
  <trkpt lat="-33.37192167" lon="-70.38477500"><ele>2438.600</ele><time>2026-09-13T14:55:57Z</time><speed>40.203</speed><sat>10</sat></trkpt>
  <trkpt lat="-33.37158000" lon="-70.38458167"><ele>2439.200</ele><time>2026-09-13T14:55:58Z</time><speed>40.555</speed><sat>9</sat></trkpt>
  <trkpt lat="-33.37122833" lon="-70.38444333"><ele>2440.100</ele><time>2026-09-13T14:55:59Z</time><speed>40.282</speed><sat>9</sat></trkpt>
  <trkpt lat="-33.37087667" lon="-70.38429667"><ele>2440.800</ele><time>2026-09-13T14:56:00Z</time><speed>40.397</speed><sat>9</sat></trkpt>
  <trkpt lat="-33.37051500" lon="-70.38416167"><ele>2441.300</ele><time>2026-09-13T14:56:01Z</time><speed>40.105</speed><sat>11</sat></trkpt>
  <trkpt lat="-33.37015667" lon="-70.38403333"><ele>2441.900</ele><time>2026-09-13T14:56:02Z</time><speed>39.814</speed><sat>12</sat></trkpt>
  <trkpt lat="-33.36980500" lon="-70.38393000"><ele>2442.800</ele><time>2026-09-13T14:56:03Z</time><speed>39.059</speed><sat>12</sat></trkpt>
  <trkpt lat="-33.36942667" lon="-70.38385500"><ele>2443.700</ele><time>2026-09-13T14:56:04Z</time><speed>39.074</speed><sat>12</sat></trkpt>
  <trkpt lat="-33.36902667" lon="-70.38380667"><ele>2444.300</ele><time>2026-09-13T14:56:05Z</time><speed>39.899</speed><sat>11</sat></trkpt>
  <trkpt lat="-33.36863333" lon="-70.38377833"><ele>2444.800</ele><time>2026-09-13T14:56:06Z</time><speed>40.585</speed><sat>11</sat></trkpt>
  <trkpt lat="-33.36825500" lon="-70.38381333"><ele>2445.400</ele><time>2026-09-13T14:56:07Z</time><speed>40.318</speed><sat>10</sat></trkpt>
  <trkpt lat="-33.36784167" lon="-70.38375667"><ele>2448.000</ele><time>2026-09-13T14:56:08Z</time><speed>40.973</speed><sat>10</sat></trkpt>
  <trkpt lat="-33.36745000" lon="-70.38378833"><ele>2449.000</ele><time>2026-09-13T14:56:09Z</time><speed>40.963</speed><sat>9</sat></trkpt>
  <trkpt lat="-33.36706667" lon="-70.38388500"><ele>2449.600</ele><time>2026-09-13T14:56:10Z</time><speed>40.999</speed><sat>9</sat></trkpt>
  <trkpt lat="-33.36668333" lon="-70.38401500"><ele>2450.400</ele><time>2026-09-13T14:56:11Z</time><speed>41.030</speed><sat>8</sat></trkpt>
  <trkpt lat="-33.36658167" lon="-70.38446167"><ele>2452.200</ele><time>2026-09-13T14:56:12Z</time><speed>34.931</speed><sat>10</sat></trkpt>
  <trkpt lat="-33.36631500" lon="-70.38471500"><ele>2453.000</ele><time>2026-09-13T14:56:13Z</time><speed>34.777</speed><sat>10</sat></trkpt>
  <trkpt lat="-33.36613500" lon="-70.38506333"><ele>2453.800</ele><time>2026-09-13T14:56:14Z</time><speed>33.873</speed><sat>9</sat></trkpt>
  <trkpt lat="-33.36593000" lon="-70.38538833"><ele>2454.900</ele><time>2026-09-13T14:56:15Z</time><speed>33.147</speed><sat>8</sat></trkpt>
  <trkpt lat="-33.36571667" lon="-70.38570667"><ele>2455.300</ele><time>2026-09-13T14:56:16Z</time><speed>33.929</speed><sat>6</sat></trkpt>
  <trkpt lat="-33.36553333" lon="-70.38607000"><ele>2455.600</ele><time>2026-09-13T14:56:17Z</time><speed>34.731</speed><sat>6</sat></trkpt>
  <trkpt lat="-33.36536000" lon="-70.38643667"><ele>2455.900</ele><time>2026-09-13T14:56:18Z</time><speed>35.406</speed><sat>6</sat></trkpt>
  <trkpt lat="-33.36521333" lon="-70.38681333"><ele>2456.200</ele><time>2026-09-13T14:56:19Z</time><speed>35.584</speed><sat>6</sat></trkpt>
  <trkpt lat="-33.36512000" lon="-70.38728667"><ele>2455.900</ele><time>2026-09-13T14:56:20Z</time><speed>36.571</speed><sat>6</sat></trkpt>
  <trkpt lat="-33.36504667" lon="-70.38773167"><ele>2455.900</ele><time>2026-09-13T14:56:21Z</time><speed>37.027</speed><sat>5</sat></trkpt>
  <trkpt lat="-33.36507000" lon="-70.38825333"><ele>2456.400</ele><time>2026-09-13T14:56:22Z</time><speed>38.119</speed><sat>6</sat></trkpt>
  <trkpt lat="-33.36513333" lon="-70.38874000"><ele>2456.700</ele><time>2026-09-13T14:56:23Z</time><speed>38.653</speed><sat>6</sat></trkpt>
  <trkpt lat="-33.36522667" lon="-70.38922500"><ele>2456.400</ele><time>2026-09-13T14:56:24Z</time><speed>39.242</speed><sat>6</sat></trkpt>
  <trkpt lat="-33.36537333" lon="-70.38969167"><ele>2456.400</ele><time>2026-09-13T14:56:25Z</time><speed>39.677</speed><sat>6</sat></trkpt>
  <trkpt lat="-33.36552667" lon="-70.39015667"><ele>2456.500</ele><time>2026-09-13T14:56:26Z</time><speed>40.357</speed><sat>6</sat></trkpt>
  <trkpt lat="-33.36575833" lon="-70.39059833"><ele>2456.700</ele><time>2026-09-13T14:56:27Z</time><speed>41.198</speed><sat>8</sat></trkpt>
  <trkpt lat="-33.36595833" lon="-70.39104000"><ele>2457.100</ele><time>2026-09-13T14:56:28Z</time><speed>41.600</speed><sat>8</sat></trkpt>
  <trkpt lat="-33.36647833" lon="-70.39129500"><ele>2457.800</ele><time>2026-09-13T14:56:29Z</time><speed>41.612</speed><sat>8</sat></trkpt>
  <trkpt lat="-33.36674667" lon="-70.39167000"><ele>2458.200</ele><time>2026-09-13T14:56:30Z</time><speed>41.606</speed><sat>9</sat></trkpt>
  <trkpt lat="-33.36712333" lon="-70.39199500"><ele>2459.200</ele><time>2026-09-13T14:56:31Z</time><speed>43.002</speed><sat>8</sat></trkpt>
  <trkpt lat="-33.36742333" lon="-70.39236333"><ele>2460.300</ele><time>2026-09-13T14:56:32Z</time><speed>42.624</speed><sat>9</sat></trkpt>
  <trkpt lat="-33.36771667" lon="-70.39268333"><ele>2461.000</ele><time>2026-09-13T14:56:33Z</time><speed>41.619</speed><sat>10</sat></trkpt>
  <trkpt lat="-33.36801667" lon="-70.39296667"><ele>2461.400</ele><time>2026-09-13T14:56:34Z</time><speed>41.088</speed><sat>11</sat></trkpt>
  <trkpt lat="-33.36845500" lon="-70.39313000"><ele>2461.800</ele><time>2026-09-13T14:56:35Z</time><speed>42.082</speed><sat>11</sat></trkpt>
  <trkpt lat="-33.36884000" lon="-70.39331000"><ele>2462.500</ele><time>2026-09-13T14:56:36Z</time><speed>42.824</speed><sat>12</sat></trkpt>
  <trkpt lat="-33.36921500" lon="-70.39349167"><ele>2463.000</ele><time>2026-09-13T14:56:37Z</time><speed>43.202</speed><sat>11</sat></trkpt>
  <trkpt lat="-33.36964500" lon="-70.39360000"><ele>2463.300</ele><time>2026-09-13T14:56:38Z</time><speed>44.110</speed><sat>11</sat></trkpt>
  <trkpt lat="-33.37006000" lon="-70.39366667"><ele>2463.500</ele><time>2026-09-13T14:56:39Z</time><speed>44.298</speed><sat>13</sat></trkpt>
  <trkpt lat="-33.37045667" lon="-70.39370833"><ele>2464.000</ele><time>2026-09-13T14:56:40Z</time><speed>44.048</speed><sat>13</sat></trkpt>
  <trkpt lat="-33.37086667" lon="-70.39373667"><ele>2464.300</ele><time>2026-09-13T14:56:41Z</time><speed>44.662</speed><sat>13</sat></trkpt>
  <trkpt lat="-33.37127833" lon="-70.39374833"><ele>2464.600</ele><time>2026-09-13T14:56:42Z</time><speed>45.496</speed><sat>13</sat></trkpt>
  <trkpt lat="-33.37168000" lon="-70.39369333"><ele>2466.100</ele><time>2026-09-13T14:56:43Z</time><speed>44.707</speed><sat>15</sat></trkpt>
  <trkpt lat="-33.37209833" lon="-70.39365833"><ele>2468.800</ele><time>2026-09-13T14:56:44Z</time><speed>44.825</speed><sat>15</sat></trkpt>
  <trkpt lat="-33.37250000" lon="-70.39355500"><ele>2469.700</ele><time>2026-09-13T14:56:45Z</time><speed>45.408</speed><sat>14</sat></trkpt>
  <trkpt lat="-33.37290667" lon="-70.39339000"><ele>2470.300</ele><time>2026-09-13T14:56:46Z</time><speed>47.181</speed><sat>14</sat></trkpt>
  <trkpt lat="-33.37331333" lon="-70.39323167"><ele>2472.000</ele><time>2026-09-13T14:56:47Z</time><speed>47.855</speed><sat>14</sat></trkpt>
  <trkpt lat="-33.37369833" lon="-70.39305333"><ele>2473.100</ele><time>2026-09-13T14:56:48Z</time><speed>47.138</speed><sat>14</sat></trkpt>
  <trkpt lat="-33.37408000" lon="-70.39284333"><ele>2474.800</ele><time>2026-09-13T14:56:49Z</time><speed>47.518</speed><sat>13</sat></trkpt>
  <trkpt lat="-33.37449000" lon="-70.39259500"><ele>2476.600</ele><time>2026-09-13T14:56:50Z</time><speed>47.872</speed><sat>13</sat></trkpt>
  <trkpt lat="-33.37484000" lon="-70.39230500"><ele>2478.100</ele><time>2026-09-13T14:56:51Z</time><speed>46.291</speed><sat>14</sat></trkpt>
  <trkpt lat="-33.37515833" lon="-70.39200500"><ele>2479.700</ele><time>2026-09-13T14:56:52Z</time><speed>44.743</speed><sat>14</sat></trkpt>
  <trkpt lat="-33.37546333" lon="-70.39169500"><ele>2480.800</ele><time>2026-09-13T14:56:53Z</time><speed>44.224</speed><sat>12</sat></trkpt>
  <trkpt lat="-33.37575167" lon="-70.39134500"><ele>2482.000</ele><time>2026-09-13T14:56:54Z</time><speed>44.650</speed><sat>13</sat></trkpt>
  <trkpt lat="-33.37601333" lon="-70.39095000"><ele>2483.100</ele><time>2026-09-13T14:56:55Z</time><speed>45.686</speed><sat>12</sat></trkpt>
  <trkpt lat="-33.37627167" lon="-70.39055000"><ele>2484.200</ele><time>2026-09-13T14:56:56Z</time><speed>46.162</speed><sat>13</sat></trkpt>
  <trkpt lat="-33.37650000" lon="-70.39011833"><ele>2485.100</ele><time>2026-09-13T14:56:57Z</time><speed>46.774</speed><sat>12</sat></trkpt>
  <trkpt lat="-33.37671333" lon="-70.38967333"><ele>2486.000</ele><time>2026-09-13T14:56:58Z</time><speed>46.740</speed><sat>12</sat></trkpt>
  <trkpt lat="-33.37691833" lon="-70.38922000"><ele>2486.900</ele><time>2026-09-13T14:56:59Z</time><speed>47.142</speed><sat>12</sat></trkpt>
  <trkpt lat="-33.37710333" lon="-70.38875167"><ele>2487.700</ele><time>2026-09-13T14:57:00Z</time><speed>47.885</speed><sat>13</sat></trkpt>
  <trkpt lat="-33.37726000" lon="-70.38827500"><ele>2488.500</ele><time>2026-09-13T14:57:01Z</time><speed>47.442</speed><sat>12</sat></trkpt>
  <trkpt lat="-33.37738333" lon="-70.38779833"><ele>2489.300</ele><time>2026-09-13T14:57:02Z</time><speed>46.698</speed><sat>12</sat></trkpt>
  <trkpt lat="-33.37750500" lon="-70.38731833"><ele>2489.900</ele><time>2026-09-13T14:57:03Z</time><speed>46.536</speed><sat>12</sat></trkpt>
  <trkpt lat="-33.37761000" lon="-70.38684500"><ele>2490.700</ele><time>2026-09-13T14:57:04Z</time><speed>45.910</speed><sat>13</sat></trkpt>
  <trkpt lat="-33.37767333" lon="-70.38637333"><ele>2491.200</ele><time>2026-09-13T14:57:05Z</time><speed>44.859</speed><sat>14</sat></trkpt>
  <trkpt lat="-33.37769667" lon="-70.38589000"><ele>2491.700</ele><time>2026-09-13T14:57:06Z</time><speed>45.096</speed><sat>13</sat></trkpt>
  <trkpt lat="-33.37770833" lon="-70.38540833"><ele>2492.200</ele><time>2026-09-13T14:57:07Z</time><speed>45.489</speed><sat>13</sat></trkpt>
  <trkpt lat="-33.37772000" lon="-70.38491500"><ele>2492.700</ele><time>2026-09-13T14:57:08Z</time><speed>45.952</speed><sat>13</sat></trkpt>
  <trkpt lat="-33.37767333" lon="-70.38444833"><ele>2493.100</ele><time>2026-09-13T14:57:09Z</time><speed>45.104</speed><sat>13</sat></trkpt>
  <trkpt lat="-33.37760833" lon="-70.38397167"><ele>2493.300</ele><time>2026-09-13T14:57:10Z</time><speed>44.402</speed><sat>13</sat></trkpt>
  <trkpt lat="-33.37754833" lon="-70.38350667"><ele>2493.500</ele><time>2026-09-13T14:57:11Z</time><speed>43.161</speed><sat>13</sat></trkpt>
  <trkpt lat="-33.37744500" lon="-70.38304833"><ele>2494.000</ele><time>2026-09-13T14:57:12Z</time><speed>43.195</speed><sat>13</sat></trkpt>
  <trkpt lat="-33.37725833" lon="-70.38261000"><ele>2494.800</ele><time>2026-09-13T14:57:13Z</time><speed>43.899</speed><sat>14</sat></trkpt>
  <trkpt lat="-33.37712667" lon="-70.38216833"><ele>2495.400</ele><time>2026-09-13T14:57:14Z</time><speed>43.370</speed><sat>14</sat></trkpt>
  <trkpt lat="-33.37698833" lon="-70.38173667"><ele>2496.300</ele><time>2026-09-13T14:57:15Z</time><speed>42.148</speed><sat>14</sat></trkpt>
  <trkpt lat="-33.37682833" lon="-70.38132000"><ele>2497.100</ele><time>2026-09-13T14:57:16Z</time><speed>41.827</speed><sat>14</sat></trkpt>
  <trkpt lat="-33.37665167" lon="-70.38090000"><ele>2498.300</ele><time>2026-09-13T14:57:17Z</time><speed>42.835</speed><sat>14</sat></trkpt>
  <trkpt lat="-33.37646833" lon="-70.38047833"><ele>2499.800</ele><time>2026-09-13T14:57:18Z</time><speed>43.123</speed><sat>13</sat></trkpt>
  <trkpt lat="-33.37627667" lon="-70.38005333"><ele>2501.500</ele><time>2026-09-13T14:57:19Z</time><speed>43.099</speed><sat>14</sat></trkpt>
  <trkpt lat="-33.37603500" lon="-70.37970500"><ele>2505.300</ele><time>2026-09-13T14:57:20Z</time><speed>41.563</speed><sat>15</sat></trkpt>
  <trkpt lat="-33.37580333" lon="-70.37934667"><ele>2507.800</ele><time>2026-09-13T14:57:21Z</time><speed>41.074</speed><sat>14</sat></trkpt>
  <trkpt lat="-33.37556667" lon="-70.37901000"><ele>2510.200</ele><time>2026-09-13T14:57:22Z</time><speed>40.421</speed><sat>14</sat></trkpt>
  <trkpt lat="-33.37530500" lon="-70.37868333"><ele>2511.500</ele><time>2026-09-13T14:57:23Z</time><speed>40.449</speed><sat>14</sat></trkpt>
  <trkpt lat="-33.37503167" lon="-70.37838500"><ele>2513.200</ele><time>2026-09-13T14:57:24Z</time><speed>41.624</speed><sat>14</sat></trkpt>
  <trkpt lat="-33.37473667" lon="-70.37810333"><ele>2515.100</ele><time>2026-09-13T14:57:25Z</time><speed>41.652</speed><sat>14</sat></trkpt>
  <trkpt lat="-33.37445000" lon="-70.37783833"><ele>2517.400</ele><time>2026-09-13T14:57:26Z</time><speed>40.974</speed><sat>14</sat></trkpt>
  <trkpt lat="-33.37411500" lon="-70.37752667"><ele>2521.600</ele><time>2026-09-13T14:57:27Z</time><speed>40.402</speed><sat>14</sat></trkpt>
  <trkpt lat="-33.37378833" lon="-70.37729000"><ele>2524.100</ele><time>2026-09-13T14:57:28Z</time><speed>39.746</speed><sat>16</sat></trkpt>
  <trkpt lat="-33.37346833" lon="-70.37708000"><ele>2525.500</ele><time>2026-09-13T14:57:29Z</time><speed>39.432</speed><sat>16</sat></trkpt>
  <trkpt lat="-33.37313833" lon="-70.37688000"><ele>2526.500</ele><time>2026-09-13T14:57:30Z</time><speed>40.286</speed><sat>16</sat></trkpt>
  <trkpt lat="-33.37281667" lon="-70.37670833"><ele>2527.800</ele><time>2026-09-13T14:57:31Z</time><speed>39.101</speed><sat>15</sat></trkpt>
  <trkpt lat="-33.37249000" lon="-70.37653667"><ele>2529.000</ele><time>2026-09-13T14:57:32Z</time><speed>39.092</speed><sat>13</sat></trkpt>
  <trkpt lat="-33.37216500" lon="-70.37638167"><ele>2530.500</ele><time>2026-09-13T14:57:33Z</time><speed>38.717</speed><sat>11</sat></trkpt>
  <trkpt lat="-33.37182667" lon="-70.37623333"><ele>2531.800</ele><time>2026-09-13T14:57:34Z</time><speed>38.952</speed><sat>11</sat></trkpt>
  <trkpt lat="-33.37147333" lon="-70.37617167"><ele>2532.700</ele><time>2026-09-13T14:57:35Z</time><speed>38.518</speed><sat>10</sat></trkpt>
  <trkpt lat="-33.37111500" lon="-70.37611333"><ele>2533.500</ele><time>2026-09-13T14:57:36Z</time><speed>39.196</speed><sat>9</sat></trkpt>
  <trkpt lat="-33.37075500" lon="-70.37606833"><ele>2534.300</ele><time>2026-09-13T14:57:37Z</time><speed>39.732</speed><sat>9</sat></trkpt>
  <trkpt lat="-33.37041167" lon="-70.37604000"><ele>2534.900</ele><time>2026-09-13T14:57:38Z</time><speed>39.311</speed><sat>9</sat></trkpt>
  <trkpt lat="-33.37007000" lon="-70.37604333"><ele>2535.500</ele><time>2026-09-13T14:57:39Z</time><speed>39.163</speed><sat>7</sat></trkpt>
  <trkpt lat="-33.36972000" lon="-70.37606833"><ele>2536.000</ele><time>2026-09-13T14:57:40Z</time><speed>39.253</speed><sat>7</sat></trkpt>
  <trkpt lat="-33.36937667" lon="-70.37613333"><ele>2536.500</ele><time>2026-09-13T14:57:41Z</time><speed>39.430</speed><sat>7</sat></trkpt>
  <trkpt lat="-33.36902500" lon="-70.37622833"><ele>2537.000</ele><time>2026-09-13T14:57:42Z</time><speed>39.917</speed><sat>7</sat></trkpt>
  <trkpt lat="-33.36867333" lon="-70.37634500"><ele>2537.500</ele><time>2026-09-13T14:57:43Z</time><speed>40.514</speed><sat>7</sat></trkpt>
  <trkpt lat="-33.36833333" lon="-70.37647500"><ele>2538.100</ele><time>2026-09-13T14:57:44Z</time><speed>40.056</speed><sat>7</sat></trkpt>
  <trkpt lat="-33.36799000" lon="-70.37664500"><ele>2538.700</ele><time>2026-09-13T14:57:45Z</time><speed>40.700</speed><sat>7</sat></trkpt>
  <trkpt lat="-33.36762833" lon="-70.37682333"><ele>2539.600</ele><time>2026-09-13T14:57:46Z</time><speed>41.789</speed><sat>7</sat></trkpt>
  <trkpt lat="-33.36727167" lon="-70.37697833"><ele>2540.600</ele><time>2026-09-13T14:57:47Z</time><speed>41.817</speed><sat>7</sat></trkpt>
  <trkpt lat="-33.36703833" lon="-70.37736167"><ele>2541.900</ele><time>2026-09-13T14:57:48Z</time><speed>40.818</speed><sat>6</sat></trkpt>
  <trkpt lat="-33.36670833" lon="-70.37761833"><ele>2543.000</ele><time>2026-09-13T14:57:49Z</time><speed>41.205</speed><sat>6</sat></trkpt>
  <trkpt lat="-33.36637667" lon="-70.37792167"><ele>2545.200</ele><time>2026-09-13T14:57:50Z</time><speed>42.528</speed><sat>5</sat></trkpt>
  <trkpt lat="-33.36608167" lon="-70.37823000"><ele>2547.500</ele><time>2026-09-13T14:57:51Z</time><speed>42.505</speed><sat>5</sat></trkpt>
  <trkpt lat="-33.36580333" lon="-70.37856000"><ele>2549.200</ele><time>2026-09-13T14:57:52Z</time><speed>42.515</speed><sat>5</sat></trkpt>
  <trkpt lat="-33.36553500" lon="-70.37888833"><ele>2550.900</ele><time>2026-09-13T14:57:53Z</time><speed>42.049</speed><sat>6</sat></trkpt>
  <trkpt lat="-33.36525167" lon="-70.37924667"><ele>2552.500</ele><time>2026-09-13T14:57:54Z</time><speed>43.165</speed><sat>6</sat></trkpt>
  <trkpt lat="-33.36497000" lon="-70.37960833"><ele>2554.000</ele><time>2026-09-13T14:57:55Z</time><speed>43.754</speed><sat>5</sat></trkpt>
  <trkpt lat="-33.36479667" lon="-70.38006167"><ele>2555.700</ele><time>2026-09-13T14:57:56Z</time><speed>43.760</speed><sat>6</sat></trkpt>
  <trkpt lat="-33.36454500" lon="-70.38048500"><ele>2558.500</ele><time>2026-09-13T14:57:57Z</time><speed>44.593</speed><sat>5</sat></trkpt>
  <trkpt lat="-33.36431667" lon="-70.38091833"><ele>2561.300</ele><time>2026-09-13T14:57:58Z</time><speed>44.619</speed><sat>6</sat></trkpt>
  <trkpt lat="-33.36410500" lon="-70.38133667"><ele>2563.700</ele><time>2026-09-13T14:57:59Z</time><speed>43.904</speed><sat>6</sat></trkpt>
  <trkpt lat="-33.36386000" lon="-70.38174833"><ele>2567.600</ele><time>2026-09-13T14:58:00Z</time><speed>44.057</speed><sat>6</sat></trkpt>
  <trkpt lat="-33.36372833" lon="-70.38219000"><ele>2569.100</ele><time>2026-09-13T14:58:01Z</time><speed>43.032</speed><sat>5</sat></trkpt>
  <trkpt lat="-33.36362167" lon="-70.38260500"><ele>2570.000</ele><time>2026-09-13T14:58:02Z</time><speed>42.508</speed><sat>4</sat></trkpt>
  <trkpt lat="-33.36351000" lon="-70.38302833"><ele>2571.500</ele><time>2026-09-13T14:58:03Z</time><speed>42.357</speed><sat>4</sat></trkpt>
  <trkpt lat="-33.36349833" lon="-70.38355333"><ele>2573.200</ele><time>2026-09-13T14:58:04Z</time><speed>43.298</speed><sat>4</sat></trkpt>
  <trkpt lat="-33.36347333" lon="-70.38403000"><ele>2574.100</ele><time>2026-09-13T14:58:05Z</time><speed>43.293</speed><sat>4</sat></trkpt>
  <trkpt lat="-33.36349167" lon="-70.38454000"><ele>2575.000</ele><time>2026-09-13T14:58:06Z</time><speed>43.832</speed><sat>4</sat></trkpt>
  <trkpt lat="-33.36353667" lon="-70.38503500"><ele>2575.600</ele><time>2026-09-13T14:58:07Z</time><speed>43.849</speed><sat>4</sat></trkpt>
  <trkpt lat="-33.36363000" lon="-70.38551667"><ele>2576.300</ele><time>2026-09-13T14:58:08Z</time><speed>43.508</speed><sat>4</sat></trkpt>
  <trkpt lat="-33.36372167" lon="-70.38598500"><ele>2576.900</ele><time>2026-09-13T14:58:09Z</time><speed>43.219</speed><sat>4</sat></trkpt>
  <trkpt lat="-33.36383500" lon="-70.38647500"><ele>2577.600</ele><time>2026-09-13T14:58:10Z</time><speed>43.519</speed><sat>5</sat></trkpt>
  <trkpt lat="-33.36397500" lon="-70.38693833"><ele>2578.300</ele><time>2026-09-13T14:58:11Z</time><speed>43.275</speed><sat>6</sat></trkpt>
  <trkpt lat="-33.36416667" lon="-70.38738167"><ele>2579.000</ele><time>2026-09-13T14:58:12Z</time><speed>43.010</speed><sat>5</sat></trkpt>
  <trkpt lat="-33.36437500" lon="-70.38784333"><ele>2579.900</ele><time>2026-09-13T14:58:13Z</time><speed>43.347</speed><sat>6</sat></trkpt>
  <trkpt lat="-33.36457000" lon="-70.38825500"><ele>2580.700</ele><time>2026-09-13T14:58:14Z</time><speed>42.730</speed><sat>6</sat></trkpt>
  <trkpt lat="-33.36477167" lon="-70.38863333"><ele>2581.500</ele><time>2026-09-13T14:58:15Z</time><speed>42.240</speed><sat>4</sat></trkpt>
  <trkpt lat="-33.36500833" lon="-70.38906333"><ele>2582.500</ele><time>2026-09-13T14:58:16Z</time><speed>42.648</speed><sat>5</sat></trkpt>
  <trkpt lat="-33.36525333" lon="-70.38947333"><ele>2583.600</ele><time>2026-09-13T14:58:17Z</time><speed>43.097</speed><sat>5</sat></trkpt>
  <trkpt lat="-33.36552167" lon="-70.38988833"><ele>2584.800</ele><time>2026-09-13T14:58:18Z</time><speed>43.115</speed><sat>5</sat></trkpt>
  <trkpt lat="-33.36580833" lon="-70.39027333"><ele>2585.800</ele><time>2026-09-13T14:58:19Z</time><speed>43.328</speed><sat>5</sat></trkpt>
  <trkpt lat="-33.36610500" lon="-70.39062167"><ele>2586.700</ele><time>2026-09-13T14:58:20Z</time><speed>43.628</speed><sat>6</sat></trkpt>
  <trkpt lat="-33.36638667" lon="-70.39095000"><ele>2587.700</ele><time>2026-09-13T14:58:21Z</time><speed>43.129</speed><sat>6</sat></trkpt>
  <trkpt lat="-33.36668500" lon="-70.39126833"><ele>2588.600</ele><time>2026-09-13T14:58:22Z</time><speed>42.822</speed><sat>6</sat></trkpt>
  <trkpt lat="-33.36702333" lon="-70.39157500"><ele>2589.500</ele><time>2026-09-13T14:58:23Z</time><speed>43.375</speed><sat>5</sat></trkpt>
  <trkpt lat="-33.36735500" lon="-70.39185500"><ele>2590.300</ele><time>2026-09-13T14:58:24Z</time><speed>42.965</speed><sat>6</sat></trkpt>
  <trkpt lat="-33.36770333" lon="-70.39210333"><ele>2591.200</ele><time>2026-09-13T14:58:25Z</time><speed>42.188</speed><sat>7</sat></trkpt>
  <trkpt lat="-33.36807667" lon="-70.39233500"><ele>2592.200</ele><time>2026-09-13T14:58:26Z</time><speed>42.057</speed><sat>8</sat></trkpt>
  <trkpt lat="-33.36835667" lon="-70.39269667"><ele>2594.900</ele><time>2026-09-13T14:58:27Z</time><speed>42.343</speed><sat>8</sat></trkpt>
  <trkpt lat="-33.36863667" lon="-70.39299333"><ele>2598.400</ele><time>2026-09-13T14:58:28Z</time><speed>41.798</speed><sat>9</sat></trkpt>
  <trkpt lat="-33.36896333" lon="-70.39329333"><ele>2601.400</ele><time>2026-09-13T14:58:29Z</time><speed>41.980</speed><sat>9</sat></trkpt>
  <trkpt lat="-33.36929333" lon="-70.39356167"><ele>2604.200</ele><time>2026-09-13T14:58:30Z</time><speed>41.631</speed><sat>9</sat></trkpt>
  <trkpt lat="-33.36959000" lon="-70.39387333"><ele>2607.700</ele><time>2026-09-13T14:58:31Z</time><speed>42.058</speed><sat>9</sat></trkpt>
  <trkpt lat="-33.37003167" lon="-70.39406000"><ele>2611.200</ele><time>2026-09-13T14:58:32Z</time><speed>45.043</speed><sat>9</sat></trkpt>
  <trkpt lat="-33.37042167" lon="-70.39423167"><ele>2613.000</ele><time>2026-09-13T14:58:33Z</time><speed>44.765</speed><sat>8</sat></trkpt>
  <trkpt lat="-33.37082167" lon="-70.39437500"><ele>2614.600</ele><time>2026-09-13T14:58:34Z</time><speed>45.265</speed><sat>8</sat></trkpt>
  <trkpt lat="-33.37122833" lon="-70.39451333"><ele>2616.400</ele><time>2026-09-13T14:58:35Z</time><speed>45.900</speed><sat>9</sat></trkpt>
  <trkpt lat="-33.37163167" lon="-70.39464833"><ele>2618.300</ele><time>2026-09-13T14:58:36Z</time><speed>46.193</speed><sat>9</sat></trkpt>
  <trkpt lat="-33.37204000" lon="-70.39474500"><ele>2619.900</ele><time>2026-09-13T14:58:37Z</time><speed>45.809</speed><sat>8</sat></trkpt>
  <trkpt lat="-33.37243833" lon="-70.39478500"><ele>2621.800</ele><time>2026-09-13T14:58:38Z</time><speed>45.321</speed><sat>7</sat></trkpt>
  <trkpt lat="-33.37284167" lon="-70.39482833"><ele>2623.700</ele><time>2026-09-13T14:58:39Z</time><speed>45.303</speed><sat>7</sat></trkpt>
  <trkpt lat="-33.37324000" lon="-70.39485667"><ele>2625.600</ele><time>2026-09-13T14:58:40Z</time><speed>45.270</speed><sat>7</sat></trkpt>
  <trkpt lat="-33.37363333" lon="-70.39486833"><ele>2627.000</ele><time>2026-09-13T14:58:41Z</time><speed>44.627</speed><sat>7</sat></trkpt>
  <trkpt lat="-33.37403500" lon="-70.39487500"><ele>2628.400</ele><time>2026-09-13T14:58:42Z</time><speed>44.410</speed><sat>7</sat></trkpt>
  <trkpt lat="-33.37443833" lon="-70.39484667"><ele>2629.700</ele><time>2026-09-13T14:58:43Z</time><speed>44.376</speed><sat>7</sat></trkpt>
  <trkpt lat="-33.37479833" lon="-70.39477167"><ele>2630.800</ele><time>2026-09-13T14:58:44Z</time><speed>43.902</speed><sat>8</sat></trkpt>
  <trkpt lat="-33.37518333" lon="-70.39467667"><ele>2632.100</ele><time>2026-09-13T14:58:45Z</time><speed>44.217</speed><sat>8</sat></trkpt>
  <trkpt lat="-33.37555333" lon="-70.39462333"><ele>2633.100</ele><time>2026-09-13T14:58:46Z</time><speed>43.664</speed><sat>7</sat></trkpt>
  <trkpt lat="-33.37592333" lon="-70.39458667"><ele>2634.100</ele><time>2026-09-13T14:58:47Z</time><speed>43.211</speed><sat>7</sat></trkpt>
  <trkpt lat="-33.37629167" lon="-70.39453333"><ele>2635.000</ele><time>2026-09-13T14:58:48Z</time><speed>42.655</speed><sat>6</sat></trkpt>
  <trkpt lat="-33.37668000" lon="-70.39444500"><ele>2635.900</ele><time>2026-09-13T14:58:49Z</time><speed>43.177</speed><sat>6</sat></trkpt>
  <trkpt lat="-33.37711167" lon="-70.39420500"><ele>2638.900</ele><time>2026-09-13T14:58:50Z</time><speed>43.950</speed><sat>7</sat></trkpt>
  <trkpt lat="-33.37752167" lon="-70.39401333"><ele>2640.700</ele><time>2026-09-13T14:58:51Z</time><speed>42.938</speed><sat>7</sat></trkpt>
  <trkpt lat="-33.37791000" lon="-70.39372667"><ele>2642.300</ele><time>2026-09-13T14:58:52Z</time><speed>42.970</speed><sat>7</sat></trkpt>
  <trkpt lat="-33.37838833" lon="-70.39340167"><ele>2644.600</ele><time>2026-09-13T14:58:53Z</time><speed>44.495</speed><sat>8</sat></trkpt>
  <trkpt lat="-33.37872667" lon="-70.39309667"><ele>2647.200</ele><time>2026-09-13T14:58:54Z</time><speed>45.231</speed><sat>8</sat></trkpt>
  <trkpt lat="-33.37899000" lon="-70.39272167"><ele>2659.200</ele><time>2026-09-13T14:58:55Z</time><speed>43.660</speed><sat>9</sat></trkpt>
  <trkpt lat="-33.37929833" lon="-70.39242833"><ele>2662.200</ele><time>2026-09-13T14:58:56Z</time><speed>43.245</speed><sat>9</sat></trkpt>
  <trkpt lat="-33.37965500" lon="-70.39211833"><ele>2665.400</ele><time>2026-09-13T14:58:57Z</time><speed>44.348</speed><sat>10</sat></trkpt>
  <trkpt lat="-33.38013333" lon="-70.39167833"><ele>2683.700</ele><time>2026-09-13T14:58:58Z</time><speed>45.927</speed><sat>9</sat></trkpt>
  <trkpt lat="-33.38046000" lon="-70.39135167"><ele>2686.400</ele><time>2026-09-13T14:58:59Z</time><speed>46.191</speed><sat>9</sat></trkpt>
  <trkpt lat="-33.38077833" lon="-70.39102000"><ele>2686.200</ele><time>2026-09-13T14:59:00Z</time><speed>45.145</speed><sat>9</sat></trkpt>
  <trkpt lat="-33.38099667" lon="-70.39055167"><ele>2686.400</ele><time>2026-09-13T14:59:01Z</time><speed>46.953</speed><sat>9</sat></trkpt>
  <trkpt lat="-33.38121333" lon="-70.39010667"><ele>2687.100</ele><time>2026-09-13T14:59:02Z</time><speed>46.742</speed><sat>9</sat></trkpt>
  <trkpt lat="-33.38142500" lon="-70.38964500"><ele>2688.100</ele><time>2026-09-13T14:59:03Z</time><speed>47.051</speed><sat>6</sat></trkpt>
  <trkpt lat="-33.38169333" lon="-70.38911667"><ele>2690.600</ele><time>2026-09-13T14:59:04Z</time><speed>48.626</speed><sat>6</sat></trkpt>
  <trkpt lat="-33.38193667" lon="-70.38859667"><ele>2692.000</ele><time>2026-09-13T14:59:05Z</time><speed>49.596</speed><sat>6</sat></trkpt>
  <trkpt lat="-33.38213000" lon="-70.38811000"><ele>2692.400</ele><time>2026-09-13T14:59:06Z</time><speed>49.335</speed><sat>7</sat></trkpt>
  <trkpt lat="-33.38233833" lon="-70.38759333"><ele>2692.700</ele><time>2026-09-13T14:59:07Z</time><speed>50.212</speed><sat>7</sat></trkpt>
  <trkpt lat="-33.38252500" lon="-70.38708000"><ele>2693.000</ele><time>2026-09-13T14:59:08Z</time><speed>50.606</speed><sat>6</sat></trkpt>
  <trkpt lat="-33.38254833" lon="-70.38661167"><ele>2694.100</ele><time>2026-09-13T14:59:09Z</time><speed>48.575</speed><sat>7</sat></trkpt>
  <trkpt lat="-33.38255333" lon="-70.38615833"><ele>2695.300</ele><time>2026-09-13T14:59:10Z</time><speed>46.408</speed><sat>8</sat></trkpt>
  <trkpt lat="-33.38254333" lon="-70.38572167"><ele>2697.300</ele><time>2026-09-13T14:59:11Z</time><speed>44.480</speed><sat>9</sat></trkpt>
  <trkpt lat="-33.38251500" lon="-70.38524167"><ele>2698.200</ele><time>2026-09-13T14:59:12Z</time><speed>45.693</speed><sat>9</sat></trkpt>
  <trkpt lat="-33.38244500" lon="-70.38478333"><ele>2699.700</ele><time>2026-09-13T14:59:13Z</time><speed>44.706</speed><sat>9</sat></trkpt>
  <trkpt lat="-33.38233833" lon="-70.38436500"><ele>2702.500</ele><time>2026-09-13T14:59:14Z</time><speed>43.694</speed><sat>9</sat></trkpt>
  <trkpt lat="-33.38226500" lon="-70.38391667"><ele>2704.000</ele><time>2026-09-13T14:59:15Z</time><speed>43.252</speed><sat>9</sat></trkpt>
  <trkpt lat="-33.38219500" lon="-70.38346500"><ele>2704.800</ele><time>2026-09-13T14:59:16Z</time><speed>42.474</speed><sat>9</sat></trkpt>
  <trkpt lat="-33.38211333" lon="-70.38301167"><ele>2704.500</ele><time>2026-09-13T14:59:17Z</time><speed>42.907</speed><sat>9</sat></trkpt>
  <trkpt lat="-33.38203333" lon="-70.38258833"><ele>2705.900</ele><time>2026-09-13T14:59:18Z</time><speed>39.164</speed><sat>9</sat></trkpt>
  <trkpt lat="-33.38194833" lon="-70.38218500"><ele>2706.800</ele><time>2026-09-13T14:59:19Z</time><speed>38.775</speed><sat>8</sat></trkpt>
  <trkpt lat="-33.38184500" lon="-70.38176667"><ele>2708.100</ele><time>2026-09-13T14:59:20Z</time><speed>39.885</speed><sat>8</sat></trkpt>
  <trkpt lat="-33.38175333" lon="-70.38136167"><ele>2707.900</ele><time>2026-09-13T14:59:21Z</time><speed>39.060</speed><sat>10</sat></trkpt>
  <trkpt lat="-33.38164500" lon="-70.38096167"><ele>2711.800</ele><time>2026-09-13T14:59:22Z</time><speed>38.448</speed><sat>10</sat></trkpt>
  <trkpt lat="-33.38148833" lon="-70.38051833"><ele>2713.200</ele><time>2026-09-13T14:59:23Z</time><speed>41.665</speed><sat>9</sat></trkpt>
  <trkpt lat="-33.38133500" lon="-70.38005333"><ele>2715.600</ele><time>2026-09-13T14:59:24Z</time><speed>44.458</speed><sat>9</sat></trkpt>
  <trkpt lat="-33.38117333" lon="-70.37958667"><ele>2720.500</ele><time>2026-09-13T14:59:25Z</time><speed>45.563</speed><sat>8</sat></trkpt>
  <trkpt lat="-33.38103500" lon="-70.37915667"><ele>2724.400</ele><time>2026-09-13T14:59:26Z</time><speed>44.131</speed><sat>8</sat></trkpt>
  <trkpt lat="-33.38090333" lon="-70.37871500"><ele>2731.100</ele><time>2026-09-13T14:59:27Z</time><speed>43.798</speed><sat>7</sat></trkpt>
  <trkpt lat="-33.38075000" lon="-70.37825833"><ele>2736.200</ele><time>2026-09-13T14:59:28Z</time><speed>45.356</speed><sat>7</sat></trkpt>
  <trkpt lat="-33.38060333" lon="-70.37784000"><ele>2742.300</ele><time>2026-09-13T14:59:29Z</time><speed>43.327</speed><sat>7</sat></trkpt>
  <trkpt lat="-33.38045333" lon="-70.37746500"><ele>2745.600</ele><time>2026-09-13T14:59:30Z</time><speed>40.537</speed><sat>7</sat></trkpt>
  <trkpt lat="-33.38029000" lon="-70.37708500"><ele>2750.000</ele><time>2026-09-13T14:59:31Z</time><speed>39.603</speed><sat>7</sat></trkpt>
  <trkpt lat="-33.38012167" lon="-70.37668333"><ele>2753.000</ele><time>2026-09-13T14:59:32Z</time><speed>40.533</speed><sat>7</sat></trkpt>
  <trkpt lat="-33.37998500" lon="-70.37628833"><ele>2757.200</ele><time>2026-09-13T14:59:33Z</time><speed>39.850</speed><sat>7</sat></trkpt>
  <trkpt lat="-33.37977167" lon="-70.37580333"><ele>2762.200</ele><time>2026-09-13T14:59:34Z</time><speed>42.943</speed><sat>7</sat></trkpt>
  <trkpt lat="-33.37962667" lon="-70.37541667"><ele>2764.700</ele><time>2026-09-13T14:59:35Z</time><speed>41.075</speed><sat>6</sat></trkpt>
  <trkpt lat="-33.37944333" lon="-70.37497833"><ele>2768.500</ele><time>2026-09-13T14:59:36Z</time><speed>42.109</speed><sat>6</sat></trkpt>
  <trkpt lat="-33.37927000" lon="-70.37458000"><ele>2774.700</ele><time>2026-09-13T14:59:37Z</time><speed>41.179</speed><sat>5</sat></trkpt>
  <trkpt lat="-33.37912500" lon="-70.37420000"><ele>2779.900</ele><time>2026-09-13T14:59:38Z</time><speed>39.762</speed><sat>6</sat></trkpt>
  <trkpt lat="-33.37895167" lon="-70.37382667"><ele>2784.700</ele><time>2026-09-13T14:59:39Z</time><speed>39.144</speed><sat>6</sat></trkpt>
  <trkpt lat="-33.37874833" lon="-70.37345167"><ele>2792.700</ele><time>2026-09-13T14:59:40Z</time><speed>39.224</speed><sat>7</sat></trkpt>
  <trkpt lat="-33.37852500" lon="-70.37303000"><ele>2802.800</ele><time>2026-09-13T14:59:41Z</time><speed>42.057</speed><sat>6</sat></trkpt>
  <trkpt lat="-33.37831500" lon="-70.37261667"><ele>2816.900</ele><time>2026-09-13T14:59:42Z</time><speed>43.142</speed><sat>6</sat></trkpt>
  <trkpt lat="-33.37811333" lon="-70.37220667"><ele>2832.300</ele><time>2026-09-13T14:59:43Z</time><speed>42.370</speed><sat>6</sat></trkpt>
  <trkpt lat="-33.37794833" lon="-70.37180500"><ele>2842.500</ele><time>2026-09-13T14:59:44Z</time><speed>41.837</speed><sat>5</sat></trkpt>
  <trkpt lat="-33.37776667" lon="-70.37142667"><ele>2849.600</ele><time>2026-09-13T14:59:45Z</time><speed>40.799</speed><sat>5</sat></trkpt>
  <trkpt lat="-33.37757833" lon="-70.37104500"><ele>2855.500</ele><time>2026-09-13T14:59:46Z</time><speed>41.041</speed><sat>5</sat></trkpt>
  <trkpt lat="-33.37746333" lon="-70.37075833"><ele>2854.700</ele><time>2026-09-13T14:59:47Z</time><speed>38.952</speed><sat>6</sat></trkpt>
  <trkpt lat="-33.37730667" lon="-70.37044667"><ele>2854.900</ele><time>2026-09-13T14:59:48Z</time><speed>38.191</speed><sat>6</sat></trkpt>
  <trkpt lat="-33.37722000" lon="-70.37016500"><ele>2847.500</ele><time>2026-09-13T14:59:49Z</time><speed>39.937</speed><sat>6</sat></trkpt>
  <trkpt lat="-33.37708833" lon="-70.36983000"><ele>2847.900</ele><time>2026-09-13T14:59:50Z</time><speed>40.685</speed><sat>7</sat></trkpt>
  <trkpt lat="-33.37689000" lon="-70.36948833"><ele>2853.200</ele><time>2026-09-13T14:59:51Z</time><speed>40.691</speed><sat>6</sat></trkpt>
  <trkpt lat="-33.37667333" lon="-70.36912333"><ele>2856.000</ele><time>2026-09-13T14:59:52Z</time><speed>40.918</speed><sat>5</sat></trkpt>
  <trkpt lat="-33.37649833" lon="-70.36877333"><ele>2860.000</ele><time>2026-09-13T14:59:53Z</time><speed>39.052</speed><sat>5</sat></trkpt>
  <trkpt lat="-33.37641000" lon="-70.36843167"><ele>2863.900</ele><time>2026-09-13T14:59:54Z</time><speed>37.095</speed><sat>5</sat></trkpt>
  <trkpt lat="-33.37630167" lon="-70.36808333"><ele>2867.600</ele><time>2026-09-13T14:59:55Z</time><speed>37.326</speed><sat>4</sat></trkpt>
  <trkpt lat="-33.37612500" lon="-70.36773000"><ele>2871.400</ele><time>2026-09-13T14:59:56Z</time><speed>38.116</speed><sat>4</sat></trkpt>
  <trkpt lat="-33.37590500" lon="-70.36735500"><ele>2877.000</ele><time>2026-09-13T14:59:57Z</time><speed>39.671</speed><sat>4</sat></trkpt>
  <trkpt lat="-33.37570500" lon="-70.36697500"><ele>2882.800</ele><time>2026-09-13T14:59:58Z</time><speed>40.402</speed><sat>4</sat></trkpt>
  <trkpt lat="-33.37551000" lon="-70.36659167"><ele>2888.900</ele><time>2026-09-13T14:59:59Z</time><speed>40.833</speed><sat>4</sat></trkpt>
  <trkpt lat="-33.37530167" lon="-70.36622500"><ele>2894.800</ele><time>2026-09-13T15:00:00Z</time><speed>40.033</speed><sat>4</sat></trkpt>
  <trkpt lat="-33.37519667" lon="-70.36582333"><ele>2899.400</ele><time>2026-09-13T15:00:01Z</time><speed>40.430</speed><sat>4</sat></trkpt>
  <trkpt lat="-33.37504333" lon="-70.36544000"><ele>2904.200</ele><time>2026-09-13T15:00:02Z</time><speed>39.963</speed><sat>5</sat></trkpt>
  <trkpt lat="-33.37488667" lon="-70.36506833"><ele>2911.300</ele><time>2026-09-13T15:00:03Z</time><speed>39.243</speed><sat>5</sat></trkpt>
  <trkpt lat="-33.37471167" lon="-70.36467000"><ele>2912.700</ele><time>2026-09-13T15:00:04Z</time><speed>40.780</speed><sat>8</sat></trkpt>
  <trkpt lat="-33.37456833" lon="-70.36427000"><ele>2920.700</ele><time>2026-09-13T15:00:05Z</time><speed>42.105</speed><sat>9</sat></trkpt>
  <trkpt lat="-33.37440833" lon="-70.36386333"><ele>2927.200</ele><time>2026-09-13T15:00:06Z</time><speed>40.736</speed><sat>9</sat></trkpt>
  <trkpt lat="-33.37425000" lon="-70.36349000"><ele>2934.900</ele><time>2026-09-13T15:00:07Z</time><speed>38.769</speed><sat>9</sat></trkpt>
  <trkpt lat="-33.37405500" lon="-70.36314000"><ele>2940.000</ele><time>2026-09-13T15:00:08Z</time><speed>40.106</speed><sat>9</sat></trkpt>
  <trkpt lat="-33.37387000" lon="-70.36276000"><ele>2948.500</ele><time>2026-09-13T15:00:09Z</time><speed>39.342</speed><sat>9</sat></trkpt>
  <trkpt lat="-33.37371333" lon="-70.36237333"><ele>2952.300</ele><time>2026-09-13T15:00:10Z</time><speed>39.068</speed><sat>9</sat></trkpt>
  <trkpt lat="-33.37355667" lon="-70.36198000"><ele>2956.700</ele><time>2026-09-13T15:00:11Z</time><speed>40.109</speed><sat>9</sat></trkpt>
  <trkpt lat="-33.37339500" lon="-70.36159000"><ele>2963.400</ele><time>2026-09-13T15:00:12Z</time><speed>40.127</speed><sat>9</sat></trkpt>
  <trkpt lat="-33.37321667" lon="-70.36118667"><ele>2962.700</ele><time>2026-09-13T15:00:13Z</time><speed>38.506</speed><sat>9</sat></trkpt>
  <trkpt lat="-33.37304000" lon="-70.36081333"><ele>2967.200</ele><time>2026-09-13T15:00:14Z</time><speed>39.313</speed><sat>8</sat></trkpt>
  <trkpt lat="-33.37287667" lon="-70.36043667"><ele>2972.100</ele><time>2026-09-13T15:00:15Z</time><speed>39.315</speed><sat>8</sat></trkpt>
  <trkpt lat="-33.37272667" lon="-70.36005500"><ele>2971.800</ele><time>2026-09-13T15:00:16Z</time><speed>37.713</speed><sat>9</sat></trkpt>
  <trkpt lat="-33.37257000" lon="-70.35966833"><ele>2976.100</ele><time>2026-09-13T15:00:17Z</time><speed>41.495</speed><sat>11</sat></trkpt>
  <trkpt lat="-33.37239833" lon="-70.35924500"><ele>2974.600</ele><time>2026-09-13T15:00:18Z</time><speed>41.748</speed><sat>10</sat></trkpt>
  <trkpt lat="-33.37222833" lon="-70.35882833"><ele>2972.800</ele><time>2026-09-13T15:00:19Z</time><speed>41.037</speed><sat>10</sat></trkpt>
  <trkpt lat="-33.37206000" lon="-70.35841833"><ele>2973.200</ele><time>2026-09-13T15:00:20Z</time><speed>42.240</speed><sat>10</sat></trkpt>
  <trkpt lat="-33.37190333" lon="-70.35800167"><ele>2973.400</ele><time>2026-09-13T15:00:21Z</time><speed>41.954</speed><sat>11</sat></trkpt>
  <trkpt lat="-33.37176333" lon="-70.35760500"><ele>2976.600</ele><time>2026-09-13T15:00:22Z</time><speed>40.511</speed><sat>11</sat></trkpt>
  <trkpt lat="-33.37161167" lon="-70.35720833"><ele>2978.700</ele><time>2026-09-13T15:00:23Z</time><speed>40.975</speed><sat>10</sat></trkpt>
  <trkpt lat="-33.37144833" lon="-70.35679333"><ele>2979.600</ele><time>2026-09-13T15:00:24Z</time><speed>42.515</speed><sat>10</sat></trkpt>
  <trkpt lat="-33.37129167" lon="-70.35638667"><ele>2982.200</ele><time>2026-09-13T15:00:25Z</time><speed>40.611</speed><sat>11</sat></trkpt>
  <trkpt lat="-33.37113667" lon="-70.35598667"><ele>2984.900</ele><time>2026-09-13T15:00:26Z</time><speed>41.008</speed><sat>10</sat></trkpt>
  <trkpt lat="-33.37097000" lon="-70.35558000"><ele>2986.900</ele><time>2026-09-13T15:00:27Z</time><speed>41.038</speed><sat>11</sat></trkpt>
  <trkpt lat="-33.37079500" lon="-70.35516833"><ele>2986.800</ele><time>2026-09-13T15:00:28Z</time><speed>41.253</speed><sat>11</sat></trkpt>
  <trkpt lat="-33.37061833" lon="-70.35475667"><ele>2985.000</ele><time>2026-09-13T15:00:29Z</time><speed>41.506</speed><sat>11</sat></trkpt>
  <trkpt lat="-33.37045500" lon="-70.35436167"><ele>2987.000</ele><time>2026-09-13T15:00:30Z</time><speed>40.718</speed><sat>11</sat></trkpt>
  <trkpt lat="-33.37031000" lon="-70.35397000"><ele>2989.200</ele><time>2026-09-13T15:00:31Z</time><speed>39.568</speed><sat>11</sat></trkpt>
  <trkpt lat="-33.37007500" lon="-70.35351167"><ele>2977.600</ele><time>2026-09-13T15:00:32Z</time><speed>40.851</speed><sat>11</sat></trkpt>
  <trkpt lat="-33.36991000" lon="-70.35311667"><ele>2978.400</ele><time>2026-09-13T15:00:33Z</time><speed>40.676</speed><sat>10</sat></trkpt>
  <trkpt lat="-33.36975333" lon="-70.35272833"><ele>2979.600</ele><time>2026-09-13T15:00:34Z</time><speed>40.396</speed><sat>10</sat></trkpt>
  <trkpt lat="-33.36960667" lon="-70.35233000"><ele>2980.300</ele><time>2026-09-13T15:00:35Z</time><speed>39.948</speed><sat>10</sat></trkpt>
  <trkpt lat="-33.36945333" lon="-70.35192500"><ele>2977.800</ele><time>2026-09-13T15:00:36Z</time><speed>40.126</speed><sat>10</sat></trkpt>
  <trkpt lat="-33.36931333" lon="-70.35153000"><ele>2976.300</ele><time>2026-09-13T15:00:37Z</time><speed>39.235</speed><sat>10</sat></trkpt>
  <trkpt lat="-33.36916000" lon="-70.35114500"><ele>2976.600</ele><time>2026-09-13T15:00:38Z</time><speed>39.459</speed><sat>10</sat></trkpt>
  <trkpt lat="-33.36901333" lon="-70.35075500"><ele>2976.000</ele><time>2026-09-13T15:00:39Z</time><speed>39.818</speed><sat>10</sat></trkpt>
  <trkpt lat="-33.36887167" lon="-70.35036333"><ele>2976.800</ele><time>2026-09-13T15:00:40Z</time><speed>39.803</speed><sat>10</sat></trkpt>
  <trkpt lat="-33.36871500" lon="-70.34996667"><ele>2976.300</ele><time>2026-09-13T15:00:41Z</time><speed>40.858</speed><sat>10</sat></trkpt>
  <trkpt lat="-33.36855667" lon="-70.34955333"><ele>2974.400</ele><time>2026-09-13T15:00:42Z</time><speed>41.980</speed><sat>11</sat></trkpt>
  <trkpt lat="-33.36839333" lon="-70.34916833"><ele>2977.000</ele><time>2026-09-13T15:00:43Z</time><speed>40.447</speed><sat>11</sat></trkpt>
  <trkpt lat="-33.36822667" lon="-70.34879667"><ele>2979.600</ele><time>2026-09-13T15:00:44Z</time><speed>39.346</speed><sat>11</sat></trkpt>
  <trkpt lat="-33.36803500" lon="-70.34848833"><ele>2994.000</ele><time>2026-09-13T15:00:45Z</time><speed>39.990</speed><sat>11</sat></trkpt>
  <trkpt lat="-33.36786167" lon="-70.34810333"><ele>2994.900</ele><time>2026-09-13T15:00:46Z</time><speed>41.074</speed><sat>11</sat></trkpt>
  <trkpt lat="-33.36766000" lon="-70.34769500"><ele>2994.100</ele><time>2026-09-13T15:00:47Z</time><speed>45.998</speed><sat>12</sat></trkpt>
  <trkpt lat="-33.36748000" lon="-70.34730333"><ele>2999.700</ele><time>2026-09-13T15:00:48Z</time><speed>42.920</speed><sat>10</sat></trkpt>
  <trkpt lat="-33.36732167" lon="-70.34692167"><ele>3003.700</ele><time>2026-09-13T15:00:49Z</time><speed>40.650</speed><sat>10</sat></trkpt>
  <trkpt lat="-33.36718500" lon="-70.34655000"><ele>3008.800</ele><time>2026-09-13T15:00:50Z</time><speed>39.495</speed><sat>10</sat></trkpt>
  <trkpt lat="-33.36702500" lon="-70.34616167"><ele>3012.300</ele><time>2026-09-13T15:00:51Z</time><speed>41.324</speed><sat>11</sat></trkpt>
  <trkpt lat="-33.36688500" lon="-70.34576333"><ele>3017.100</ele><time>2026-09-13T15:00:52Z</time><speed>41.865</speed><sat>12</sat></trkpt>
  <trkpt lat="-33.36672000" lon="-70.34535333"><ele>3018.800</ele><time>2026-09-13T15:00:53Z</time><speed>42.422</speed><sat>11</sat></trkpt>
  <trkpt lat="-33.36657000" lon="-70.34495000"><ele>3019.900</ele><time>2026-09-13T15:00:54Z</time><speed>40.876</speed><sat>11</sat></trkpt>
  <trkpt lat="-33.36640667" lon="-70.34453833"><ele>3019.900</ele><time>2026-09-13T15:00:55Z</time><speed>42.247</speed><sat>12</sat></trkpt>
  <trkpt lat="-33.36627000" lon="-70.34413333"><ele>3022.500</ele><time>2026-09-13T15:00:56Z</time><speed>40.366</speed><sat>12</sat></trkpt>
  <trkpt lat="-33.36610167" lon="-70.34371667"><ele>3022.200</ele><time>2026-09-13T15:00:57Z</time><speed>42.966</speed><sat>13</sat></trkpt>
  <trkpt lat="-33.36588833" lon="-70.34326333"><ele>3017.300</ele><time>2026-09-13T15:00:58Z</time><speed>45.523</speed><sat>13</sat></trkpt>
  <trkpt lat="-33.36577000" lon="-70.34284000"><ele>3020.700</ele><time>2026-09-13T15:00:59Z</time><speed>42.887</speed><sat>14</sat></trkpt>
  <trkpt lat="-33.36565000" lon="-70.34242167"><ele>3022.000</ele><time>2026-09-13T15:01:00Z</time><speed>41.730</speed><sat>13</sat></trkpt>
  <trkpt lat="-33.36549833" lon="-70.34200500"><ele>3019.800</ele><time>2026-09-13T15:01:01Z</time><speed>41.076</speed><sat>13</sat></trkpt>
  <trkpt lat="-33.36534333" lon="-70.34158167"><ele>3020.300</ele><time>2026-09-13T15:01:02Z</time><speed>42.973</speed><sat>13</sat></trkpt>
  <trkpt lat="-33.36518000" lon="-70.34115333"><ele>3019.800</ele><time>2026-09-13T15:01:03Z</time><speed>42.456</speed><sat>12</sat></trkpt>
  <trkpt lat="-33.36502167" lon="-70.34073333"><ele>3021.000</ele><time>2026-09-13T15:01:04Z</time><speed>42.853</speed><sat>12</sat></trkpt>
  <trkpt lat="-33.36486667" lon="-70.34031500"><ele>3022.300</ele><time>2026-09-13T15:01:05Z</time><speed>42.418</speed><sat>11</sat></trkpt>
  <trkpt lat="-33.36470333" lon="-70.33989167"><ele>3023.400</ele><time>2026-09-13T15:01:06Z</time><speed>43.206</speed><sat>12</sat></trkpt>
  <trkpt lat="-33.36453500" lon="-70.33946333"><ele>3025.400</ele><time>2026-09-13T15:01:07Z</time><speed>43.433</speed><sat>10</sat></trkpt>
  <trkpt lat="-33.36441000" lon="-70.33905833"><ele>3029.500</ele><time>2026-09-13T15:01:08Z</time><speed>41.905</speed><sat>11</sat></trkpt>
  <trkpt lat="-33.36425833" lon="-70.33863833"><ele>3031.600</ele><time>2026-09-13T15:01:09Z</time><speed>42.153</speed><sat>10</sat></trkpt>
  <trkpt lat="-33.36411667" lon="-70.33822500"><ele>3034.400</ele><time>2026-09-13T15:01:10Z</time><speed>42.367</speed><sat>12</sat></trkpt>
  <trkpt lat="-33.36395167" lon="-70.33780667"><ele>3037.000</ele><time>2026-09-13T15:01:11Z</time><speed>43.050</speed><sat>12</sat></trkpt>
  <trkpt lat="-33.36379833" lon="-70.33740167"><ele>3039.300</ele><time>2026-09-13T15:01:12Z</time><speed>41.865</speed><sat>11</sat></trkpt>
  <trkpt lat="-33.36363000" lon="-70.33699167"><ele>3041.300</ele><time>2026-09-13T15:01:13Z</time><speed>41.847</speed><sat>11</sat></trkpt>
  <trkpt lat="-33.36346333" lon="-70.33658833"><ele>3043.600</ele><time>2026-09-13T15:01:14Z</time><speed>41.413</speed><sat>12</sat></trkpt>
  <trkpt lat="-33.36329167" lon="-70.33617667"><ele>3045.300</ele><time>2026-09-13T15:01:15Z</time><speed>41.421</speed><sat>11</sat></trkpt>
  <trkpt lat="-33.36312667" lon="-70.33577667"><ele>3046.800</ele><time>2026-09-13T15:01:16Z</time><speed>40.817</speed><sat>11</sat></trkpt>
  <trkpt lat="-33.36297667" lon="-70.33538000"><ele>3048.300</ele><time>2026-09-13T15:01:17Z</time><speed>40.650</speed><sat>12</sat></trkpt>
  <trkpt lat="-33.36283333" lon="-70.33499000"><ele>3049.700</ele><time>2026-09-13T15:01:18Z</time><speed>39.775</speed><sat>12</sat></trkpt>
  <trkpt lat="-33.36268167" lon="-70.33460000"><ele>3050.800</ele><time>2026-09-13T15:01:19Z</time><speed>39.590</speed><sat>13</sat></trkpt>
  <trkpt lat="-33.36252500" lon="-70.33420000"><ele>3051.800</ele><time>2026-09-13T15:01:20Z</time><speed>40.396</speed><sat>11</sat></trkpt>
  <trkpt lat="-33.36237167" lon="-70.33379000"><ele>3052.900</ele><time>2026-09-13T15:01:21Z</time><speed>41.419</speed><sat>11</sat></trkpt>
  <trkpt lat="-33.36222667" lon="-70.33339833"><ele>3054.100</ele><time>2026-09-13T15:01:22Z</time><speed>39.813</speed><sat>11</sat></trkpt>
  <trkpt lat="-33.36206167" lon="-70.33301167"><ele>3055.600</ele><time>2026-09-13T15:01:23Z</time><speed>39.990</speed><sat>9</sat></trkpt>
  <trkpt lat="-33.36190667" lon="-70.33263833"><ele>3057.000</ele><time>2026-09-13T15:01:24Z</time><speed>39.644</speed><sat>10</sat></trkpt>
  <trkpt lat="-33.36173333" lon="-70.33225833"><ele>3058.200</ele><time>2026-09-13T15:01:25Z</time><speed>40.245</speed><sat>10</sat></trkpt>
  <trkpt lat="-33.36155333" lon="-70.33186500"><ele>3059.500</ele><time>2026-09-13T15:01:26Z</time><speed>41.291</speed><sat>11</sat></trkpt>
  <trkpt lat="-33.36139167" lon="-70.33147000"><ele>3060.900</ele><time>2026-09-13T15:01:27Z</time><speed>40.946</speed><sat>11</sat></trkpt>
  <trkpt lat="-33.36123000" lon="-70.33107500"><ele>3062.500</ele><time>2026-09-13T15:01:28Z</time><speed>41.291</speed><sat>10</sat></trkpt>
  <trkpt lat="-33.36106667" lon="-70.33067500"><ele>3064.200</ele><time>2026-09-13T15:01:29Z</time><speed>41.409</speed><sat>10</sat></trkpt>
  <trkpt lat="-33.36091167" lon="-70.33026667"><ele>3066.300</ele><time>2026-09-13T15:01:30Z</time><speed>41.887</speed><sat>10</sat></trkpt>
  <trkpt lat="-33.36074333" lon="-70.32985500"><ele>3068.400</ele><time>2026-09-13T15:01:31Z</time><speed>42.192</speed><sat>10</sat></trkpt>
  <trkpt lat="-33.36058333" lon="-70.32944667"><ele>3070.500</ele><time>2026-09-13T15:01:32Z</time><speed>42.297</speed><sat>9</sat></trkpt>
  <trkpt lat="-33.36042500" lon="-70.32903667"><ele>3072.600</ele><time>2026-09-13T15:01:33Z</time><speed>42.070</speed><sat>9</sat></trkpt>
  <trkpt lat="-33.36027000" lon="-70.32861667"><ele>3074.500</ele><time>2026-09-13T15:01:34Z</time><speed>42.336</speed><sat>10</sat></trkpt>
  <trkpt lat="-33.36012333" lon="-70.32819833"><ele>3075.900</ele><time>2026-09-13T15:01:35Z</time><speed>42.368</speed><sat>10</sat></trkpt>
  <trkpt lat="-33.35999167" lon="-70.32780167"><ele>3077.500</ele><time>2026-09-13T15:01:36Z</time><speed>41.296</speed><sat>10</sat></trkpt>
  <trkpt lat="-33.35987500" lon="-70.32741167"><ele>3079.700</ele><time>2026-09-13T15:01:37Z</time><speed>40.274</speed><sat>10</sat></trkpt>
  <trkpt lat="-33.35974000" lon="-70.32700667"><ele>3081.000</ele><time>2026-09-13T15:01:38Z</time><speed>40.811</speed><sat>11</sat></trkpt>
  <trkpt lat="-33.35961667" lon="-70.32660667"><ele>3082.300</ele><time>2026-09-13T15:01:39Z</time><speed>40.085</speed><sat>12</sat></trkpt>
  <trkpt lat="-33.35949000" lon="-70.32621167"><ele>3083.500</ele><time>2026-09-13T15:01:40Z</time><speed>39.512</speed><sat>12</sat></trkpt>
  <trkpt lat="-33.35937000" lon="-70.32583833"><ele>3086.900</ele><time>2026-09-13T15:01:41Z</time><speed>39.260</speed><sat>10</sat></trkpt>
  <trkpt lat="-33.35925833" lon="-70.32545833"><ele>3088.500</ele><time>2026-09-13T15:01:42Z</time><speed>38.638</speed><sat>10</sat></trkpt>
  <trkpt lat="-33.35912333" lon="-70.32504000"><ele>3090.200</ele><time>2026-09-13T15:01:43Z</time><speed>40.463</speed><sat>10</sat></trkpt>
  <trkpt lat="-33.35900000" lon="-70.32463333"><ele>3091.700</ele><time>2026-09-13T15:01:44Z</time><speed>39.646</speed><sat>11</sat></trkpt>
  <trkpt lat="-33.35887000" lon="-70.32420833"><ele>3093.300</ele><time>2026-09-13T15:01:45Z</time><speed>39.826</speed><sat>12</sat></trkpt>
  <trkpt lat="-33.35873167" lon="-70.32376167"><ele>3095.000</ele><time>2026-09-13T15:01:46Z</time><speed>41.339</speed><sat>12</sat></trkpt>
  <trkpt lat="-33.35859667" lon="-70.32330833"><ele>3096.800</ele><time>2026-09-13T15:01:47Z</time><speed>43.014</speed><sat>12</sat></trkpt>
  <trkpt lat="-33.35845667" lon="-70.32286833"><ele>3098.000</ele><time>2026-09-13T15:01:48Z</time><speed>43.287</speed><sat>12</sat></trkpt>
  <trkpt lat="-33.35831500" lon="-70.32243000"><ele>3099.300</ele><time>2026-09-13T15:01:49Z</time><speed>43.412</speed><sat>10</sat></trkpt>
  <trkpt lat="-33.35816667" lon="-70.32199500"><ele>3100.600</ele><time>2026-09-13T15:01:50Z</time><speed>43.271</speed><sat>10</sat></trkpt>
  <trkpt lat="-33.35799833" lon="-70.32157000"><ele>3102.000</ele><time>2026-09-13T15:01:51Z</time><speed>43.242</speed><sat>9</sat></trkpt>
  <trkpt lat="-33.35783000" lon="-70.32115167"><ele>3103.400</ele><time>2026-09-13T15:01:52Z</time><speed>42.984</speed><sat>11</sat></trkpt>
  <trkpt lat="-33.35766500" lon="-70.32074500"><ele>3104.900</ele><time>2026-09-13T15:01:53Z</time><speed>42.095</speed><sat>10</sat></trkpt>
  <trkpt lat="-33.35750833" lon="-70.32035333"><ele>3106.200</ele><time>2026-09-13T15:01:54Z</time><speed>41.311</speed><sat>13</sat></trkpt>
  <trkpt lat="-33.35734333" lon="-70.31995667"><ele>3107.600</ele><time>2026-09-13T15:01:55Z</time><speed>41.119</speed><sat>13</sat></trkpt>
  <trkpt lat="-33.35717500" lon="-70.31956667"><ele>3109.100</ele><time>2026-09-13T15:01:56Z</time><speed>41.396</speed><sat>12</sat></trkpt>
  <trkpt lat="-33.35703000" lon="-70.31921667"><ele>3111.200</ele><time>2026-09-13T15:01:57Z</time><speed>41.811</speed><sat>13</sat></trkpt>
  <trkpt lat="-33.35686333" lon="-70.31881667"><ele>3112.700</ele><time>2026-09-13T15:01:58Z</time><speed>42.276</speed><sat>12</sat></trkpt>
  <trkpt lat="-33.35671167" lon="-70.31843500"><ele>3114.500</ele><time>2026-09-13T15:01:59Z</time><speed>41.858</speed><sat>13</sat></trkpt>
  <trkpt lat="-33.35654667" lon="-70.31804000"><ele>3116.000</ele><time>2026-09-13T15:02:00Z</time><speed>41.819</speed><sat>15</sat></trkpt>
  <trkpt lat="-33.35638500" lon="-70.31765500"><ele>3117.300</ele><time>2026-09-13T15:02:01Z</time><speed>41.121</speed><sat>15</sat></trkpt>
  <trkpt lat="-33.35622667" lon="-70.31727333"><ele>3118.800</ele><time>2026-09-13T15:02:02Z</time><speed>40.840</speed><sat>15</sat></trkpt>
  <trkpt lat="-33.35605667" lon="-70.31688333"><ele>3120.000</ele><time>2026-09-13T15:02:03Z</time><speed>41.509</speed><sat>16</sat></trkpt>
  <trkpt lat="-33.35588833" lon="-70.31652167"><ele>3122.200</ele><time>2026-09-13T15:02:04Z</time><speed>42.397</speed><sat>16</sat></trkpt>
  <trkpt lat="-33.35570333" lon="-70.31613000"><ele>3123.600</ele><time>2026-09-13T15:02:05Z</time><speed>42.295</speed><sat>14</sat></trkpt>
  <trkpt lat="-33.35552833" lon="-70.31574833"><ele>3125.500</ele><time>2026-09-13T15:02:06Z</time><speed>41.381</speed><sat>13</sat></trkpt>
  <trkpt lat="-33.35534500" lon="-70.31535333"><ele>3127.500</ele><time>2026-09-13T15:02:07Z</time><speed>41.824</speed><sat>14</sat></trkpt>
  <trkpt lat="-33.35516167" lon="-70.31496167"><ele>3129.500</ele><time>2026-09-13T15:02:08Z</time><speed>42.106</speed><sat>14</sat></trkpt>
  <trkpt lat="-33.35496833" lon="-70.31456833"><ele>3132.900</ele><time>2026-09-13T15:02:09Z</time><speed>42.330</speed><sat>15</sat></trkpt>
  <trkpt lat="-33.35478500" lon="-70.31418167"><ele>3135.400</ele><time>2026-09-13T15:02:10Z</time><speed>41.507</speed><sat>15</sat></trkpt>
  <trkpt lat="-33.35460667" lon="-70.31380167"><ele>3138.000</ele><time>2026-09-13T15:02:11Z</time><speed>41.091</speed><sat>15</sat></trkpt>
  <trkpt lat="-33.35442333" lon="-70.31340333"><ele>3139.800</ele><time>2026-09-13T15:02:12Z</time><speed>42.610</speed><sat>15</sat></trkpt>
  <trkpt lat="-33.35424167" lon="-70.31300333"><ele>3141.800</ele><time>2026-09-13T15:02:13Z</time><speed>42.522</speed><sat>15</sat></trkpt>
  <trkpt lat="-33.35406167" lon="-70.31260500"><ele>3143.700</ele><time>2026-09-13T15:02:14Z</time><speed>42.093</speed><sat>15</sat></trkpt>
  <trkpt lat="-33.35389000" lon="-70.31221500"><ele>3145.100</ele><time>2026-09-13T15:02:15Z</time><speed>41.762</speed><sat>15</sat></trkpt>
  <trkpt lat="-33.35372167" lon="-70.31182667"><ele>3146.300</ele><time>2026-09-13T15:02:16Z</time><speed>40.734</speed><sat>16</sat></trkpt>
  <trkpt lat="-33.35355667" lon="-70.31143833"><ele>3147.800</ele><time>2026-09-13T15:02:17Z</time><speed>40.919</speed><sat>16</sat></trkpt>
  <trkpt lat="-33.35339333" lon="-70.31103500"><ele>3149.300</ele><time>2026-09-13T15:02:18Z</time><speed>42.020</speed><sat>16</sat></trkpt>
  <trkpt lat="-33.35323667" lon="-70.31062833"><ele>3151.100</ele><time>2026-09-13T15:02:19Z</time><speed>42.028</speed><sat>16</sat></trkpt>
  <trkpt lat="-33.35307167" lon="-70.31022167"><ele>3153.300</ele><time>2026-09-13T15:02:20Z</time><speed>42.037</speed><sat>16</sat></trkpt>
  <trkpt lat="-33.35289833" lon="-70.30981167"><ele>3155.200</ele><time>2026-09-13T15:02:21Z</time><speed>43.297</speed><sat>15</sat></trkpt>
  <trkpt lat="-33.35272333" lon="-70.30940167"><ele>3156.800</ele><time>2026-09-13T15:02:22Z</time><speed>42.109</speed><sat>15</sat></trkpt>
  <trkpt lat="-33.35256000" lon="-70.30899833"><ele>3158.500</ele><time>2026-09-13T15:02:23Z</time><speed>41.665</speed><sat>15</sat></trkpt>
  <trkpt lat="-33.35239833" lon="-70.30860333"><ele>3160.300</ele><time>2026-09-13T15:02:24Z</time><speed>41.235</speed><sat>14</sat></trkpt>
  <trkpt lat="-33.35223167" lon="-70.30821333"><ele>3162.400</ele><time>2026-09-13T15:02:25Z</time><speed>41.224</speed><sat>14</sat></trkpt>
  <trkpt lat="-33.35206333" lon="-70.30782000"><ele>3164.500</ele><time>2026-09-13T15:02:26Z</time><speed>41.355</speed><sat>14</sat></trkpt>
  <trkpt lat="-33.35188833" lon="-70.30741833"><ele>3166.600</ele><time>2026-09-13T15:02:27Z</time><speed>42.547</speed><sat>14</sat></trkpt>
  <trkpt lat="-33.35171333" lon="-70.30701833"><ele>3168.600</ele><time>2026-09-13T15:02:28Z</time><speed>42.152</speed><sat>14</sat></trkpt>
  <trkpt lat="-33.35153833" lon="-70.30661500"><ele>3170.700</ele><time>2026-09-13T15:02:29Z</time><speed>42.376</speed><sat>14</sat></trkpt>
  <trkpt lat="-33.35136167" lon="-70.30621167"><ele>3172.900</ele><time>2026-09-13T15:02:30Z</time><speed>42.384</speed><sat>14</sat></trkpt>
  <trkpt lat="-33.35118500" lon="-70.30581000"><ele>3173.700</ele><time>2026-09-13T15:02:31Z</time><speed>41.854</speed><sat>13</sat></trkpt>
  <trkpt lat="-33.35101833" lon="-70.30541333"><ele>3175.500</ele><time>2026-09-13T15:02:32Z</time><speed>41.325</speed><sat>13</sat></trkpt>
  <trkpt lat="-33.35084667" lon="-70.30501167"><ele>3177.400</ele><time>2026-09-13T15:02:33Z</time><speed>42.005</speed><sat>13</sat></trkpt>
  <trkpt lat="-33.35066500" lon="-70.30460833"><ele>3179.300</ele><time>2026-09-13T15:02:34Z</time><speed>42.515</speed><sat>14</sat></trkpt>
  <trkpt lat="-33.35048667" lon="-70.30420500"><ele>3182.200</ele><time>2026-09-13T15:02:35Z</time><speed>42.541</speed><sat>15</sat></trkpt>
  <trkpt lat="-33.35030667" lon="-70.30380333"><ele>3184.100</ele><time>2026-09-13T15:02:36Z</time><speed>42.502</speed><sat>15</sat></trkpt>
  <trkpt lat="-33.35011833" lon="-70.30340000"><ele>3186.400</ele><time>2026-09-13T15:02:37Z</time><speed>42.947</speed><sat>12</sat></trkpt>
  <trkpt lat="-33.34992000" lon="-70.30298167"><ele>3189.200</ele><time>2026-09-13T15:02:38Z</time><speed>43.522</speed><sat>13</sat></trkpt>
  <trkpt lat="-33.34972000" lon="-70.30256333"><ele>3192.200</ele><time>2026-09-13T15:02:39Z</time><speed>44.416</speed><sat>12</sat></trkpt>
  <trkpt lat="-33.34952833" lon="-70.30215333"><ele>3195.200</ele><time>2026-09-13T15:02:40Z</time><speed>43.396</speed><sat>12</sat></trkpt>
  <trkpt lat="-33.34933167" lon="-70.30174167"><ele>3197.800</ele><time>2026-09-13T15:02:41Z</time><speed>43.936</speed><sat>12</sat></trkpt>
  <trkpt lat="-33.34914167" lon="-70.30133833"><ele>3200.100</ele><time>2026-09-13T15:02:42Z</time><speed>42.959</speed><sat>14</sat></trkpt>
  <trkpt lat="-33.34896000" lon="-70.30094500"><ele>3202.000</ele><time>2026-09-13T15:02:43Z</time><speed>42.457</speed><sat>14</sat></trkpt>
  <trkpt lat="-33.34878667" lon="-70.30056000"><ele>3204.400</ele><time>2026-09-13T15:02:44Z</time><speed>42.074</speed><sat>15</sat></trkpt>
  <trkpt lat="-33.34860500" lon="-70.30017167"><ele>3207.300</ele><time>2026-09-13T15:02:45Z</time><speed>41.417</speed><sat>15</sat></trkpt>
  <trkpt lat="-33.34842000" lon="-70.29977167"><ele>3209.700</ele><time>2026-09-13T15:02:46Z</time><speed>42.779</speed><sat>14</sat></trkpt>
  <trkpt lat="-33.34824333" lon="-70.29937667"><ele>3211.800</ele><time>2026-09-13T15:02:47Z</time><speed>41.877</speed><sat>14</sat></trkpt>
  <trkpt lat="-33.34806333" lon="-70.29897167"><ele>3213.600</ele><time>2026-09-13T15:02:48Z</time><speed>42.966</speed><sat>15</sat></trkpt>
  <trkpt lat="-33.34788667" lon="-70.29856000"><ele>3215.400</ele><time>2026-09-13T15:02:49Z</time><speed>42.876</speed><sat>15</sat></trkpt>
  <trkpt lat="-33.34771500" lon="-70.29815500"><ele>3217.400</ele><time>2026-09-13T15:02:50Z</time><speed>42.244</speed><sat>15</sat></trkpt>
  <trkpt lat="-33.34754167" lon="-70.29774667"><ele>3219.400</ele><time>2026-09-13T15:02:51Z</time><speed>42.730</speed><sat>15</sat></trkpt>
  <trkpt lat="-33.34737000" lon="-70.29732333"><ele>3221.300</ele><time>2026-09-13T15:02:52Z</time><speed>43.916</speed><sat>15</sat></trkpt>
  <trkpt lat="-33.34720667" lon="-70.29690333"><ele>3223.300</ele><time>2026-09-13T15:02:53Z</time><speed>42.964</speed><sat>14</sat></trkpt>
  <trkpt lat="-33.34704167" lon="-70.29648667"><ele>3225.200</ele><time>2026-09-13T15:02:54Z</time><speed>43.060</speed><sat>14</sat></trkpt>
  <trkpt lat="-33.34687833" lon="-70.29607333"><ele>3227.100</ele><time>2026-09-13T15:02:55Z</time><speed>42.491</speed><sat>14</sat></trkpt>
  <trkpt lat="-33.34672833" lon="-70.29566500"><ele>3228.800</ele><time>2026-09-13T15:02:56Z</time><speed>41.883</speed><sat>14</sat></trkpt>
  <trkpt lat="-33.34656833" lon="-70.29524333"><ele>3230.500</ele><time>2026-09-13T15:02:57Z</time><speed>43.255</speed><sat>15</sat></trkpt>
  <trkpt lat="-33.34641333" lon="-70.29482167"><ele>3231.700</ele><time>2026-09-13T15:02:58Z</time><speed>42.435</speed><sat>14</sat></trkpt>
  <trkpt lat="-33.34625833" lon="-70.29439667"><ele>3233.000</ele><time>2026-09-13T15:02:59Z</time><speed>42.772</speed><sat>14</sat></trkpt>
  <trkpt lat="-33.34609667" lon="-70.29397000"><ele>3234.100</ele><time>2026-09-13T15:03:00Z</time><speed>42.877</speed><sat>14</sat></trkpt>
  <trkpt lat="-33.34593667" lon="-70.29354833"><ele>3235.800</ele><time>2026-09-13T15:03:01Z</time><speed>43.208</speed><sat>13</sat></trkpt>
  <trkpt lat="-33.34577500" lon="-70.29312833"><ele>3237.500</ele><time>2026-09-13T15:03:02Z</time><speed>42.772</speed><sat>13</sat></trkpt>
  <trkpt lat="-33.34560167" lon="-70.29270333"><ele>3239.200</ele><time>2026-09-13T15:03:03Z</time><speed>43.176</speed><sat>13</sat></trkpt>
  <trkpt lat="-33.34542500" lon="-70.29227833"><ele>3240.900</ele><time>2026-09-13T15:03:04Z</time><speed>42.965</speed><sat>13</sat></trkpt>
  <trkpt lat="-33.34525500" lon="-70.29185500"><ele>3242.400</ele><time>2026-09-13T15:03:05Z</time><speed>42.980</speed><sat>13</sat></trkpt>
  <trkpt lat="-33.34509333" lon="-70.29143500"><ele>3243.800</ele><time>2026-09-13T15:03:06Z</time><speed>42.812</speed><sat>13</sat></trkpt>
  <trkpt lat="-33.34492500" lon="-70.29101167"><ele>3245.000</ele><time>2026-09-13T15:03:07Z</time><speed>43.104</speed><sat>13</sat></trkpt>
  <trkpt lat="-33.34475000" lon="-70.29058667"><ele>3246.100</ele><time>2026-09-13T15:03:08Z</time><speed>43.646</speed><sat>13</sat></trkpt>
  <trkpt lat="-33.34458000" lon="-70.29017333"><ele>3247.000</ele><time>2026-09-13T15:03:09Z</time><speed>42.955</speed><sat>13</sat></trkpt>
  <trkpt lat="-33.34440667" lon="-70.28975333"><ele>3248.500</ele><time>2026-09-13T15:03:10Z</time><speed>43.616</speed><sat>12</sat></trkpt>
  <trkpt lat="-33.34422333" lon="-70.28933167"><ele>3249.700</ele><time>2026-09-13T15:03:11Z</time><speed>43.908</speed><sat>13</sat></trkpt>
  <trkpt lat="-33.34405333" lon="-70.28892667"><ele>3250.100</ele><time>2026-09-13T15:03:12Z</time><speed>42.922</speed><sat>13</sat></trkpt>
  <trkpt lat="-33.34388000" lon="-70.28852000"><ele>3250.700</ele><time>2026-09-13T15:03:13Z</time><speed>43.380</speed><sat>13</sat></trkpt>
  <trkpt lat="-33.34371167" lon="-70.28811667"><ele>3251.400</ele><time>2026-09-13T15:03:14Z</time><speed>42.742</speed><sat>13</sat></trkpt>
  <trkpt lat="-33.34353833" lon="-70.28770167"><ele>3252.900</ele><time>2026-09-13T15:03:15Z</time><speed>43.247</speed><sat>13</sat></trkpt>
  <trkpt lat="-33.34336500" lon="-70.28728500"><ele>3254.300</ele><time>2026-09-13T15:03:16Z</time><speed>43.281</speed><sat>13</sat></trkpt>
  <trkpt lat="-33.34319333" lon="-70.28686667"><ele>3256.000</ele><time>2026-09-13T15:03:17Z</time><speed>43.494</speed><sat>13</sat></trkpt>
  <trkpt lat="-33.34302167" lon="-70.28643667"><ele>3257.700</ele><time>2026-09-13T15:03:18Z</time><speed>44.544</speed><sat>14</sat></trkpt>
  <trkpt lat="-33.34284833" lon="-70.28601333"><ele>3259.300</ele><time>2026-09-13T15:03:19Z</time><speed>43.748</speed><sat>14</sat></trkpt>
  <trkpt lat="-33.34265167" lon="-70.28558333"><ele>3261.300</ele><time>2026-09-13T15:03:20Z</time><speed>44.146</speed><sat>13</sat></trkpt>
  <trkpt lat="-33.34246667" lon="-70.28516667"><ele>3263.000</ele><time>2026-09-13T15:03:21Z</time><speed>43.783</speed><sat>13</sat></trkpt>
  <trkpt lat="-33.34227167" lon="-70.28475833"><ele>3264.700</ele><time>2026-09-13T15:03:22Z</time><speed>43.467</speed><sat>11</sat></trkpt>
  <trkpt lat="-33.34207500" lon="-70.28436167"><ele>3266.300</ele><time>2026-09-13T15:03:23Z</time><speed>42.596</speed><sat>11</sat></trkpt>
  <trkpt lat="-33.34183167" lon="-70.28391500"><ele>3267.300</ele><time>2026-09-13T15:03:24Z</time><speed>43.836</speed><sat>10</sat></trkpt>
  <trkpt lat="-33.34157333" lon="-70.28350500"><ele>3268.800</ele><time>2026-09-13T15:03:25Z</time><speed>44.034</speed><sat>10</sat></trkpt>
  <trkpt lat="-33.34128500" lon="-70.28313000"><ele>3270.400</ele><time>2026-09-13T15:03:26Z</time><speed>44.988</speed><sat>9</sat></trkpt>
  <trkpt lat="-33.34101667" lon="-70.28289500"><ele>3272.500</ele><time>2026-09-13T15:03:27Z</time><speed>41.132</speed><sat>8</sat></trkpt>
  <trkpt lat="-33.34075000" lon="-70.28262333"><ele>3274.300</ele><time>2026-09-13T15:03:28Z</time><speed>40.092</speed><sat>8</sat></trkpt>
  <trkpt lat="-33.34047500" lon="-70.28236333"><ele>3275.800</ele><time>2026-09-13T15:03:29Z</time><speed>39.533</speed><sat>9</sat></trkpt>
  <trkpt lat="-33.34018667" lon="-70.28212667"><ele>3277.100</ele><time>2026-09-13T15:03:30Z</time><speed>39.231</speed><sat>8</sat></trkpt>
  <trkpt lat="-33.33990833" lon="-70.28195333"><ele>3278.900</ele><time>2026-09-13T15:03:31Z</time><speed>38.584</speed><sat>10</sat></trkpt>
  <trkpt lat="-33.33961000" lon="-70.28174333"><ele>3280.500</ele><time>2026-09-13T15:03:32Z</time><speed>38.450</speed><sat>9</sat></trkpt>
  <trkpt lat="-33.33929833" lon="-70.28155333"><ele>3282.400</ele><time>2026-09-13T15:03:33Z</time><speed>38.689</speed><sat>9</sat></trkpt>
  <trkpt lat="-33.33897500" lon="-70.28137667"><ele>3284.000</ele><time>2026-09-13T15:03:34Z</time><speed>39.433</speed><sat>10</sat></trkpt>
  <trkpt lat="-33.33862667" lon="-70.28122833"><ele>3285.300</ele><time>2026-09-13T15:03:35Z</time><speed>40.433</speed><sat>9</sat></trkpt>
  <trkpt lat="-33.33827833" lon="-70.28108500"><ele>3287.100</ele><time>2026-09-13T15:03:36Z</time><speed>40.877</speed><sat>8</sat></trkpt>
  <trkpt lat="-33.33792667" lon="-70.28094333"><ele>3289.100</ele><time>2026-09-13T15:03:37Z</time><speed>40.391</speed><sat>8</sat></trkpt>
  <trkpt lat="-33.33757500" lon="-70.28082333"><ele>3290.800</ele><time>2026-09-13T15:03:38Z</time><speed>40.126</speed><sat>11</sat></trkpt>
  <trkpt lat="-33.33721333" lon="-70.28072167"><ele>3292.300</ele><time>2026-09-13T15:03:39Z</time><speed>40.962</speed><sat>10</sat></trkpt>
  <trkpt lat="-33.33686000" lon="-70.28063167"><ele>3293.900</ele><time>2026-09-13T15:03:40Z</time><speed>40.222</speed><sat>11</sat></trkpt>
  <trkpt lat="-33.33650333" lon="-70.28055167"><ele>3295.600</ele><time>2026-09-13T15:03:41Z</time><speed>40.360</speed><sat>11</sat></trkpt>
  <trkpt lat="-33.33615333" lon="-70.28052667"><ele>3297.800</ele><time>2026-09-13T15:03:42Z</time><speed>38.786</speed><sat>10</sat></trkpt>
  <trkpt lat="-33.33581333" lon="-70.28050000"><ele>3299.300</ele><time>2026-09-13T15:03:43Z</time><speed>38.154</speed><sat>9</sat></trkpt>
  <trkpt lat="-33.33546667" lon="-70.28050667"><ele>3299.300</ele><time>2026-09-13T15:03:44Z</time><speed>38.605</speed><sat>10</sat></trkpt>
  <trkpt lat="-33.33511333" lon="-70.28051167"><ele>3300.400</ele><time>2026-09-13T15:03:45Z</time><speed>38.969</speed><sat>10</sat></trkpt>
  <trkpt lat="-33.33476333" lon="-70.28054000"><ele>3302.000</ele><time>2026-09-13T15:03:46Z</time><speed>38.669</speed><sat>9</sat></trkpt>
  <trkpt lat="-33.33441000" lon="-70.28061833"><ele>3303.900</ele><time>2026-09-13T15:03:47Z</time><speed>38.418</speed><sat>10</sat></trkpt>
  <trkpt lat="-33.33407167" lon="-70.28069833"><ele>3305.600</ele><time>2026-09-13T15:03:48Z</time><speed>37.601</speed><sat>10</sat></trkpt>
  <trkpt lat="-33.33371500" lon="-70.28080000"><ele>3307.100</ele><time>2026-09-13T15:03:49Z</time><speed>38.660</speed><sat>11</sat></trkpt>
  <trkpt lat="-33.33335000" lon="-70.28092500"><ele>3308.400</ele><time>2026-09-13T15:03:50Z</time><speed>40.071</speed><sat>10</sat></trkpt>
  <trkpt lat="-33.33301167" lon="-70.28105000"><ele>3309.400</ele><time>2026-09-13T15:03:51Z</time><speed>39.568</speed><sat>10</sat></trkpt>
  <trkpt lat="-33.33266667" lon="-70.28117667"><ele>3311.100</ele><time>2026-09-13T15:03:52Z</time><speed>39.258</speed><sat>11</sat></trkpt>
  <trkpt lat="-33.33230833" lon="-70.28135167"><ele>3312.700</ele><time>2026-09-13T15:03:53Z</time><speed>40.344</speed><sat>13</sat></trkpt>
  <trkpt lat="-33.33199667" lon="-70.28151167"><ele>3312.900</ele><time>2026-09-13T15:03:54Z</time><speed>39.499</speed><sat>13</sat></trkpt>
  <trkpt lat="-33.33169333" lon="-70.28169500"><ele>3312.900</ele><time>2026-09-13T15:03:55Z</time><speed>39.624</speed><sat>13</sat></trkpt>
  <trkpt lat="-33.33141167" lon="-70.28191000"><ele>3313.600</ele><time>2026-09-13T15:03:56Z</time><speed>38.749</speed><sat>11</sat></trkpt>
  <trkpt lat="-33.33115000" lon="-70.28215500"><ele>3313.600</ele><time>2026-09-13T15:03:57Z</time><speed>37.676</speed><sat>11</sat></trkpt>
  <trkpt lat="-33.33085667" lon="-70.28243833"><ele>3314.700</ele><time>2026-09-13T15:03:58Z</time><speed>40.680</speed><sat>11</sat></trkpt>
  <trkpt lat="-33.33056333" lon="-70.28271167"><ele>3315.900</ele><time>2026-09-13T15:03:59Z</time><speed>40.717</speed><sat>10</sat></trkpt>
  <trkpt lat="-33.33027000" lon="-70.28301000"><ele>3317.500</ele><time>2026-09-13T15:04:00Z</time><speed>41.823</speed><sat>9</sat></trkpt>
  <trkpt lat="-33.32997500" lon="-70.28331333"><ele>3318.900</ele><time>2026-09-13T15:04:01Z</time><speed>42.811</speed><sat>11</sat></trkpt>
  <trkpt lat="-33.32969167" lon="-70.28361333"><ele>3320.000</ele><time>2026-09-13T15:04:02Z</time><speed>42.084</speed><sat>12</sat></trkpt>
  <trkpt lat="-33.32940667" lon="-70.28393167"><ele>3321.300</ele><time>2026-09-13T15:04:03Z</time><speed>42.920</speed><sat>12</sat></trkpt>
  <trkpt lat="-33.32914333" lon="-70.28425833"><ele>3322.700</ele><time>2026-09-13T15:04:04Z</time><speed>42.308</speed><sat>12</sat></trkpt>
  <trkpt lat="-33.32889833" lon="-70.28458833"><ele>3324.100</ele><time>2026-09-13T15:04:05Z</time><speed>41.225</speed><sat>12</sat></trkpt>
  <trkpt lat="-33.32867667" lon="-70.28494667"><ele>3326.200</ele><time>2026-09-13T15:04:06Z</time><speed>40.481</speed><sat>11</sat></trkpt>
  <trkpt lat="-33.32846667" lon="-70.28531833"><ele>3327.700</ele><time>2026-09-13T15:04:07Z</time><speed>41.177</speed><sat>10</sat></trkpt>
  <trkpt lat="-33.32827833" lon="-70.28571333"><ele>3328.700</ele><time>2026-09-13T15:04:08Z</time><speed>41.079</speed><sat>10</sat></trkpt>
  <trkpt lat="-33.32810833" lon="-70.28612500"><ele>3329.300</ele><time>2026-09-13T15:04:09Z</time><speed>41.266</speed><sat>11</sat></trkpt>
  <trkpt lat="-33.32795500" lon="-70.28653000"><ele>3329.300</ele><time>2026-09-13T15:04:10Z</time><speed>41.094</speed><sat>10</sat></trkpt>
  <trkpt lat="-33.32780333" lon="-70.28692167"><ele>3330.700</ele><time>2026-09-13T15:04:11Z</time><speed>40.159</speed><sat>10</sat></trkpt>
  <trkpt lat="-33.32766667" lon="-70.28732333"><ele>3332.000</ele><time>2026-09-13T15:04:12Z</time><speed>40.023</speed><sat>10</sat></trkpt>
  <trkpt lat="-33.32753667" lon="-70.28772500"><ele>3333.300</ele><time>2026-09-13T15:04:13Z</time><speed>39.706</speed><sat>9</sat></trkpt>
  <trkpt lat="-33.32742167" lon="-70.28815167"><ele>3334.600</ele><time>2026-09-13T15:04:14Z</time><speed>41.022</speed><sat>9</sat></trkpt>
  <trkpt lat="-33.32731500" lon="-70.28859667"><ele>3335.900</ele><time>2026-09-13T15:04:15Z</time><speed>41.986</speed><sat>9</sat></trkpt>
  <trkpt lat="-33.32720500" lon="-70.28902500"><ele>3337.100</ele><time>2026-09-13T15:04:16Z</time><speed>41.497</speed><sat>9</sat></trkpt>
  <trkpt lat="-33.32711500" lon="-70.28946667"><ele>3338.500</ele><time>2026-09-13T15:04:17Z</time><speed>41.045</speed><sat>9</sat></trkpt>
  <trkpt lat="-33.32702833" lon="-70.28991333"><ele>3339.700</ele><time>2026-09-13T15:04:18Z</time><speed>41.347</speed><sat>9</sat></trkpt>
  <trkpt lat="-33.32695833" lon="-70.29037167"><ele>3341.100</ele><time>2026-09-13T15:04:19Z</time><speed>41.538</speed><sat>9</sat></trkpt>
  <trkpt lat="-33.32691667" lon="-70.29084500"><ele>3342.500</ele><time>2026-09-13T15:04:20Z</time><speed>42.171</speed><sat>10</sat></trkpt>
  <trkpt lat="-33.32687833" lon="-70.29131667"><ele>3343.900</ele><time>2026-09-13T15:04:21Z</time><speed>42.498</speed><sat>11</sat></trkpt>
  <trkpt lat="-33.32677000" lon="-70.29175500"><ele>3344.700</ele><time>2026-09-13T15:04:22Z</time><speed>41.556</speed><sat>12</sat></trkpt>
  <trkpt lat="-33.32675667" lon="-70.29221500"><ele>3346.000</ele><time>2026-09-13T15:04:23Z</time><speed>41.229</speed><sat>13</sat></trkpt>
  <trkpt lat="-33.32678333" lon="-70.29268167"><ele>3347.600</ele><time>2026-09-13T15:04:24Z</time><speed>41.247</speed><sat>14</sat></trkpt>
  <trkpt lat="-33.32695000" lon="-70.29329000"><ele>3349.000</ele><time>2026-09-13T15:04:25Z</time><speed>43.566</speed><sat>12</sat></trkpt>
  <trkpt lat="-33.32706167" lon="-70.29378833"><ele>3350.600</ele><time>2026-09-13T15:04:26Z</time><speed>43.310</speed><sat>12</sat></trkpt>
  <trkpt lat="-33.32716333" lon="-70.29427167"><ele>3355.000</ele><time>2026-09-13T15:04:27Z</time><speed>43.314</speed><sat>12</sat></trkpt>
  <trkpt lat="-33.32728333" lon="-70.29473000"><ele>3356.800</ele><time>2026-09-13T15:04:28Z</time><speed>43.804</speed><sat>12</sat></trkpt>
  <trkpt lat="-33.32742500" lon="-70.29517000"><ele>3358.700</ele><time>2026-09-13T15:04:29Z</time><speed>43.322</speed><sat>12</sat></trkpt>
  <trkpt lat="-33.32757833" lon="-70.29559833"><ele>3360.500</ele><time>2026-09-13T15:04:30Z</time><speed>42.482</speed><sat>12</sat></trkpt>
  <trkpt lat="-33.32782667" lon="-70.29601167"><ele>3361.300</ele><time>2026-09-13T15:04:31Z</time><speed>42.465</speed><sat>13</sat></trkpt>
  <trkpt lat="-33.32814000" lon="-70.29644000"><ele>3366.000</ele><time>2026-09-13T15:04:32Z</time><speed>44.062</speed><sat>15</sat></trkpt>
  <trkpt lat="-33.32842333" lon="-70.29683000"><ele>3367.400</ele><time>2026-09-13T15:04:33Z</time><speed>44.989</speed><sat>15</sat></trkpt>
  <trkpt lat="-33.32870667" lon="-70.29718833"><ele>3370.000</ele><time>2026-09-13T15:04:34Z</time><speed>45.283</speed><sat>15</sat></trkpt>
  <trkpt lat="-33.32902833" lon="-70.29752000"><ele>3372.100</ele><time>2026-09-13T15:04:35Z</time><speed>46.927</speed><sat>15</sat></trkpt>
  <trkpt lat="-33.32936167" lon="-70.29784333"><ele>3373.500</ele><time>2026-09-13T15:04:36Z</time><speed>46.939</speed><sat>14</sat></trkpt>
  <trkpt lat="-33.32970000" lon="-70.29814833"><ele>3374.900</ele><time>2026-09-13T15:04:37Z</time><speed>47.197</speed><sat>14</sat></trkpt>
  <trkpt lat="-33.33007000" lon="-70.29840333"><ele>3375.900</ele><time>2026-09-13T15:04:38Z</time><speed>48.371</speed><sat>15</sat></trkpt>
  <trkpt lat="-33.33044333" lon="-70.29866000"><ele>3377.500</ele><time>2026-09-13T15:04:39Z</time><speed>48.342</speed><sat>13</sat></trkpt>
  <trkpt lat="-33.33082000" lon="-70.29890667"><ele>3379.100</ele><time>2026-09-13T15:04:40Z</time><speed>48.313</speed><sat>13</sat></trkpt>
  <trkpt lat="-33.33120000" lon="-70.29915833"><ele>3380.900</ele><time>2026-09-13T15:04:41Z</time><speed>48.340</speed><sat>14</sat></trkpt>
  <trkpt lat="-33.33159500" lon="-70.29935000"><ele>3380.400</ele><time>2026-09-13T15:04:42Z</time><speed>48.191</speed><sat>14</sat></trkpt>
  <trkpt lat="-33.33197000" lon="-70.29950333"><ele>3380.500</ele><time>2026-09-13T15:04:43Z</time><speed>45.550</speed><sat>13</sat></trkpt>
  <trkpt lat="-33.33234833" lon="-70.29965333"><ele>3380.600</ele><time>2026-09-13T15:04:44Z</time><speed>44.278</speed><sat>14</sat></trkpt>
  <trkpt lat="-33.33274000" lon="-70.29979333"><ele>3381.200</ele><time>2026-09-13T15:04:45Z</time><speed>44.841</speed><sat>17</sat></trkpt>
  <trkpt lat="-33.33316000" lon="-70.29987333"><ele>3381.900</ele><time>2026-09-13T15:04:46Z</time><speed>45.217</speed><sat>15</sat></trkpt>
  <trkpt lat="-33.33358333" lon="-70.29994167"><ele>3382.300</ele><time>2026-09-13T15:04:47Z</time><speed>46.080</speed><sat>16</sat></trkpt>
  <trkpt lat="-33.33401000" lon="-70.29998000"><ele>3383.200</ele><time>2026-09-13T15:04:48Z</time><speed>46.226</speed><sat>16</sat></trkpt>
  <trkpt lat="-33.33450000" lon="-70.29991667"><ele>3383.900</ele><time>2026-09-13T15:04:49Z</time><speed>48.063</speed><sat>16</sat></trkpt>
  <trkpt lat="-33.33494333" lon="-70.29985833"><ele>3384.200</ele><time>2026-09-13T15:04:50Z</time><speed>47.890</speed><sat>17</sat></trkpt>
  <trkpt lat="-33.33537167" lon="-70.29980500"><ele>3384.000</ele><time>2026-09-13T15:04:51Z</time><speed>46.827</speed><sat>15</sat></trkpt>
  <trkpt lat="-33.33580000" lon="-70.29966500"><ele>3383.400</ele><time>2026-09-13T15:04:52Z</time><speed>48.731</speed><sat>13</sat></trkpt>
  <trkpt lat="-33.33621833" lon="-70.29950333"><ele>3383.700</ele><time>2026-09-13T15:04:53Z</time><speed>48.598</speed><sat>12</sat></trkpt>
  <trkpt lat="-33.33664500" lon="-70.29931000"><ele>3383.300</ele><time>2026-09-13T15:04:54Z</time><speed>49.797</speed><sat>14</sat></trkpt>
  <trkpt lat="-33.33707500" lon="-70.29911333"><ele>3383.500</ele><time>2026-09-13T15:04:55Z</time><speed>50.155</speed><sat>13</sat></trkpt>
  <trkpt lat="-33.33747833" lon="-70.29880667"><ele>3384.400</ele><time>2026-09-13T15:04:56Z</time><speed>51.783</speed><sat>13</sat></trkpt>
  <trkpt lat="-33.33785500" lon="-70.29848667"><ele>3385.300</ele><time>2026-09-13T15:04:57Z</time><speed>50.713</speed><sat>13</sat></trkpt>
  <trkpt lat="-33.33819833" lon="-70.29814000"><ele>3387.500</ele><time>2026-09-13T15:04:58Z</time><speed>49.988</speed><sat>12</sat></trkpt>
  <trkpt lat="-33.33851500" lon="-70.29776167"><ele>3392.700</ele><time>2026-09-13T15:04:59Z</time><speed>48.897</speed><sat>12</sat></trkpt>
  <trkpt lat="-33.33881667" lon="-70.29734667"><ele>3398.600</ele><time>2026-09-13T15:05:00Z</time><speed>50.063</speed><sat>12</sat></trkpt>
  <trkpt lat="-33.33913333" lon="-70.29683333"><ele>3411.600</ele><time>2026-09-13T15:05:01Z</time><speed>49.771</speed><sat>12</sat></trkpt>
  <trkpt lat="-33.33937333" lon="-70.29639667"><ele>3416.000</ele><time>2026-09-13T15:05:02Z</time><speed>48.427</speed><sat>11</sat></trkpt>
  <trkpt lat="-33.33959000" lon="-70.29592167"><ele>3420.600</ele><time>2026-09-13T15:05:03Z</time><speed>49.530</speed><sat>11</sat></trkpt>
  <trkpt lat="-33.33977167" lon="-70.29546833"><ele>3425.000</ele><time>2026-09-13T15:05:04Z</time><speed>47.171</speed><sat>11</sat></trkpt>
  <trkpt lat="-33.33992500" lon="-70.29499333"><ele>3431.000</ele><time>2026-09-13T15:05:05Z</time><speed>47.623</speed><sat>11</sat></trkpt>
  <trkpt lat="-33.34007833" lon="-70.29445667"><ele>3434.400</ele><time>2026-09-13T15:05:06Z</time><speed>49.464</speed><sat>11</sat></trkpt>
  <trkpt lat="-33.34020167" lon="-70.29390500"><ele>3437.800</ele><time>2026-09-13T15:05:07Z</time><speed>50.089</speed><sat>11</sat></trkpt>
  <trkpt lat="-33.34029833" lon="-70.29335000"><ele>3441.900</ele><time>2026-09-13T15:05:08Z</time><speed>50.955</speed><sat>11</sat></trkpt>
  <trkpt lat="-33.34038333" lon="-70.29278667"><ele>3447.000</ele><time>2026-09-13T15:05:09Z</time><speed>50.256</speed><sat>11</sat></trkpt>
  <trkpt lat="-33.34045333" lon="-70.29222333"><ele>3450.500</ele><time>2026-09-13T15:05:10Z</time><speed>49.443</speed><sat>12</sat></trkpt>
  <trkpt lat="-33.34049167" lon="-70.29167667"><ele>3451.900</ele><time>2026-09-13T15:05:11Z</time><speed>49.860</speed><sat>12</sat></trkpt>
  <trkpt lat="-33.34048000" lon="-70.29109667"><ele>3457.100</ele><time>2026-09-13T15:05:12Z</time><speed>50.714</speed><sat>14</sat></trkpt>
  <trkpt lat="-33.34051500" lon="-70.29053667"><ele>3450.300</ele><time>2026-09-13T15:05:13Z</time><speed>49.231</speed><sat>14</sat></trkpt>
  <trkpt lat="-33.34050667" lon="-70.28996667"><ele>3454.400</ele><time>2026-09-13T15:05:14Z</time><speed>49.140</speed><sat>12</sat></trkpt>
  <trkpt lat="-33.34050000" lon="-70.28943000"><ele>3455.900</ele><time>2026-09-13T15:05:15Z</time><speed>48.966</speed><sat>10</sat></trkpt>
  <trkpt lat="-33.34047833" lon="-70.28887333"><ele>3457.500</ele><time>2026-09-13T15:05:16Z</time><speed>50.104</speed><sat>11</sat></trkpt>
  <trkpt lat="-33.34046000" lon="-70.28832333"><ele>3459.200</ele><time>2026-09-13T15:05:17Z</time><speed>50.619</speed><sat>12</sat></trkpt>
  <trkpt lat="-33.34043833" lon="-70.28777333"><ele>3461.400</ele><time>2026-09-13T15:05:18Z</time><speed>50.979</speed><sat>12</sat></trkpt>
  <trkpt lat="-33.34042667" lon="-70.28723500"><ele>3463.600</ele><time>2026-09-13T15:05:19Z</time><speed>48.934</speed><sat>12</sat></trkpt>
  <trkpt lat="-33.34042167" lon="-70.28670167"><ele>3466.100</ele><time>2026-09-13T15:05:20Z</time><speed>49.781</speed><sat>12</sat></trkpt>
  <trkpt lat="-33.34042167" lon="-70.28616833"><ele>3466.300</ele><time>2026-09-13T15:05:21Z</time><speed>49.371</speed><sat>12</sat></trkpt>
  <trkpt lat="-33.34042333" lon="-70.28563000"><ele>3466.000</ele><time>2026-09-13T15:05:22Z</time><speed>50.193</speed><sat>12</sat></trkpt>
  <trkpt lat="-33.34042833" lon="-70.28509333"><ele>3464.700</ele><time>2026-09-13T15:05:23Z</time><speed>49.995</speed><sat>12</sat></trkpt>
  <trkpt lat="-33.34041667" lon="-70.28456500"><ele>3466.900</ele><time>2026-09-13T15:05:24Z</time><speed>48.245</speed><sat>14</sat></trkpt>
  <trkpt lat="-33.34041167" lon="-70.28405167"><ele>3466.300</ele><time>2026-09-13T15:05:25Z</time><speed>47.633</speed><sat>14</sat></trkpt>
  <trkpt lat="-33.34040167" lon="-70.28353167"><ele>3464.900</ele><time>2026-09-13T15:05:26Z</time><speed>48.562</speed><sat>13</sat></trkpt>
  <trkpt lat="-33.34038833" lon="-70.28300167"><ele>3463.000</ele><time>2026-09-13T15:05:27Z</time><speed>49.202</speed><sat>14</sat></trkpt>
  <trkpt lat="-33.34037167" lon="-70.28247500"><ele>3459.900</ele><time>2026-09-13T15:05:28Z</time><speed>49.092</speed><sat>14</sat></trkpt>
  <trkpt lat="-33.34033833" lon="-70.28194333"><ele>3459.200</ele><time>2026-09-13T15:05:29Z</time><speed>50.026</speed><sat>14</sat></trkpt>
  <trkpt lat="-33.34030000" lon="-70.28140167"><ele>3460.500</ele><time>2026-09-13T15:05:30Z</time><speed>49.749</speed><sat>13</sat></trkpt>
  <trkpt lat="-33.34026833" lon="-70.28087500"><ele>3461.400</ele><time>2026-09-13T15:05:31Z</time><speed>48.488</speed><sat>13</sat></trkpt>
  <trkpt lat="-33.34024333" lon="-70.28036500"><ele>3463.800</ele><time>2026-09-13T15:05:32Z</time><speed>46.557</speed><sat>12</sat></trkpt>
  <trkpt lat="-33.34024500" lon="-70.27985167"><ele>3462.900</ele><time>2026-09-13T15:05:33Z</time><speed>49.007</speed><sat>12</sat></trkpt>
  <trkpt lat="-33.34022500" lon="-70.27931833"><ele>3464.300</ele><time>2026-09-13T15:05:34Z</time><speed>49.426</speed><sat>12</sat></trkpt>
  <trkpt lat="-33.34020833" lon="-70.27878833"><ele>3466.700</ele><time>2026-09-13T15:05:35Z</time><speed>49.422</speed><sat>12</sat></trkpt>
  <trkpt lat="-33.34020500" lon="-70.27825833"><ele>3467.000</ele><time>2026-09-13T15:05:36Z</time><speed>49.616</speed><sat>12</sat></trkpt>
  <trkpt lat="-33.34019500" lon="-70.27771833"><ele>3470.800</ele><time>2026-09-13T15:05:37Z</time><speed>49.812</speed><sat>12</sat></trkpt>
  <trkpt lat="-33.34019333" lon="-70.27718667"><ele>3474.700</ele><time>2026-09-13T15:05:38Z</time><speed>49.400</speed><sat>12</sat></trkpt>
  <trkpt lat="-33.34020167" lon="-70.27665833"><ele>3478.500</ele><time>2026-09-13T15:05:39Z</time><speed>49.413</speed><sat>13</sat></trkpt>
  <trkpt lat="-33.34023000" lon="-70.27612833"><ele>3480.000</ele><time>2026-09-13T15:05:40Z</time><speed>50.231</speed><sat>13</sat></trkpt>
  <trkpt lat="-33.34027667" lon="-70.27560167"><ele>3480.000</ele><time>2026-09-13T15:05:41Z</time><speed>51.306</speed><sat>13</sat></trkpt>
  <trkpt lat="-33.34030833" lon="-70.27504000"><ele>3481.300</ele><time>2026-09-13T15:05:42Z</time><speed>51.007</speed><sat>14</sat></trkpt>
  <trkpt lat="-33.34036167" lon="-70.27450333"><ele>3481.100</ele><time>2026-09-13T15:05:43Z</time><speed>49.278</speed><sat>11</sat></trkpt>
  <trkpt lat="-33.34040833" lon="-70.27396333"><ele>3483.100</ele><time>2026-09-13T15:05:44Z</time><speed>50.269</speed><sat>12</sat></trkpt>
  <trkpt lat="-33.34046167" lon="-70.27342667"><ele>3484.100</ele><time>2026-09-13T15:05:45Z</time><speed>50.424</speed><sat>14</sat></trkpt>
  <trkpt lat="-33.34053500" lon="-70.27290333"><ele>3482.600</ele><time>2026-09-13T15:05:46Z</time><speed>49.373</speed><sat>15</sat></trkpt>
  <trkpt lat="-33.34059667" lon="-70.27236833"><ele>3483.300</ele><time>2026-09-13T15:05:47Z</time><speed>50.875</speed><sat>15</sat></trkpt>
  <trkpt lat="-33.34067500" lon="-70.27182500"><ele>3483.400</ele><time>2026-09-13T15:05:48Z</time><speed>52.498</speed><sat>15</sat></trkpt>
  <trkpt lat="-33.34082833" lon="-70.27129667"><ele>3468.700</ele><time>2026-09-13T15:05:49Z</time><speed>52.344</speed><sat>15</sat></trkpt>
  <trkpt lat="-33.34088500" lon="-70.27074167"><ele>3477.300</ele><time>2026-09-13T15:05:50Z</time><speed>52.227</speed><sat>15</sat></trkpt>
  <trkpt lat="-33.34097833" lon="-70.27020333"><ele>3477.700</ele><time>2026-09-13T15:05:51Z</time><speed>51.214</speed><sat>14</sat></trkpt>
  <trkpt lat="-33.34108167" lon="-70.26965833"><ele>3478.000</ele><time>2026-09-13T15:05:52Z</time><speed>52.295</speed><sat>14</sat></trkpt>
  <trkpt lat="-33.34119000" lon="-70.26911167"><ele>3479.200</ele><time>2026-09-13T15:05:53Z</time><speed>52.040</speed><sat>13</sat></trkpt>
  <trkpt lat="-33.34131167" lon="-70.26857167"><ele>3479.600</ele><time>2026-09-13T15:05:54Z</time><speed>52.229</speed><sat>14</sat></trkpt>
  <trkpt lat="-33.34143833" lon="-70.26801833"><ele>3480.200</ele><time>2026-09-13T15:05:55Z</time><speed>52.112</speed><sat>14</sat></trkpt>
  <trkpt lat="-33.34163500" lon="-70.26750833"><ele>3463.200</ele><time>2026-09-13T15:05:56Z</time><speed>52.575</speed><sat>14</sat></trkpt>
  <trkpt lat="-33.34181500" lon="-70.26699167"><ele>3453.800</ele><time>2026-09-13T15:05:57Z</time><speed>51.817</speed><sat>14</sat></trkpt>
  <trkpt lat="-33.34197167" lon="-70.26646500"><ele>3451.400</ele><time>2026-09-13T15:05:58Z</time><speed>52.070</speed><sat>14</sat></trkpt>
  <trkpt lat="-33.34214167" lon="-70.26594000"><ele>3447.100</ele><time>2026-09-13T15:05:59Z</time><speed>52.502</speed><sat>13</sat></trkpt>
  <trkpt lat="-33.34230000" lon="-70.26537500"><ele>3453.900</ele><time>2026-09-13T15:06:00Z</time><speed>54.589</speed><sat>15</sat></trkpt>
  <trkpt lat="-33.34248500" lon="-70.26483333"><ele>3456.000</ele><time>2026-09-13T15:06:01Z</time><speed>54.342</speed><sat>14</sat></trkpt>
  <trkpt lat="-33.34269167" lon="-70.26430833"><ele>3457.400</ele><time>2026-09-13T15:06:02Z</time><speed>54.519</speed><sat>13</sat></trkpt>
  <trkpt lat="-33.34289000" lon="-70.26378333"><ele>3461.800</ele><time>2026-09-13T15:06:03Z</time><speed>53.937</speed><sat>13</sat></trkpt>
  <trkpt lat="-33.34308500" lon="-70.26324500"><ele>3466.200</ele><time>2026-09-13T15:06:04Z</time><speed>54.617</speed><sat>15</sat></trkpt>
  <trkpt lat="-33.34327333" lon="-70.26270167"><ele>3470.500</ele><time>2026-09-13T15:06:05Z</time><speed>54.301</speed><sat>15</sat></trkpt>
  <trkpt lat="-33.34345833" lon="-70.26214667"><ele>3472.900</ele><time>2026-09-13T15:06:06Z</time><speed>56.139</speed><sat>14</sat></trkpt>
  <trkpt lat="-33.34364333" lon="-70.26158500"><ele>3474.100</ele><time>2026-09-13T15:06:07Z</time><speed>55.715</speed><sat>14</sat></trkpt>
  <trkpt lat="-33.34382333" lon="-70.26102500"><ele>3474.400</ele><time>2026-09-13T15:06:08Z</time><speed>55.729</speed><sat>13</sat></trkpt>
  <trkpt lat="-33.34399833" lon="-70.26044167"><ele>3475.200</ele><time>2026-09-13T15:06:09Z</time><speed>57.698</speed><sat>14</sat></trkpt>
  <trkpt lat="-33.34416667" lon="-70.25984500"><ele>3478.100</ele><time>2026-09-13T15:06:10Z</time><speed>57.970</speed><sat>13</sat></trkpt>
  <trkpt lat="-33.34434000" lon="-70.25925000"><ele>3479.000</ele><time>2026-09-13T15:06:11Z</time><speed>58.366</speed><sat>13</sat></trkpt>
  <trkpt lat="-33.34451500" lon="-70.25865333"><ele>3477.200</ele><time>2026-09-13T15:06:12Z</time><speed>59.027</speed><sat>13</sat></trkpt>
  <trkpt lat="-33.34467833" lon="-70.25804333"><ele>3475.700</ele><time>2026-09-13T15:06:13Z</time><speed>59.999</speed><sat>13</sat></trkpt>
  <trkpt lat="-33.34483167" lon="-70.25743167"><ele>3474.500</ele><time>2026-09-13T15:06:14Z</time><speed>58.599</speed><sat>15</sat></trkpt>
  <trkpt lat="-33.34497833" lon="-70.25682167"><ele>3474.400</ele><time>2026-09-13T15:06:15Z</time><speed>59.061</speed><sat>15</sat></trkpt>
  <trkpt lat="-33.34511667" lon="-70.25620000"><ele>3474.800</ele><time>2026-09-13T15:06:16Z</time><speed>59.929</speed><sat>14</sat></trkpt>
  <trkpt lat="-33.34530000" lon="-70.25560500"><ele>3460.900</ele><time>2026-09-13T15:06:17Z</time><speed>60.221</speed><sat>14</sat></trkpt>
  <trkpt lat="-33.34544000" lon="-70.25498833"><ele>3460.400</ele><time>2026-09-13T15:06:18Z</time><speed>59.093</speed><sat>13</sat></trkpt>
  <trkpt lat="-33.34558333" lon="-70.25437000"><ele>3461.200</ele><time>2026-09-13T15:06:19Z</time><speed>59.841</speed><sat>13</sat></trkpt>
  <trkpt lat="-33.34571667" lon="-70.25374000"><ele>3464.400</ele><time>2026-09-13T15:06:20Z</time><speed>60.028</speed><sat>14</sat></trkpt>
  <trkpt lat="-33.34586500" lon="-70.25312000"><ele>3462.800</ele><time>2026-09-13T15:06:21Z</time><speed>61.476</speed><sat>15</sat></trkpt>
  <trkpt lat="-33.34601833" lon="-70.25249000"><ele>3462.900</ele><time>2026-09-13T15:06:22Z</time><speed>61.669</speed><sat>15</sat></trkpt>
  <trkpt lat="-33.34608667" lon="-70.25178667"><ele>3492.000</ele><time>2026-09-13T15:06:23Z</time><speed>62.200</speed><sat>16</sat></trkpt>
  <trkpt lat="-33.34624833" lon="-70.25115333"><ele>3492.700</ele><time>2026-09-13T15:06:24Z</time><speed>61.684</speed><sat>16</sat></trkpt>
  <trkpt lat="-33.34641333" lon="-70.25052167"><ele>3492.400</ele><time>2026-09-13T15:06:25Z</time><speed>62.131</speed><sat>16</sat></trkpt>
  <trkpt lat="-33.34658333" lon="-70.24988000"><ele>3492.900</ele><time>2026-09-13T15:06:26Z</time><speed>63.255</speed><sat>16</sat></trkpt>
  <trkpt lat="-33.34675167" lon="-70.24924167"><ele>3493.400</ele><time>2026-09-13T15:06:27Z</time><speed>62.561</speed><sat>16</sat></trkpt>
  <trkpt lat="-33.34692333" lon="-70.24861167"><ele>3494.200</ele><time>2026-09-13T15:06:28Z</time><speed>62.107</speed><sat>16</sat></trkpt>
  <trkpt lat="-33.34712667" lon="-70.24797833"><ele>3494.600</ele><time>2026-09-13T15:06:29Z</time><speed>63.920</speed><sat>14</sat></trkpt>
  <trkpt lat="-33.34736333" lon="-70.24735000"><ele>3491.300</ele><time>2026-09-13T15:06:30Z</time><speed>65.102</speed><sat>13</sat></trkpt>
  <trkpt lat="-33.34759167" lon="-70.24670167"><ele>3493.600</ele><time>2026-09-13T15:06:31Z</time><speed>64.877</speed><sat>13</sat></trkpt>
  <trkpt lat="-33.34783667" lon="-70.24608167"><ele>3493.500</ele><time>2026-09-13T15:06:32Z</time><speed>63.488</speed><sat>12</sat></trkpt>
  <trkpt lat="-33.34809333" lon="-70.24548667"><ele>3493.400</ele><time>2026-09-13T15:06:33Z</time><speed>61.867</speed><sat>11</sat></trkpt>
  <trkpt lat="-33.34837000" lon="-70.24490167"><ele>3492.200</ele><time>2026-09-13T15:06:34Z</time><speed>63.292</speed><sat>13</sat></trkpt>
  <trkpt lat="-33.34866833" lon="-70.24432667"><ele>3492.200</ele><time>2026-09-13T15:06:35Z</time><speed>63.580</speed><sat>12</sat></trkpt>
  <trkpt lat="-33.34899167" lon="-70.24374500"><ele>3492.400</ele><time>2026-09-13T15:06:36Z</time><speed>65.383</speed><sat>11</sat></trkpt>
  <trkpt lat="-33.34933167" lon="-70.24317500"><ele>3492.400</ele><time>2026-09-13T15:06:37Z</time><speed>65.089</speed><sat>10</sat></trkpt>
  <trkpt lat="-33.34968000" lon="-70.24264833"><ele>3491.400</ele><time>2026-09-13T15:06:38Z</time><speed>62.956</speed><sat>10</sat></trkpt>
  <trkpt lat="-33.35005000" lon="-70.24214833"><ele>3487.900</ele><time>2026-09-13T15:06:39Z</time><speed>62.084</speed><sat>9</sat></trkpt>
  <trkpt lat="-33.35044667" lon="-70.24167167"><ele>3484.300</ele><time>2026-09-13T15:06:40Z</time><speed>62.561</speed><sat>8</sat></trkpt>
  <trkpt lat="-33.35086833" lon="-70.24121833"><ele>3481.900</ele><time>2026-09-13T15:06:41Z</time><speed>61.797</speed><sat>8</sat></trkpt>
  <trkpt lat="-33.35136500" lon="-70.24083333"><ele>3475.000</ele><time>2026-09-13T15:06:42Z</time><speed>63.043</speed><sat>9</sat></trkpt>
  <trkpt lat="-33.35193833" lon="-70.24049167"><ele>3477.300</ele><time>2026-09-13T15:06:43Z</time><speed>66.139</speed><sat>11</sat></trkpt>
  <trkpt lat="-33.35248500" lon="-70.24023000"><ele>3467.300</ele><time>2026-09-13T15:06:44Z</time><speed>65.661</speed><sat>11</sat></trkpt>
  <trkpt lat="-33.35301000" lon="-70.23996833"><ele>3472.400</ele><time>2026-09-13T15:06:45Z</time><speed>65.452</speed><sat>10</sat></trkpt>
  <trkpt lat="-33.35360000" lon="-70.23976833"><ele>3453.100</ele><time>2026-09-13T15:06:46Z</time><speed>65.670</speed><sat>10</sat></trkpt>
  <trkpt lat="-33.35420167" lon="-70.23960833"><ele>3440.600</ele><time>2026-09-13T15:06:47Z</time><speed>66.938</speed><sat>10</sat></trkpt>
  <trkpt lat="-33.35483000" lon="-70.23948667"><ele>3431.400</ele><time>2026-09-13T15:06:48Z</time><speed>68.489</speed><sat>11</sat></trkpt>
  <trkpt lat="-33.35547833" lon="-70.23940833"><ele>3418.700</ele><time>2026-09-13T15:06:49Z</time><speed>69.105</speed><sat>11</sat></trkpt>
  <trkpt lat="-33.35610000" lon="-70.23934500"><ele>3410.200</ele><time>2026-09-13T15:06:50Z</time><speed>67.380</speed><sat>11</sat></trkpt>
  <trkpt lat="-33.35672333" lon="-70.23931333"><ele>3405.800</ele><time>2026-09-13T15:06:51Z</time><speed>68.698</speed><sat>12</sat></trkpt>
  <trkpt lat="-33.35734000" lon="-70.23930333"><ele>3400.400</ele><time>2026-09-13T15:06:52Z</time><speed>67.423</speed><sat>13</sat></trkpt>
  <trkpt lat="-33.35794333" lon="-70.23931833"><ele>3402.900</ele><time>2026-09-13T15:06:53Z</time><speed>67.243</speed><sat>13</sat></trkpt>
  <trkpt lat="-33.35855167" lon="-70.23934667"><ele>3399.700</ele><time>2026-09-13T15:06:54Z</time><speed>67.278</speed><sat>13</sat></trkpt>
  <trkpt lat="-33.35916167" lon="-70.23938333"><ele>3396.800</ele><time>2026-09-13T15:06:55Z</time><speed>67.973</speed><sat>13</sat></trkpt>
  <trkpt lat="-33.35977667" lon="-70.23944000"><ele>3394.400</ele><time>2026-09-13T15:06:56Z</time><speed>69.053</speed><sat>13</sat></trkpt>
  <trkpt lat="-33.36038833" lon="-70.23951333"><ele>3394.000</ele><time>2026-09-13T15:06:57Z</time><speed>68.602</speed><sat>13</sat></trkpt>
  <trkpt lat="-33.36099667" lon="-70.23960167"><ele>3392.500</ele><time>2026-09-13T15:06:58Z</time><speed>68.350</speed><sat>13</sat></trkpt>
  <trkpt lat="-33.36159333" lon="-70.23971500"><ele>3389.000</ele><time>2026-09-13T15:06:59Z</time><speed>65.630</speed><sat>14</sat></trkpt>
  <trkpt lat="-33.36219167" lon="-70.23984500"><ele>3386.600</ele><time>2026-09-13T15:07:00Z</time><speed>68.441</speed><sat>14</sat></trkpt>
  <trkpt lat="-33.36277667" lon="-70.23999167"><ele>3382.500</ele><time>2026-09-13T15:07:01Z</time><speed>65.841</speed><sat>14</sat></trkpt>
  <trkpt lat="-33.36336000" lon="-70.24014833"><ele>3380.300</ele><time>2026-09-13T15:07:02Z</time><speed>66.757</speed><sat>13</sat></trkpt>
  <trkpt lat="-33.36392667" lon="-70.24030167"><ele>3382.900</ele><time>2026-09-13T15:07:03Z</time><speed>65.522</speed><sat>12</sat></trkpt>
  <trkpt lat="-33.36453333" lon="-70.24049000"><ele>3375.200</ele><time>2026-09-13T15:07:04Z</time><speed>66.494</speed><sat>12</sat></trkpt>
  <trkpt lat="-33.36513167" lon="-70.24069667"><ele>3369.700</ele><time>2026-09-13T15:07:05Z</time><speed>67.679</speed><sat>12</sat></trkpt>
  <trkpt lat="-33.36570333" lon="-70.24087833"><ele>3367.200</ele><time>2026-09-13T15:07:06Z</time><speed>65.042</speed><sat>12</sat></trkpt>
  <trkpt lat="-33.36626333" lon="-70.24106500"><ele>3364.700</ele><time>2026-09-13T15:07:07Z</time><speed>64.461</speed><sat>12</sat></trkpt>
  <trkpt lat="-33.36679333" lon="-70.24125000"><ele>3365.800</ele><time>2026-09-13T15:07:08Z</time><speed>62.138</speed><sat>12</sat></trkpt>
  <trkpt lat="-33.36732833" lon="-70.24143667"><ele>3368.700</ele><time>2026-09-13T15:07:09Z</time><speed>64.478</speed><sat>12</sat></trkpt>
  <trkpt lat="-33.36786667" lon="-70.24164167"><ele>3371.100</ele><time>2026-09-13T15:07:10Z</time><speed>64.213</speed><sat>12</sat></trkpt>
  <trkpt lat="-33.36839500" lon="-70.24186000"><ele>3373.300</ele><time>2026-09-13T15:07:11Z</time><speed>62.533</speed><sat>12</sat></trkpt>
  <trkpt lat="-33.36893167" lon="-70.24209000"><ele>3372.500</ele><time>2026-09-13T15:07:12Z</time><speed>63.662</speed><sat>12</sat></trkpt>
  <trkpt lat="-33.36945667" lon="-70.24232333"><ele>3378.100</ele><time>2026-09-13T15:07:13Z</time><speed>65.187</speed><sat>12</sat></trkpt>
  <trkpt lat="-33.36998833" lon="-70.24257667"><ele>3380.100</ele><time>2026-09-13T15:07:14Z</time><speed>64.073</speed><sat>12</sat></trkpt>
  <trkpt lat="-33.37047833" lon="-70.24280333"><ele>3389.900</ele><time>2026-09-13T15:07:15Z</time><speed>62.016</speed><sat>13</sat></trkpt>
  <trkpt lat="-33.37101167" lon="-70.24304333"><ele>3390.800</ele><time>2026-09-13T15:07:16Z</time><speed>62.235</speed><sat>13</sat></trkpt>
  <trkpt lat="-33.37153667" lon="-70.24326333"><ele>3392.700</ele><time>2026-09-13T15:07:17Z</time><speed>63.051</speed><sat>13</sat></trkpt>
  <trkpt lat="-33.37206167" lon="-70.24349333"><ele>3393.400</ele><time>2026-09-13T15:07:18Z</time><speed>61.837</speed><sat>12</sat></trkpt>
  <trkpt lat="-33.37258333" lon="-70.24373000"><ele>3394.000</ele><time>2026-09-13T15:07:19Z</time><speed>61.853</speed><sat>12</sat></trkpt>
  <trkpt lat="-33.37311833" lon="-70.24396500"><ele>3394.100</ele><time>2026-09-13T15:07:20Z</time><speed>63.256</speed><sat>10</sat></trkpt>
  <trkpt lat="-33.37364833" lon="-70.24421500"><ele>3394.200</ele><time>2026-09-13T15:07:21Z</time><speed>63.347</speed><sat>12</sat></trkpt>
  <trkpt lat="-33.37415833" lon="-70.24445833"><ele>3394.000</ele><time>2026-09-13T15:07:22Z</time><speed>62.299</speed><sat>13</sat></trkpt>
  <trkpt lat="-33.37465667" lon="-70.24469333"><ele>3393.700</ele><time>2026-09-13T15:07:23Z</time><speed>60.510</speed><sat>13</sat></trkpt>
  <trkpt lat="-33.37517500" lon="-70.24493167"><ele>3393.400</ele><time>2026-09-13T15:07:24Z</time><speed>61.955</speed><sat>13</sat></trkpt>
  <trkpt lat="-33.37570667" lon="-70.24517500"><ele>3388.200</ele><time>2026-09-13T15:07:25Z</time><speed>61.291</speed><sat>14</sat></trkpt>
  <trkpt lat="-33.37628167" lon="-70.24540500"><ele>3374.700</ele><time>2026-09-13T15:07:26Z</time><speed>61.881</speed><sat>13</sat></trkpt>
  <trkpt lat="-33.37682333" lon="-70.24561833"><ele>3371.200</ele><time>2026-09-13T15:07:27Z</time><speed>64.042</speed><sat>13</sat></trkpt>
  <trkpt lat="-33.37735333" lon="-70.24585167"><ele>3369.600</ele><time>2026-09-13T15:07:28Z</time><speed>63.269</speed><sat>13</sat></trkpt>
  <trkpt lat="-33.37787667" lon="-70.24609333"><ele>3367.000</ele><time>2026-09-13T15:07:29Z</time><speed>62.085</speed><sat>13</sat></trkpt>
  <trkpt lat="-33.37838000" lon="-70.24633500"><ele>3369.400</ele><time>2026-09-13T15:07:30Z</time><speed>62.099</speed><sat>13</sat></trkpt>
  <trkpt lat="-33.37887333" lon="-70.24656167"><ele>3375.300</ele><time>2026-09-13T15:07:31Z</time><speed>61.264</speed><sat>13</sat></trkpt>
  <trkpt lat="-33.37936500" lon="-70.24678167"><ele>3384.800</ele><time>2026-09-13T15:07:32Z</time><speed>60.910</speed><sat>13</sat></trkpt>
  <trkpt lat="-33.37986167" lon="-70.24700667"><ele>3392.900</ele><time>2026-09-13T15:07:33Z</time><speed>61.618</speed><sat>13</sat></trkpt>
  <trkpt lat="-33.38035167" lon="-70.24724500"><ele>3399.600</ele><time>2026-09-13T15:07:34Z</time><speed>60.862</speed><sat>13</sat></trkpt>
  <trkpt lat="-33.38085667" lon="-70.24748833"><ele>3401.300</ele><time>2026-09-13T15:07:35Z</time><speed>61.512</speed><sat>13</sat></trkpt>
  <trkpt lat="-33.38138167" lon="-70.24772333"><ele>3398.900</ele><time>2026-09-13T15:07:36Z</time><speed>61.186</speed><sat>13</sat></trkpt>
  <trkpt lat="-33.38191333" lon="-70.24796000"><ele>3393.200</ele><time>2026-09-13T15:07:37Z</time><speed>61.425</speed><sat>13</sat></trkpt>
  <trkpt lat="-33.38243500" lon="-70.24818833"><ele>3392.500</ele><time>2026-09-13T15:07:38Z</time><speed>61.728</speed><sat>13</sat></trkpt>
  <trkpt lat="-33.38296833" lon="-70.24839333"><ele>3392.700</ele><time>2026-09-13T15:07:39Z</time><speed>61.501</speed><sat>13</sat></trkpt>
  <trkpt lat="-33.38351333" lon="-70.24860833"><ele>3388.800</ele><time>2026-09-13T15:07:40Z</time><speed>62.575</speed><sat>13</sat></trkpt>
  <trkpt lat="-33.38404167" lon="-70.24883833"><ele>3384.900</ele><time>2026-09-13T15:07:41Z</time><speed>62.435</speed><sat>12</sat></trkpt>
  <trkpt lat="-33.38459000" lon="-70.24906333"><ele>3380.000</ele><time>2026-09-13T15:07:42Z</time><speed>63.696</speed><sat>12</sat></trkpt>
  <trkpt lat="-33.38512500" lon="-70.24926833"><ele>3379.800</ele><time>2026-09-13T15:07:43Z</time><speed>62.616</speed><sat>12</sat></trkpt>
  <trkpt lat="-33.38567000" lon="-70.24945833"><ele>3380.700</ele><time>2026-09-13T15:07:44Z</time><speed>64.597</speed><sat>12</sat></trkpt>
  <trkpt lat="-33.38620333" lon="-70.24966167"><ele>3380.100</ele><time>2026-09-13T15:07:45Z</time><speed>64.048</speed><sat>12</sat></trkpt>
  <trkpt lat="-33.38673333" lon="-70.24984333"><ele>3378.100</ele><time>2026-09-13T15:07:46Z</time><speed>60.356</speed><sat>11</sat></trkpt>
  <trkpt lat="-33.38730500" lon="-70.25002333"><ele>3373.200</ele><time>2026-09-13T15:07:47Z</time><speed>63.059</speed><sat>10</sat></trkpt>
  <trkpt lat="-33.38791667" lon="-70.25017167"><ele>3369.600</ele><time>2026-09-13T15:07:48Z</time><speed>63.779</speed><sat>10</sat></trkpt>
  <trkpt lat="-33.38849000" lon="-70.25031833"><ele>3369.500</ele><time>2026-09-13T15:07:49Z</time><speed>64.092</speed><sat>10</sat></trkpt>
  <trkpt lat="-33.38906500" lon="-70.25047333"><ele>3368.200</ele><time>2026-09-13T15:07:50Z</time><speed>65.089</speed><sat>9</sat></trkpt>
  <trkpt lat="-33.38961333" lon="-70.25063333"><ele>3367.500</ele><time>2026-09-13T15:07:51Z</time><speed>63.793</speed><sat>9</sat></trkpt>
  <trkpt lat="-33.39013667" lon="-70.25079833"><ele>3366.900</ele><time>2026-09-13T15:07:52Z</time><speed>61.462</speed><sat>7</sat></trkpt>
  <trkpt lat="-33.39067500" lon="-70.25094667"><ele>3365.400</ele><time>2026-09-13T15:07:53Z</time><speed>60.770</speed><sat>7</sat></trkpt>
  <trkpt lat="-33.39121000" lon="-70.25109667"><ele>3364.100</ele><time>2026-09-13T15:07:54Z</time><speed>61.266</speed><sat>7</sat></trkpt>
  <trkpt lat="-33.39174667" lon="-70.25124000"><ele>3362.200</ele><time>2026-09-13T15:07:55Z</time><speed>60.859</speed><sat>7</sat></trkpt>
  <trkpt lat="-33.39228167" lon="-70.25137833"><ele>3360.900</ele><time>2026-09-13T15:07:56Z</time><speed>60.042</speed><sat>7</sat></trkpt>
  <trkpt lat="-33.39282500" lon="-70.25152500"><ele>3358.600</ele><time>2026-09-13T15:07:57Z</time><speed>61.903</speed><sat>8</sat></trkpt>
  <trkpt lat="-33.39337667" lon="-70.25165667"><ele>3359.000</ele><time>2026-09-13T15:07:58Z</time><speed>62.295</speed><sat>9</sat></trkpt>
  <trkpt lat="-33.39390667" lon="-70.25179333"><ele>3358.400</ele><time>2026-09-13T15:07:59Z</time><speed>61.258</speed><sat>11</sat></trkpt>
  <trkpt lat="-33.39423000" lon="-70.25198833"><ele>3364.300</ele><time>2026-09-13T15:08:00Z</time><speed>62.125</speed><sat>11</sat></trkpt>
  <trkpt lat="-33.39477167" lon="-70.25211833"><ele>3364.300</ele><time>2026-09-13T15:08:01Z</time><speed>62.657</speed><sat>12</sat></trkpt>
  <trkpt lat="-33.39532500" lon="-70.25223833"><ele>3364.200</ele><time>2026-09-13T15:08:02Z</time><speed>62.057</speed><sat>11</sat></trkpt>
  <trkpt lat="-33.39586667" lon="-70.25235500"><ele>3364.100</ele><time>2026-09-13T15:08:03Z</time><speed>60.837</speed><sat>11</sat></trkpt>
  <trkpt lat="-33.39640000" lon="-70.25246500"><ele>3364.000</ele><time>2026-09-13T15:08:04Z</time><speed>60.246</speed><sat>11</sat></trkpt>
  <trkpt lat="-33.39691833" lon="-70.25257333"><ele>3364.300</ele><time>2026-09-13T15:08:05Z</time><speed>59.640</speed><sat>10</sat></trkpt>
  <trkpt lat="-33.39745667" lon="-70.25268167"><ele>3363.900</ele><time>2026-09-13T15:08:06Z</time><speed>60.166</speed><sat>11</sat></trkpt>
  <trkpt lat="-33.39805500" lon="-70.25276167"><ele>3357.200</ele><time>2026-09-13T15:08:07Z</time><speed>61.467</speed><sat>11</sat></trkpt>
  <trkpt lat="-33.39859000" lon="-70.25284833"><ele>3358.200</ele><time>2026-09-13T15:08:08Z</time><speed>60.532</speed><sat>11</sat></trkpt>
  <trkpt lat="-33.39912167" lon="-70.25293167"><ele>3358.700</ele><time>2026-09-13T15:08:09Z</time><speed>59.829</speed><sat>11</sat></trkpt>
  <trkpt lat="-33.39968167" lon="-70.25300333"><ele>3356.700</ele><time>2026-09-13T15:08:10Z</time><speed>60.944</speed><sat>11</sat></trkpt>
  <trkpt lat="-33.40018833" lon="-70.25308667"><ele>3357.700</ele><time>2026-09-13T15:08:11Z</time><speed>58.523</speed><sat>11</sat></trkpt>
  <trkpt lat="-33.40071333" lon="-70.25316167"><ele>3357.100</ele><time>2026-09-13T15:08:12Z</time><speed>58.099</speed><sat>12</sat></trkpt>
  <trkpt lat="-33.40125667" lon="-70.25317500"><ele>3362.600</ele><time>2026-09-13T15:08:13Z</time><speed>60.114</speed><sat>11</sat></trkpt>
  <trkpt lat="-33.40175833" lon="-70.25321167"><ele>3367.200</ele><time>2026-09-13T15:08:14Z</time><speed>58.015</speed><sat>9</sat></trkpt>
  <trkpt lat="-33.40225333" lon="-70.25325167"><ele>3371.200</ele><time>2026-09-13T15:08:15Z</time><speed>56.368</speed><sat>9</sat></trkpt>
  <trkpt lat="-33.40276167" lon="-70.25328833"><ele>3371.200</ele><time>2026-09-13T15:08:16Z</time><speed>56.381</speed><sat>10</sat></trkpt>
  <trkpt lat="-33.40326500" lon="-70.25331333"><ele>3374.100</ele><time>2026-09-13T15:08:17Z</time><speed>55.869</speed><sat>10</sat></trkpt>
  <trkpt lat="-33.40379667" lon="-70.25332167"><ele>3374.100</ele><time>2026-09-13T15:08:18Z</time><speed>57.118</speed><sat>12</sat></trkpt>
  <trkpt lat="-33.40431500" lon="-70.25333167"><ele>3374.200</ele><time>2026-09-13T15:08:19Z</time><speed>56.899</speed><sat>12</sat></trkpt>
  <trkpt lat="-33.40478833" lon="-70.25334333"><ele>3375.800</ele><time>2026-09-13T15:08:20Z</time><speed>56.817</speed><sat>12</sat></trkpt>
  <trkpt lat="-33.40530167" lon="-70.25334833"><ele>3376.400</ele><time>2026-09-13T15:08:21Z</time><speed>56.496</speed><sat>14</sat></trkpt>
  <trkpt lat="-33.40583167" lon="-70.25334833"><ele>3378.100</ele><time>2026-09-13T15:08:22Z</time><speed>57.346</speed><sat>14</sat></trkpt>
  <trkpt lat="-33.40636333" lon="-70.25334333"><ele>3378.700</ele><time>2026-09-13T15:08:23Z</time><speed>57.980</speed><sat>15</sat></trkpt>
  <trkpt lat="-33.40693667" lon="-70.25330833"><ele>3368.700</ele><time>2026-09-13T15:08:24Z</time><speed>59.420</speed><sat>15</sat></trkpt>
  <trkpt lat="-33.40746167" lon="-70.25329500"><ele>3368.600</ele><time>2026-09-13T15:08:25Z</time><speed>58.806</speed><sat>16</sat></trkpt>
  <trkpt lat="-33.40799500" lon="-70.25326667"><ele>3367.700</ele><time>2026-09-13T15:08:26Z</time><speed>59.197</speed><sat>15</sat></trkpt>
  <trkpt lat="-33.40850833" lon="-70.25323333"><ele>3369.600</ele><time>2026-09-13T15:08:27Z</time><speed>57.734</speed><sat>15</sat></trkpt>
  <trkpt lat="-33.40903833" lon="-70.25319333"><ele>3369.100</ele><time>2026-09-13T15:08:28Z</time><speed>58.925</speed><sat>15</sat></trkpt>
  <trkpt lat="-33.40955833" lon="-70.25314833"><ele>3369.900</ele><time>2026-09-13T15:08:29Z</time><speed>57.420</speed><sat>13</sat></trkpt>
  <trkpt lat="-33.41007667" lon="-70.25309833"><ele>3371.900</ele><time>2026-09-13T15:08:30Z</time><speed>57.408</speed><sat>14</sat></trkpt>
  <trkpt lat="-33.41059667" lon="-70.25304500"><ele>3371.700</ele><time>2026-09-13T15:08:31Z</time><speed>57.083</speed><sat>14</sat></trkpt>
  <trkpt lat="-33.41112667" lon="-70.25298667"><ele>3373.100</ele><time>2026-09-13T15:08:32Z</time><speed>56.923</speed><sat>15</sat></trkpt>
  <trkpt lat="-33.41164667" lon="-70.25293000"><ele>3372.800</ele><time>2026-09-13T15:08:33Z</time><speed>58.451</speed><sat>15</sat></trkpt>
  <trkpt lat="-33.41217833" lon="-70.25286167"><ele>3372.200</ele><time>2026-09-13T15:08:34Z</time><speed>59.289</speed><sat>15</sat></trkpt>
  <trkpt lat="-33.41269667" lon="-70.25278667"><ele>3373.000</ele><time>2026-09-13T15:08:35Z</time><speed>57.555</speed><sat>15</sat></trkpt>
  <trkpt lat="-33.41320500" lon="-70.25270000"><ele>3376.600</ele><time>2026-09-13T15:08:36Z</time><speed>58.132</speed><sat>13</sat></trkpt>
  <trkpt lat="-33.41374333" lon="-70.25260167"><ele>3372.300</ele><time>2026-09-13T15:08:37Z</time><speed>57.578</speed><sat>13</sat></trkpt>
  <trkpt lat="-33.41427833" lon="-70.25249833"><ele>3369.200</ele><time>2026-09-13T15:08:38Z</time><speed>58.473</speed><sat>13</sat></trkpt>
  <trkpt lat="-33.41483667" lon="-70.25238833"><ele>3365.400</ele><time>2026-09-13T15:08:39Z</time><speed>61.578</speed><sat>13</sat></trkpt>
  <trkpt lat="-33.41537833" lon="-70.25227833"><ele>3365.400</ele><time>2026-09-13T15:08:40Z</time><speed>60.067</speed><sat>13</sat></trkpt>
  <trkpt lat="-33.41591167" lon="-70.25216667"><ele>3364.700</ele><time>2026-09-13T15:08:41Z</time><speed>60.067</speed><sat>13</sat></trkpt>
  <trkpt lat="-33.41642000" lon="-70.25206333"><ele>3363.800</ele><time>2026-09-13T15:08:42Z</time><speed>57.184</speed><sat>13</sat></trkpt>
  <trkpt lat="-33.41692000" lon="-70.25197000"><ele>3363.800</ele><time>2026-09-13T15:08:43Z</time><speed>55.688</speed><sat>12</sat></trkpt>
  <trkpt lat="-33.41743500" lon="-70.25187500"><ele>3363.200</ele><time>2026-09-13T15:08:44Z</time><speed>58.059</speed><sat>12</sat></trkpt>
  <trkpt lat="-33.41797167" lon="-70.25175833"><ele>3362.300</ele><time>2026-09-13T15:08:45Z</time><speed>60.657</speed><sat>11</sat></trkpt>
  <trkpt lat="-33.41851000" lon="-70.25163833"><ele>3359.700</ele><time>2026-09-13T15:08:46Z</time><speed>60.951</speed><sat>11</sat></trkpt>
  <trkpt lat="-33.41903667" lon="-70.25151500"><ele>3360.400</ele><time>2026-09-13T15:08:47Z</time><speed>60.186</speed><sat>11</sat></trkpt>
  <trkpt lat="-33.41954500" lon="-70.25139833"><ele>3361.100</ele><time>2026-09-13T15:08:48Z</time><speed>57.386</speed><sat>10</sat></trkpt>
  <trkpt lat="-33.42005833" lon="-70.25127833"><ele>3362.000</ele><time>2026-09-13T15:08:49Z</time><speed>58.417</speed><sat>10</sat></trkpt>
  <trkpt lat="-33.42060167" lon="-70.25114167"><ele>3359.700</ele><time>2026-09-13T15:08:50Z</time><speed>60.905</speed><sat>10</sat></trkpt>
  <trkpt lat="-33.42111833" lon="-70.25099000"><ele>3360.700</ele><time>2026-09-13T15:08:51Z</time><speed>59.496</speed><sat>9</sat></trkpt>
  <trkpt lat="-33.42154167" lon="-70.25084333"><ele>3369.300</ele><time>2026-09-13T15:08:52Z</time><speed>55.644</speed><sat>9</sat></trkpt>
  <trkpt lat="-33.42201167" lon="-70.25067667"><ele>3374.400</ele><time>2026-09-13T15:08:53Z</time><speed>57.388</speed><sat>9</sat></trkpt>
  <trkpt lat="-33.42250333" lon="-70.25050000"><ele>3373.200</ele><time>2026-09-13T15:08:54Z</time><speed>56.242</speed><sat>9</sat></trkpt>
  <trkpt lat="-33.42304333" lon="-70.25029667"><ele>3365.600</ele><time>2026-09-13T15:08:55Z</time><speed>58.622</speed><sat>8</sat></trkpt>
  <trkpt lat="-33.42354167" lon="-70.25008833"><ele>3364.800</ele><time>2026-09-13T15:08:56Z</time><speed>58.796</speed><sat>7</sat></trkpt>
  <trkpt lat="-33.42403833" lon="-70.24986500"><ele>3363.600</ele><time>2026-09-13T15:08:57Z</time><speed>58.835</speed><sat>7</sat></trkpt>
  <trkpt lat="-33.42453333" lon="-70.24963000"><ele>3361.100</ele><time>2026-09-13T15:08:58Z</time><speed>58.840</speed><sat>8</sat></trkpt>
  <trkpt lat="-33.42502833" lon="-70.24938833"><ele>3357.400</ele><time>2026-09-13T15:08:59Z</time><speed>59.740</speed><sat>8</sat></trkpt>
  <trkpt lat="-33.42555667" lon="-70.24913667"><ele>3346.900</ele><time>2026-09-13T15:09:00Z</time><speed>59.446</speed><sat>8</sat></trkpt>
  <trkpt lat="-33.42606167" lon="-70.24888833"><ele>3338.700</ele><time>2026-09-13T15:09:01Z</time><speed>59.431</speed><sat>9</sat></trkpt>
  <trkpt lat="-33.42653167" lon="-70.24863000"><ele>3337.900</ele><time>2026-09-13T15:09:02Z</time><speed>57.874</speed><sat>10</sat></trkpt>
  <trkpt lat="-33.42697333" lon="-70.24836167"><ele>3341.300</ele><time>2026-09-13T15:09:03Z</time><speed>59.354</speed><sat>10</sat></trkpt>
  <trkpt lat="-33.42743500" lon="-70.24807333"><ele>3340.700</ele><time>2026-09-13T15:09:04Z</time><speed>60.153</speed><sat>10</sat></trkpt>
  <trkpt lat="-33.42790000" lon="-70.24778167"><ele>3337.500</ele><time>2026-09-13T15:09:05Z</time><speed>59.119</speed><sat>10</sat></trkpt>
  <trkpt lat="-33.42836000" lon="-70.24747667"><ele>3335.400</ele><time>2026-09-13T15:09:06Z</time><speed>58.621</speed><sat>10</sat></trkpt>
  <trkpt lat="-33.42874333" lon="-70.24718000"><ele>3336.900</ele><time>2026-09-13T15:09:07Z</time><speed>58.412</speed><sat>10</sat></trkpt>
  <trkpt lat="-33.42918333" lon="-70.24685500"><ele>3335.000</ele><time>2026-09-13T15:09:08Z</time><speed>57.412</speed><sat>8</sat></trkpt>
  <trkpt lat="-33.42962000" lon="-70.24652500"><ele>3332.800</ele><time>2026-09-13T15:09:09Z</time><speed>57.729</speed><sat>8</sat></trkpt>
  <trkpt lat="-33.43010667" lon="-70.24615333"><ele>3329.100</ele><time>2026-09-13T15:09:10Z</time><speed>59.745</speed><sat>9</sat></trkpt>
  <trkpt lat="-33.43053333" lon="-70.24578500"><ele>3331.900</ele><time>2026-09-13T15:09:11Z</time><speed>59.639</speed><sat>10</sat></trkpt>
  <trkpt lat="-33.43097667" lon="-70.24542167"><ele>3331.400</ele><time>2026-09-13T15:09:12Z</time><speed>59.753</speed><sat>11</sat></trkpt>
  <trkpt lat="-33.43144833" lon="-70.24501833"><ele>3335.100</ele><time>2026-09-13T15:09:13Z</time><speed>61.136</speed><sat>11</sat></trkpt>
  <trkpt lat="-33.43189167" lon="-70.24464167"><ele>3334.300</ele><time>2026-09-13T15:09:14Z</time><speed>59.597</speed><sat>10</sat></trkpt>
  <trkpt lat="-33.43233333" lon="-70.24427167"><ele>3333.700</ele><time>2026-09-13T15:09:15Z</time><speed>60.210</speed><sat>10</sat></trkpt>
  <trkpt lat="-33.43277167" lon="-70.24389500"><ele>3332.500</ele><time>2026-09-13T15:09:16Z</time><speed>59.510</speed><sat>10</sat></trkpt>
  <trkpt lat="-33.43321333" lon="-70.24351167"><ele>3330.300</ele><time>2026-09-13T15:09:17Z</time><speed>60.849</speed><sat>10</sat></trkpt>
  <trkpt lat="-33.43365500" lon="-70.24311833"><ele>3328.500</ele><time>2026-09-13T15:09:18Z</time><speed>60.831</speed><sat>10</sat></trkpt>
  <trkpt lat="-33.43410000" lon="-70.24272167"><ele>3325.000</ele><time>2026-09-13T15:09:19Z</time><speed>61.488</speed><sat>11</sat></trkpt>
  <trkpt lat="-33.43460667" lon="-70.24231500"><ele>3314.200</ele><time>2026-09-13T15:09:20Z</time><speed>61.076</speed><sat>12</sat></trkpt>
  <trkpt lat="-33.43506667" lon="-70.24192167"><ele>3310.300</ele><time>2026-09-13T15:09:21Z</time><speed>61.103</speed><sat>13</sat></trkpt>
  <trkpt lat="-33.43551667" lon="-70.24152667"><ele>3311.000</ele><time>2026-09-13T15:09:22Z</time><speed>62.355</speed><sat>13</sat></trkpt>
  <trkpt lat="-33.43597000" lon="-70.24114000"><ele>3307.900</ele><time>2026-09-13T15:09:23Z</time><speed>61.354</speed><sat>14</sat></trkpt>
  <trkpt lat="-33.43641167" lon="-70.24075000"><ele>3305.500</ele><time>2026-09-13T15:09:24Z</time><speed>60.671</speed><sat>12</sat></trkpt>
  <trkpt lat="-33.43685167" lon="-70.24035500"><ele>3303.600</ele><time>2026-09-13T15:09:25Z</time><speed>61.017</speed><sat>12</sat></trkpt>
  <trkpt lat="-33.43727000" lon="-70.23994333"><ele>3310.200</ele><time>2026-09-13T15:09:26Z</time><speed>61.403</speed><sat>14</sat></trkpt>
  <trkpt lat="-33.43769500" lon="-70.23954833"><ele>3311.000</ele><time>2026-09-13T15:09:27Z</time><speed>59.128</speed><sat>14</sat></trkpt>
  <trkpt lat="-33.43812167" lon="-70.23916167"><ele>3312.100</ele><time>2026-09-13T15:09:28Z</time><speed>60.048</speed><sat>12</sat></trkpt>
  <trkpt lat="-33.43855833" lon="-70.23878167"><ele>3313.500</ele><time>2026-09-13T15:09:29Z</time><speed>60.008</speed><sat>13</sat></trkpt>
  <trkpt lat="-33.43899167" lon="-70.23839833"><ele>3314.500</ele><time>2026-09-13T15:09:30Z</time><speed>59.986</speed><sat>13</sat></trkpt>
  <trkpt lat="-33.43942667" lon="-70.23800833"><ele>3316.100</ele><time>2026-09-13T15:09:31Z</time><speed>60.565</speed><sat>14</sat></trkpt>
  <trkpt lat="-33.43987000" lon="-70.23762000"><ele>3315.800</ele><time>2026-09-13T15:09:32Z</time><speed>61.056</speed><sat>14</sat></trkpt>
  <trkpt lat="-33.44030500" lon="-70.23722167"><ele>3318.300</ele><time>2026-09-13T15:09:33Z</time><speed>61.205</speed><sat>12</sat></trkpt>
  <trkpt lat="-33.44073000" lon="-70.23683167"><ele>3321.700</ele><time>2026-09-13T15:09:34Z</time><speed>59.184</speed><sat>11</sat></trkpt>
  <trkpt lat="-33.44116500" lon="-70.23644333"><ele>3321.500</ele><time>2026-09-13T15:09:35Z</time><speed>60.985</speed><sat>11</sat></trkpt>
  <trkpt lat="-33.44154000" lon="-70.23602500"><ele>3339.300</ele><time>2026-09-13T15:09:36Z</time><speed>60.968</speed><sat>11</sat></trkpt>
  <trkpt lat="-33.44198000" lon="-70.23564000"><ele>3339.400</ele><time>2026-09-13T15:09:37Z</time><speed>60.543</speed><sat>11</sat></trkpt>
  <trkpt lat="-33.44241500" lon="-70.23524667"><ele>3338.700</ele><time>2026-09-13T15:09:38Z</time><speed>60.554</speed><sat>10</sat></trkpt>
  <trkpt lat="-33.44284500" lon="-70.23484333"><ele>3338.200</ele><time>2026-09-13T15:09:39Z</time><speed>60.945</speed><sat>10</sat></trkpt>
  <trkpt lat="-33.44327500" lon="-70.23444500"><ele>3339.300</ele><time>2026-09-13T15:09:40Z</time><speed>60.144</speed><sat>11</sat></trkpt>
  <trkpt lat="-33.44371000" lon="-70.23406333"><ele>3339.300</ele><time>2026-09-13T15:09:41Z</time><speed>58.997</speed><sat>11</sat></trkpt>
  <trkpt lat="-33.44414500" lon="-70.23368667"><ele>3342.800</ele><time>2026-09-13T15:09:42Z</time><speed>60.098</speed><sat>11</sat></trkpt>
  <trkpt lat="-33.44459000" lon="-70.23331333"><ele>3343.500</ele><time>2026-09-13T15:09:43Z</time><speed>59.940</speed><sat>11</sat></trkpt>
  <trkpt lat="-33.44503833" lon="-70.23294167"><ele>3344.800</ele><time>2026-09-13T15:09:44Z</time><speed>60.319</speed><sat>12</sat></trkpt>
  <trkpt lat="-33.44548667" lon="-70.23257000"><ele>3346.000</ele><time>2026-09-13T15:09:45Z</time><speed>60.169</speed><sat>10</sat></trkpt>
  <trkpt lat="-33.44593833" lon="-70.23220000"><ele>3345.400</ele><time>2026-09-13T15:09:46Z</time><speed>60.136</speed><sat>11</sat></trkpt>
  <trkpt lat="-33.44638500" lon="-70.23183500"><ele>3345.600</ele><time>2026-09-13T15:09:47Z</time><speed>59.524</speed><sat>11</sat></trkpt>
  <trkpt lat="-33.44683000" lon="-70.23148667"><ele>3344.400</ele><time>2026-09-13T15:09:48Z</time><speed>58.431</speed><sat>10</sat></trkpt>
  <trkpt lat="-33.44728667" lon="-70.23114333"><ele>3344.200</ele><time>2026-09-13T15:09:49Z</time><speed>60.255</speed><sat>10</sat></trkpt>
  <trkpt lat="-33.44778667" lon="-70.23080833"><ele>3330.800</ele><time>2026-09-13T15:09:50Z</time><speed>60.435</speed><sat>10</sat></trkpt>
  <trkpt lat="-33.44830333" lon="-70.23048167"><ele>3314.900</ele><time>2026-09-13T15:09:51Z</time><speed>60.837</speed><sat>10</sat></trkpt>
  <trkpt lat="-33.44878333" lon="-70.23013833"><ele>3306.300</ele><time>2026-09-13T15:09:52Z</time><speed>59.765</speed><sat>9</sat></trkpt>
  <trkpt lat="-33.44926500" lon="-70.22978667"><ele>3300.700</ele><time>2026-09-13T15:09:53Z</time><speed>62.914</speed><sat>9</sat></trkpt>
  <trkpt lat="-33.44975333" lon="-70.22944500"><ele>3299.300</ele><time>2026-09-13T15:09:54Z</time><speed>62.308</speed><sat>9</sat></trkpt>
  <trkpt lat="-33.45023167" lon="-70.22911167"><ele>3297.500</ele><time>2026-09-13T15:09:55Z</time><speed>62.581</speed><sat>8</sat></trkpt>
  <trkpt lat="-33.45071500" lon="-70.22877833"><ele>3294.600</ele><time>2026-09-13T15:09:56Z</time><speed>61.663</speed><sat>7</sat></trkpt>
  <trkpt lat="-33.45118500" lon="-70.22848000"><ele>3292.500</ele><time>2026-09-13T15:09:57Z</time><speed>59.417</speed><sat>7</sat></trkpt>
  <trkpt lat="-33.45168500" lon="-70.22817000"><ele>3289.900</ele><time>2026-09-13T15:09:58Z</time><speed>61.990</speed><sat>7</sat></trkpt>
  <trkpt lat="-33.45217500" lon="-70.22786000"><ele>3288.500</ele><time>2026-09-13T15:09:59Z</time><speed>61.752</speed><sat>8</sat></trkpt>
  <trkpt lat="-33.45273167" lon="-70.22757167"><ele>3274.600</ele><time>2026-09-13T15:10:00Z</time><speed>63.031</speed><sat>7</sat></trkpt>
  <trkpt lat="-33.45322500" lon="-70.22726833"><ele>3272.400</ele><time>2026-09-13T15:10:01Z</time><speed>61.397</speed><sat>10</sat></trkpt>
  <trkpt lat="-33.45367000" lon="-70.22693667"><ele>3286.200</ele><time>2026-09-13T15:10:02Z</time><speed>61.646</speed><sat>10</sat></trkpt>
  <trkpt lat="-33.45417833" lon="-70.22663500"><ele>3283.300</ele><time>2026-09-13T15:10:03Z</time><speed>61.330</speed><sat>11</sat></trkpt>
  <trkpt lat="-33.45471333" lon="-70.22636667"><ele>3280.000</ele><time>2026-09-13T15:10:04Z</time><speed>64.714</speed><sat>11</sat></trkpt>
  <trkpt lat="-33.45523167" lon="-70.22609167"><ele>3280.900</ele><time>2026-09-13T15:10:05Z</time><speed>63.316</speed><sat>11</sat></trkpt>
  <trkpt lat="-33.45576333" lon="-70.22583000"><ele>3276.800</ele><time>2026-09-13T15:10:06Z</time><speed>62.884</speed><sat>12</sat></trkpt>
  <trkpt lat="-33.45630333" lon="-70.22558000"><ele>3269.700</ele><time>2026-09-13T15:10:07Z</time><speed>63.471</speed><sat>13</sat></trkpt>
  <trkpt lat="-33.45686500" lon="-70.22533167"><ele>3261.900</ele><time>2026-09-13T15:10:08Z</time><speed>65.696</speed><sat>14</sat></trkpt>
  <trkpt lat="-33.45741333" lon="-70.22509167"><ele>3255.000</ele><time>2026-09-13T15:10:09Z</time><speed>64.751</speed><sat>13</sat></trkpt>
  <trkpt lat="-33.45795833" lon="-70.22485500"><ele>3251.900</ele><time>2026-09-13T15:10:10Z</time><speed>64.780</speed><sat>15</sat></trkpt>
  <trkpt lat="-33.45853000" lon="-70.22462833"><ele>3241.900</ele><time>2026-09-13T15:10:11Z</time><speed>66.205</speed><sat>15</sat></trkpt>
  <trkpt lat="-33.45904833" lon="-70.22438667"><ele>3250.500</ele><time>2026-09-13T15:10:12Z</time><speed>66.289</speed><sat>16</sat></trkpt>
  <trkpt lat="-33.45960167" lon="-70.22415500"><ele>3253.400</ele><time>2026-09-13T15:10:13Z</time><speed>65.422</speed><sat>17</sat></trkpt>
  <trkpt lat="-33.46016167" lon="-70.22393500"><ele>3252.000</ele><time>2026-09-13T15:10:14Z</time><speed>65.120</speed><sat>16</sat></trkpt>
  <trkpt lat="-33.46074333" lon="-70.22373000"><ele>3245.800</ele><time>2026-09-13T15:10:15Z</time><speed>65.089</speed><sat>17</sat></trkpt>
  <trkpt lat="-33.46132000" lon="-70.22355833"><ele>3239.900</ele><time>2026-09-13T15:10:16Z</time><speed>64.036</speed><sat>16</sat></trkpt>
  <trkpt lat="-33.46190667" lon="-70.22341833"><ele>3236.900</ele><time>2026-09-13T15:10:17Z</time><speed>67.061</speed><sat>14</sat></trkpt>
  <trkpt lat="-33.46250167" lon="-70.22326667"><ele>3237.300</ele><time>2026-09-13T15:10:18Z</time><speed>67.682</speed><sat>15</sat></trkpt>
  <trkpt lat="-33.46308333" lon="-70.22310000"><ele>3237.800</ele><time>2026-09-13T15:10:19Z</time><speed>66.136</speed><sat>15</sat></trkpt>
  <trkpt lat="-33.46366833" lon="-70.22295500"><ele>3236.800</ele><time>2026-09-13T15:10:20Z</time><speed>66.320</speed><sat>15</sat></trkpt>
  <trkpt lat="-33.46424500" lon="-70.22282833"><ele>3237.200</ele><time>2026-09-13T15:10:21Z</time><speed>64.758</speed><sat>14</sat></trkpt>
  <trkpt lat="-33.46481833" lon="-70.22271833"><ele>3237.100</ele><time>2026-09-13T15:10:22Z</time><speed>63.767</speed><sat>14</sat></trkpt>
  <trkpt lat="-33.46538500" lon="-70.22262667"><ele>3237.200</ele><time>2026-09-13T15:10:23Z</time><speed>63.954</speed><sat>15</sat></trkpt>
  <trkpt lat="-33.46595833" lon="-70.22254000"><ele>3236.900</ele><time>2026-09-13T15:10:24Z</time><speed>63.949</speed><sat>13</sat></trkpt>
  <trkpt lat="-33.46653500" lon="-70.22247500"><ele>3235.000</ele><time>2026-09-13T15:10:25Z</time><speed>64.556</speed><sat>12</sat></trkpt>
  <trkpt lat="-33.46713833" lon="-70.22241500"><ele>3229.000</ele><time>2026-09-13T15:10:26Z</time><speed>65.055</speed><sat>12</sat></trkpt>
  <trkpt lat="-33.46771000" lon="-70.22233667"><ele>3227.300</ele><time>2026-09-13T15:10:27Z</time><speed>62.879</speed><sat>12</sat></trkpt>
  <trkpt lat="-33.46821833" lon="-70.22225667"><ele>3235.000</ele><time>2026-09-13T15:10:28Z</time><speed>61.930</speed><sat>11</sat></trkpt>
  <trkpt lat="-33.46876167" lon="-70.22218667"><ele>3235.300</ele><time>2026-09-13T15:10:29Z</time><speed>62.796</speed><sat>12</sat></trkpt>
  <trkpt lat="-33.46932500" lon="-70.22212500"><ele>3236.100</ele><time>2026-09-13T15:10:30Z</time><speed>64.909</speed><sat>12</sat></trkpt>
  <trkpt lat="-33.46990833" lon="-70.22206333"><ele>3234.600</ele><time>2026-09-13T15:10:31Z</time><speed>64.339</speed><sat>11</sat></trkpt>
  <trkpt lat="-33.47049167" lon="-70.22199333"><ele>3233.300</ele><time>2026-09-13T15:10:32Z</time><speed>65.588</speed><sat>12</sat></trkpt>
  <trkpt lat="-33.47107000" lon="-70.22193000"><ele>3231.800</ele><time>2026-09-13T15:10:33Z</time><speed>64.697</speed><sat>11</sat></trkpt>
  <trkpt lat="-33.47166000" lon="-70.22186333"><ele>3230.500</ele><time>2026-09-13T15:10:34Z</time><speed>65.609</speed><sat>12</sat></trkpt>
  <trkpt lat="-33.47226667" lon="-70.22179833"><ele>3228.700</ele><time>2026-09-13T15:10:35Z</time><speed>66.832</speed><sat>12</sat></trkpt>
  <trkpt lat="-33.47285500" lon="-70.22174667"><ele>3225.200</ele><time>2026-09-13T15:10:36Z</time><speed>65.845</speed><sat>13</sat></trkpt>
  <trkpt lat="-33.47341333" lon="-70.22171667"><ele>3220.500</ele><time>2026-09-13T15:10:37Z</time><speed>64.735</speed><sat>14</sat></trkpt>
  <trkpt lat="-33.47394667" lon="-70.22168500"><ele>3217.300</ele><time>2026-09-13T15:10:38Z</time><speed>63.180</speed><sat>15</sat></trkpt>
  <trkpt lat="-33.47454167" lon="-70.22162500"><ele>3219.000</ele><time>2026-09-13T15:10:39Z</time><speed>63.036</speed><sat>15</sat></trkpt>
  <trkpt lat="-33.47512500" lon="-70.22159000"><ele>3215.500</ele><time>2026-09-13T15:10:40Z</time><speed>63.713</speed><sat>15</sat></trkpt>
  <trkpt lat="-33.47568833" lon="-70.22154667"><ele>3212.500</ele><time>2026-09-13T15:10:41Z</time><speed>63.748</speed><sat>15</sat></trkpt>
  <trkpt lat="-33.47625167" lon="-70.22149833"><ele>3210.000</ele><time>2026-09-13T15:10:42Z</time><speed>62.733</speed><sat>16</sat></trkpt>
  <trkpt lat="-33.47681833" lon="-70.22143667"><ele>3209.900</ele><time>2026-09-13T15:10:43Z</time><speed>63.165</speed><sat>16</sat></trkpt>
  <trkpt lat="-33.47740000" lon="-70.22138333"><ele>3207.000</ele><time>2026-09-13T15:10:44Z</time><speed>63.197</speed><sat>16</sat></trkpt>
  <trkpt lat="-33.47798500" lon="-70.22133833"><ele>3202.700</ele><time>2026-09-13T15:10:45Z</time><speed>64.387</speed><sat>17</sat></trkpt>
  <trkpt lat="-33.47857167" lon="-70.22130333"><ele>3196.800</ele><time>2026-09-13T15:10:46Z</time><speed>64.378</speed><sat>17</sat></trkpt>
  <trkpt lat="-33.47915500" lon="-70.22127000"><ele>3191.700</ele><time>2026-09-13T15:10:47Z</time><speed>64.762</speed><sat>17</sat></trkpt>
  <trkpt lat="-33.47973667" lon="-70.22124333"><ele>3186.200</ele><time>2026-09-13T15:10:48Z</time><speed>64.470</speed><sat>17</sat></trkpt>
  <trkpt lat="-33.48031833" lon="-70.22122333"><ele>3181.800</ele><time>2026-09-13T15:10:49Z</time><speed>64.597</speed><sat>18</sat></trkpt>
  <trkpt lat="-33.48095167" lon="-70.22123833"><ele>3169.600</ele><time>2026-09-13T15:10:50Z</time><speed>65.120</speed><sat>18</sat></trkpt>
  <trkpt lat="-33.48154833" lon="-70.22124667"><ele>3164.100</ele><time>2026-09-13T15:10:51Z</time><speed>64.976</speed><sat>18</sat></trkpt>
  <trkpt lat="-33.48214333" lon="-70.22127333"><ele>3159.300</ele><time>2026-09-13T15:10:52Z</time><speed>65.495</speed><sat>18</sat></trkpt>
  <trkpt lat="-33.48274167" lon="-70.22130833"><ele>3153.400</ele><time>2026-09-13T15:10:53Z</time><speed>64.926</speed><sat>17</sat></trkpt>
  <trkpt lat="-33.48332333" lon="-70.22134833"><ele>3150.900</ele><time>2026-09-13T15:10:54Z</time><speed>64.203</speed><sat>17</sat></trkpt>
  <trkpt lat="-33.48388833" lon="-70.22140167"><ele>3149.800</ele><time>2026-09-13T15:10:55Z</time><speed>62.802</speed><sat>17</sat></trkpt>
  <trkpt lat="-33.48445167" lon="-70.22146833"><ele>3148.200</ele><time>2026-09-13T15:10:56Z</time><speed>63.073</speed><sat>17</sat></trkpt>
  <trkpt lat="-33.48502000" lon="-70.22154833"><ele>3144.000</ele><time>2026-09-13T15:10:57Z</time><speed>63.081</speed><sat>18</sat></trkpt>
  <trkpt lat="-33.48558000" lon="-70.22163333"><ele>3141.800</ele><time>2026-09-13T15:10:58Z</time><speed>62.830</speed><sat>17</sat></trkpt>
  <trkpt lat="-33.48613833" lon="-70.22174000"><ele>3139.400</ele><time>2026-09-13T15:10:59Z</time><speed>63.246</speed><sat>17</sat></trkpt>
  <trkpt lat="-33.48668833" lon="-70.22186333"><ele>3137.100</ele><time>2026-09-13T15:11:00Z</time><speed>61.853</speed><sat>19</sat></trkpt>
  <trkpt lat="-33.48723167" lon="-70.22200500"><ele>3134.700</ele><time>2026-09-13T15:11:01Z</time><speed>61.886</speed><sat>18</sat></trkpt>
  <trkpt lat="-33.48777333" lon="-70.22215667"><ele>3131.300</ele><time>2026-09-13T15:11:02Z</time><speed>61.739</speed><sat>17</sat></trkpt>
  <trkpt lat="-33.48831667" lon="-70.22231333"><ele>3128.300</ele><time>2026-09-13T15:11:03Z</time><speed>62.255</speed><sat>17</sat></trkpt>
  <trkpt lat="-33.48885000" lon="-70.22245333"><ele>3126.300</ele><time>2026-09-13T15:11:04Z</time><speed>61.700</speed><sat>17</sat></trkpt>
  <trkpt lat="-33.48938000" lon="-70.22262667"><ele>3122.400</ele><time>2026-09-13T15:11:05Z</time><speed>60.924</speed><sat>17</sat></trkpt>
  <trkpt lat="-33.48990833" lon="-70.22282000"><ele>3117.600</ele><time>2026-09-13T15:11:06Z</time><speed>61.720</speed><sat>16</sat></trkpt>
  <trkpt lat="-33.49043333" lon="-70.22302000"><ele>3112.800</ele><time>2026-09-13T15:11:07Z</time><speed>60.486</speed><sat>15</sat></trkpt>
  <trkpt lat="-33.49095333" lon="-70.22322833"><ele>3107.300</ele><time>2026-09-13T15:11:08Z</time><speed>60.623</speed><sat>16</sat></trkpt>
  <trkpt lat="-33.49147667" lon="-70.22345000"><ele>3102.000</ele><time>2026-09-13T15:11:09Z</time><speed>62.526</speed><sat>16</sat></trkpt>
  <trkpt lat="-33.49199667" lon="-70.22367333"><ele>3097.300</ele><time>2026-09-13T15:11:10Z</time><speed>61.541</speed><sat>16</sat></trkpt>
  <trkpt lat="-33.49251167" lon="-70.22390333"><ele>3092.300</ele><time>2026-09-13T15:11:11Z</time><speed>60.967</speed><sat>16</sat></trkpt>
  <trkpt lat="-33.49302833" lon="-70.22413500"><ele>3088.800</ele><time>2026-09-13T15:11:12Z</time><speed>61.688</speed><sat>16</sat></trkpt>
  <trkpt lat="-33.49354667" lon="-70.22436667"><ele>3086.100</ele><time>2026-09-13T15:11:13Z</time><speed>61.713</speed><sat>16</sat></trkpt>
  <trkpt lat="-33.49406500" lon="-70.22460167"><ele>3083.100</ele><time>2026-09-13T15:11:14Z</time><speed>61.088</speed><sat>17</sat></trkpt>
  <trkpt lat="-33.49458167" lon="-70.22484667"><ele>3081.200</ele><time>2026-09-13T15:11:15Z</time><speed>62.427</speed><sat>17</sat></trkpt>
  <trkpt lat="-33.49512167" lon="-70.22507000"><ele>3077.800</ele><time>2026-09-13T15:11:16Z</time><speed>62.324</speed><sat>15</sat></trkpt>
  <trkpt lat="-33.49562500" lon="-70.22531333"><ele>3074.700</ele><time>2026-09-13T15:11:17Z</time><speed>59.910</speed><sat>15</sat></trkpt>
  <trkpt lat="-33.49611333" lon="-70.22557333"><ele>3070.400</ele><time>2026-09-13T15:11:18Z</time><speed>59.652</speed><sat>15</sat></trkpt>
  <trkpt lat="-33.49661667" lon="-70.22582000"><ele>3066.400</ele><time>2026-09-13T15:11:19Z</time><speed>60.300</speed><sat>12</sat></trkpt>
  <trkpt lat="-33.49710667" lon="-70.22610667"><ele>3063.000</ele><time>2026-09-13T15:11:20Z</time><speed>60.784</speed><sat>11</sat></trkpt>
  <trkpt lat="-33.49759333" lon="-70.22641333"><ele>3059.000</ele><time>2026-09-13T15:11:21Z</time><speed>60.940</speed><sat>10</sat></trkpt>
  <trkpt lat="-33.49808333" lon="-70.22671333"><ele>3055.800</ele><time>2026-09-13T15:11:22Z</time><speed>61.050</speed><sat>9</sat></trkpt>
  <trkpt lat="-33.49856500" lon="-70.22702500"><ele>3052.400</ele><time>2026-09-13T15:11:23Z</time><speed>60.823</speed><sat>9</sat></trkpt>
  <trkpt lat="-33.49904000" lon="-70.22733500"><ele>3048.300</ele><time>2026-09-13T15:11:24Z</time><speed>59.985</speed><sat>9</sat></trkpt>
  <trkpt lat="-33.49951333" lon="-70.22764833"><ele>3044.400</ele><time>2026-09-13T15:11:25Z</time><speed>60.006</speed><sat>9</sat></trkpt>
  <trkpt lat="-33.49997167" lon="-70.22798333"><ele>3040.400</ele><time>2026-09-13T15:11:26Z</time><speed>59.266</speed><sat>9</sat></trkpt>
  <trkpt lat="-33.50043500" lon="-70.22832167"><ele>3036.400</ele><time>2026-09-13T15:11:27Z</time><speed>60.303</speed><sat>9</sat></trkpt>
  <trkpt lat="-33.50089333" lon="-70.22867333"><ele>3031.900</ele><time>2026-09-13T15:11:28Z</time><speed>60.072</speed><sat>10</sat></trkpt>
  <trkpt lat="-33.50128833" lon="-70.22899667"><ele>3043.900</ele><time>2026-09-13T15:11:29Z</time><speed>57.988</speed><sat>12</sat></trkpt>
  <trkpt lat="-33.50170000" lon="-70.22934167"><ele>3052.100</ele><time>2026-09-13T15:11:30Z</time><speed>60.218</speed><sat>12</sat></trkpt>
  <trkpt lat="-33.50213167" lon="-70.22973167"><ele>3050.100</ele><time>2026-09-13T15:11:31Z</time><speed>58.875</speed><sat>12</sat></trkpt>
  <trkpt lat="-33.50252667" lon="-70.23011333"><ele>3054.100</ele><time>2026-09-13T15:11:32Z</time><speed>58.556</speed><sat>10</sat></trkpt>
  <trkpt lat="-33.50293167" lon="-70.23050167"><ele>3053.300</ele><time>2026-09-13T15:11:33Z</time><speed>57.336</speed><sat>10</sat></trkpt>
  <trkpt lat="-33.50334167" lon="-70.23090667"><ele>3052.100</ele><time>2026-09-13T15:11:34Z</time><speed>59.230</speed><sat>11</sat></trkpt>
  <trkpt lat="-33.50372333" lon="-70.23130000"><ele>3055.100</ele><time>2026-09-13T15:11:35Z</time><speed>56.710</speed><sat>11</sat></trkpt>
  <trkpt lat="-33.50410833" lon="-70.23170333"><ele>3054.200</ele><time>2026-09-13T15:11:36Z</time><speed>56.959</speed><sat>10</sat></trkpt>
  <trkpt lat="-33.50449333" lon="-70.23210333"><ele>3053.300</ele><time>2026-09-13T15:11:37Z</time><speed>56.478</speed><sat>10</sat></trkpt>
  <trkpt lat="-33.50487167" lon="-70.23251000"><ele>3053.100</ele><time>2026-09-13T15:11:38Z</time><speed>56.379</speed><sat>10</sat></trkpt>
  <trkpt lat="-33.50525833" lon="-70.23292333"><ele>3052.100</ele><time>2026-09-13T15:11:39Z</time><speed>58.040</speed><sat>12</sat></trkpt>
  <trkpt lat="-33.50564167" lon="-70.23334167"><ele>3051.500</ele><time>2026-09-13T15:11:40Z</time><speed>58.321</speed><sat>12</sat></trkpt>
  <trkpt lat="-33.50602500" lon="-70.23375000"><ele>3051.000</ele><time>2026-09-13T15:11:41Z</time><speed>57.264</speed><sat>13</sat></trkpt>
  <trkpt lat="-33.50636333" lon="-70.23413333"><ele>3062.600</ele><time>2026-09-13T15:11:42Z</time><speed>56.407</speed><sat>13</sat></trkpt>
  <trkpt lat="-33.50671833" lon="-70.23454333"><ele>3063.600</ele><time>2026-09-13T15:11:43Z</time><speed>55.526</speed><sat>11</sat></trkpt>
  <trkpt lat="-33.50706833" lon="-70.23496833"><ele>3062.400</ele><time>2026-09-13T15:11:44Z</time><speed>55.433</speed><sat>11</sat></trkpt>
  <trkpt lat="-33.50742167" lon="-70.23539333"><ele>3060.700</ele><time>2026-09-13T15:11:45Z</time><speed>55.571</speed><sat>14</sat></trkpt>
  <trkpt lat="-33.50777333" lon="-70.23582000"><ele>3059.200</ele><time>2026-09-13T15:11:46Z</time><speed>55.409</speed><sat>14</sat></trkpt>
  <trkpt lat="-33.50813000" lon="-70.23625167"><ele>3058.200</ele><time>2026-09-13T15:11:47Z</time><speed>56.440</speed><sat>14</sat></trkpt>
  <trkpt lat="-33.50848167" lon="-70.23669833"><ele>3057.900</ele><time>2026-09-13T15:11:48Z</time><speed>57.447</speed><sat>12</sat></trkpt>
  <trkpt lat="-33.50882167" lon="-70.23714667"><ele>3058.400</ele><time>2026-09-13T15:11:49Z</time><speed>56.369</speed><sat>12</sat></trkpt>
  <trkpt lat="-33.50911833" lon="-70.23757667"><ele>3069.200</ele><time>2026-09-13T15:11:50Z</time><speed>57.988</speed><sat>11</sat></trkpt>
  <trkpt lat="-33.50947667" lon="-70.23805000"><ele>3065.800</ele><time>2026-09-13T15:11:51Z</time><speed>56.848</speed><sat>11</sat></trkpt>
  <trkpt lat="-33.50982667" lon="-70.23853167"><ele>3060.300</ele><time>2026-09-13T15:11:52Z</time><speed>56.052</speed><sat>12</sat></trkpt>
  <trkpt lat="-33.51018000" lon="-70.23901500"><ele>3054.100</ele><time>2026-09-13T15:11:53Z</time><speed>56.518</speed><sat>11</sat></trkpt>
  <trkpt lat="-33.51053500" lon="-70.23948500"><ele>3049.800</ele><time>2026-09-13T15:11:54Z</time><speed>57.789</speed><sat>10</sat></trkpt>
  <trkpt lat="-33.51089167" lon="-70.23997333"><ele>3045.600</ele><time>2026-09-13T15:11:55Z</time><speed>58.918</speed><sat>11</sat></trkpt>
  <trkpt lat="-33.51125667" lon="-70.24047667"><ele>3039.500</ele><time>2026-09-13T15:11:56Z</time><speed>59.509</speed><sat>10</sat></trkpt>
  <trkpt lat="-33.51160000" lon="-70.24096500"><ele>3036.900</ele><time>2026-09-13T15:11:57Z</time><speed>58.929</speed><sat>11</sat></trkpt>
  <trkpt lat="-33.51193667" lon="-70.24145333"><ele>3032.000</ele><time>2026-09-13T15:11:58Z</time><speed>58.046</speed><sat>10</sat></trkpt>
  <trkpt lat="-33.51228667" lon="-70.24195833"><ele>3027.200</ele><time>2026-09-13T15:11:59Z</time><speed>60.779</speed><sat>9</sat></trkpt>
  <trkpt lat="-33.51263167" lon="-70.24246000"><ele>3023.700</ele><time>2026-09-13T15:12:00Z</time><speed>60.004</speed><sat>9</sat></trkpt>
  <trkpt lat="-33.51295333" lon="-70.24294167"><ele>3020.800</ele><time>2026-09-13T15:12:01Z</time><speed>58.389</speed><sat>8</sat></trkpt>
  <trkpt lat="-33.51329167" lon="-70.24343500"><ele>3018.100</ele><time>2026-09-13T15:12:02Z</time><speed>59.944</speed><sat>9</sat></trkpt>
  <trkpt lat="-33.51365000" lon="-70.24395167"><ele>3012.500</ele><time>2026-09-13T15:12:03Z</time><speed>61.488</speed><sat>9</sat></trkpt>
  <trkpt lat="-33.51399333" lon="-70.24446833"><ele>3009.100</ele><time>2026-09-13T15:12:04Z</time><speed>61.159</speed><sat>9</sat></trkpt>
  <trkpt lat="-33.51434833" lon="-70.24497167"><ele>3007.100</ele><time>2026-09-13T15:12:05Z</time><speed>61.074</speed><sat>9</sat></trkpt>
  <trkpt lat="-33.51471000" lon="-70.24548000"><ele>3005.200</ele><time>2026-09-13T15:12:06Z</time><speed>62.445</speed><sat>9</sat></trkpt>
  <trkpt lat="-33.51506333" lon="-70.24600667"><ele>3001.600</ele><time>2026-09-13T15:12:07Z</time><speed>61.395</speed><sat>9</sat></trkpt>
  <trkpt lat="-33.51540833" lon="-70.24653000"><ele>2999.200</ele><time>2026-09-13T15:12:08Z</time><speed>61.687</speed><sat>9</sat></trkpt>
  <trkpt lat="-33.51576167" lon="-70.24707000"><ele>2995.800</ele><time>2026-09-13T15:12:09Z</time><speed>62.828</speed><sat>9</sat></trkpt>
  <trkpt lat="-33.51610167" lon="-70.24759500"><ele>2993.800</ele><time>2026-09-13T15:12:10Z</time><speed>61.258</speed><sat>9</sat></trkpt>
  <trkpt lat="-33.51644167" lon="-70.24811833"><ele>2992.100</ele><time>2026-09-13T15:12:11Z</time><speed>62.081</speed><sat>9</sat></trkpt>
  <trkpt lat="-33.51677000" lon="-70.24863500"><ele>2995.200</ele><time>2026-09-13T15:12:12Z</time><speed>62.168</speed><sat>9</sat></trkpt>
  <trkpt lat="-33.51711000" lon="-70.24917000"><ele>2995.800</ele><time>2026-09-13T15:12:13Z</time><speed>64.142</speed><sat>9</sat></trkpt>
  <trkpt lat="-33.51746333" lon="-70.24971833"><ele>2996.000</ele><time>2026-09-13T15:12:14Z</time><speed>65.255</speed><sat>10</sat></trkpt>
  <trkpt lat="-33.51782167" lon="-70.25026667"><ele>2994.500</ele><time>2026-09-13T15:12:15Z</time><speed>64.911</speed><sat>10</sat></trkpt>
  <trkpt lat="-33.51815500" lon="-70.25077333"><ele>2994.900</ele><time>2026-09-13T15:12:16Z</time><speed>60.610</speed><sat>8</sat></trkpt>
  <trkpt lat="-33.51852667" lon="-70.25130500"><ele>2986.900</ele><time>2026-09-13T15:12:17Z</time><speed>61.079</speed><sat>9</sat></trkpt>
  <trkpt lat="-33.51887833" lon="-70.25182167"><ele>2980.300</ele><time>2026-09-13T15:12:18Z</time><speed>60.216</speed><sat>10</sat></trkpt>
  <trkpt lat="-33.51926167" lon="-70.25235667"><ele>2968.200</ele><time>2026-09-13T15:12:19Z</time><speed>61.477</speed><sat>12</sat></trkpt>
  <trkpt lat="-33.51965500" lon="-70.25290167"><ele>2952.100</ele><time>2026-09-13T15:12:20Z</time><speed>62.604</speed><sat>12</sat></trkpt>
  <trkpt lat="-33.52000000" lon="-70.25341833"><ele>2947.700</ele><time>2026-09-13T15:12:21Z</time><speed>61.127</speed><sat>12</sat></trkpt>
  <trkpt lat="-33.52033833" lon="-70.25394167"><ele>2942.900</ele><time>2026-09-13T15:12:22Z</time><speed>61.665</speed><sat>12</sat></trkpt>
  <trkpt lat="-33.52066167" lon="-70.25447333"><ele>2938.500</ele><time>2026-09-13T15:12:23Z</time><speed>61.061</speed><sat>12</sat></trkpt>
  <trkpt lat="-33.52098333" lon="-70.25500333"><ele>2934.500</ele><time>2026-09-13T15:12:24Z</time><speed>61.041</speed><sat>12</sat></trkpt>
  <trkpt lat="-33.52131167" lon="-70.25554000"><ele>2930.900</ele><time>2026-09-13T15:12:25Z</time><speed>62.612</speed><sat>12</sat></trkpt>
  <trkpt lat="-33.52164167" lon="-70.25606833"><ele>2926.700</ele><time>2026-09-13T15:12:26Z</time><speed>60.698</speed><sat>12</sat></trkpt>
  <trkpt lat="-33.52197333" lon="-70.25659333"><ele>2923.700</ele><time>2026-09-13T15:12:27Z</time><speed>62.180</speed><sat>11</sat></trkpt>
  <trkpt lat="-33.52233333" lon="-70.25711500"><ele>2918.700</ele><time>2026-09-13T15:12:28Z</time><speed>62.457</speed><sat>9</sat></trkpt>
  <trkpt lat="-33.52269167" lon="-70.25764167"><ele>2917.000</ele><time>2026-09-13T15:12:29Z</time><speed>64.939</speed><sat>10</sat></trkpt>
  <trkpt lat="-33.52299667" lon="-70.25819167"><ele>2902.800</ele><time>2026-09-13T15:12:30Z</time><speed>61.196</speed><sat>10</sat></trkpt>
  <trkpt lat="-33.52330333" lon="-70.25873000"><ele>2898.100</ele><time>2026-09-13T15:12:31Z</time><speed>61.107</speed><sat>10</sat></trkpt>
  <trkpt lat="-33.52361667" lon="-70.25927000"><ele>2893.200</ele><time>2026-09-13T15:12:32Z</time><speed>62.294</speed><sat>10</sat></trkpt>
  <trkpt lat="-33.52394000" lon="-70.25981167"><ele>2889.300</ele><time>2026-09-13T15:12:33Z</time><speed>62.149</speed><sat>9</sat></trkpt>
  <trkpt lat="-33.52425167" lon="-70.26036000"><ele>2887.500</ele><time>2026-09-13T15:12:34Z</time><speed>61.965</speed><sat>8</sat></trkpt>
  <trkpt lat="-33.52457333" lon="-70.26090167"><ele>2883.500</ele><time>2026-09-13T15:12:35Z</time><speed>61.809</speed><sat>8</sat></trkpt>
  <trkpt lat="-33.52488500" lon="-70.26144167"><ele>2881.700</ele><time>2026-09-13T15:12:36Z</time><speed>61.820</speed><sat>9</sat></trkpt>
  <trkpt lat="-33.52519833" lon="-70.26198667"><ele>2880.100</ele><time>2026-09-13T15:12:37Z</time><speed>62.160</speed><sat>11</sat></trkpt>
  <trkpt lat="-33.52544333" lon="-70.26251333"><ele>2889.900</ele><time>2026-09-13T15:12:38Z</time><speed>62.418</speed><sat>11</sat></trkpt>
  <trkpt lat="-33.52578167" lon="-70.26307667"><ele>2888.300</ele><time>2026-09-13T15:12:39Z</time><speed>65.320</speed><sat>11</sat></trkpt>
  <trkpt lat="-33.52612000" lon="-70.26363833"><ele>2887.200</ele><time>2026-09-13T15:12:40Z</time><speed>63.827</speed><sat>11</sat></trkpt>
  <trkpt lat="-33.52644333" lon="-70.26418500"><ele>2877.300</ele><time>2026-09-13T15:12:41Z</time><speed>63.249</speed><sat>10</sat></trkpt>
  <trkpt lat="-33.52674667" lon="-70.26473000"><ele>2869.500</ele><time>2026-09-13T15:12:42Z</time><speed>62.270</speed><sat>10</sat></trkpt>
  <trkpt lat="-33.52704667" lon="-70.26526000"><ele>2868.000</ele><time>2026-09-13T15:12:43Z</time><speed>60.091</speed><sat>11</sat></trkpt>
  <trkpt lat="-33.52734500" lon="-70.26579833"><ele>2864.100</ele><time>2026-09-13T15:12:44Z</time><speed>59.953</speed><sat>10</sat></trkpt>
  <trkpt lat="-33.52761667" lon="-70.26633667"><ele>2868.600</ele><time>2026-09-13T15:12:45Z</time><speed>59.987</speed><sat>10</sat></trkpt>
  <trkpt lat="-33.52790167" lon="-70.26686333"><ele>2869.300</ele><time>2026-09-13T15:12:46Z</time><speed>59.433</speed><sat>11</sat></trkpt>
  <trkpt lat="-33.52820000" lon="-70.26738167"><ele>2865.800</ele><time>2026-09-13T15:12:47Z</time><speed>59.316</speed><sat>11</sat></trkpt>
  <trkpt lat="-33.52850000" lon="-70.26791000"><ele>2867.300</ele><time>2026-09-13T15:12:48Z</time><speed>59.419</speed><sat>11</sat></trkpt>
  <trkpt lat="-33.52882333" lon="-70.26844333"><ele>2864.500</ele><time>2026-09-13T15:12:49Z</time><speed>61.370</speed><sat>9</sat></trkpt>
  <trkpt lat="-33.52914667" lon="-70.26897667"><ele>2861.100</ele><time>2026-09-13T15:12:50Z</time><speed>61.178</speed><sat>9</sat></trkpt>
  <trkpt lat="-33.52945667" lon="-70.26950833"><ele>2858.000</ele><time>2026-09-13T15:12:51Z</time><speed>60.503</speed><sat>8</sat></trkpt>
  <trkpt lat="-33.52978000" lon="-70.27004667"><ele>2854.600</ele><time>2026-09-13T15:12:52Z</time><speed>61.921</speed><sat>8</sat></trkpt>
  <trkpt lat="-33.53010333" lon="-70.27057333"><ele>2851.200</ele><time>2026-09-13T15:12:53Z</time><speed>60.441</speed><sat>7</sat></trkpt>
  <trkpt lat="-33.53042667" lon="-70.27110333"><ele>2847.600</ele><time>2026-09-13T15:12:54Z</time><speed>61.440</speed><sat>8</sat></trkpt>
  <trkpt lat="-33.53075000" lon="-70.27163667"><ele>2843.900</ele><time>2026-09-13T15:12:55Z</time><speed>61.442</speed><sat>8</sat></trkpt>
  <trkpt lat="-33.53105333" lon="-70.27216500"><ele>2842.700</ele><time>2026-09-13T15:12:56Z</time><speed>60.443</speed><sat>8</sat></trkpt>
  <trkpt lat="-33.53137167" lon="-70.27270667"><ele>2833.300</ele><time>2026-09-13T15:12:57Z</time><speed>61.031</speed><sat>8</sat></trkpt>
  <trkpt lat="-33.53168667" lon="-70.27325333"><ele>2825.800</ele><time>2026-09-13T15:12:58Z</time><speed>62.046</speed><sat>8</sat></trkpt>
  <trkpt lat="-33.53199333" lon="-70.27379333"><ele>2822.200</ele><time>2026-09-13T15:12:59Z</time><speed>60.420</speed><sat>8</sat></trkpt>
  <trkpt lat="-33.53231333" lon="-70.27432500"><ele>2820.800</ele><time>2026-09-13T15:13:00Z</time><speed>62.503</speed><sat>9</sat></trkpt>
  <trkpt lat="-33.53264000" lon="-70.27487667"><ele>2820.100</ele><time>2026-09-13T15:13:01Z</time><speed>63.645</speed><sat>9</sat></trkpt>
  <trkpt lat="-33.53297333" lon="-70.27543333"><ele>2813.200</ele><time>2026-09-13T15:13:02Z</time><speed>63.329</speed><sat>10</sat></trkpt>
  <trkpt lat="-33.53329167" lon="-70.27598500"><ele>2811.200</ele><time>2026-09-13T15:13:03Z</time><speed>62.679</speed><sat>10</sat></trkpt>
  <trkpt lat="-33.53360500" lon="-70.27653167"><ele>2806.700</ele><time>2026-09-13T15:13:04Z</time><speed>60.940</speed><sat>8</sat></trkpt>
  <trkpt lat="-33.53392500" lon="-70.27708500"><ele>2801.000</ele><time>2026-09-13T15:13:05Z</time><speed>62.679</speed><sat>8</sat></trkpt>
  <trkpt lat="-33.53425333" lon="-70.27763167"><ele>2795.600</ele><time>2026-09-13T15:13:06Z</time><speed>62.173</speed><sat>8</sat></trkpt>
  <trkpt lat="-33.53458500" lon="-70.27817167"><ele>2791.700</ele><time>2026-09-13T15:13:07Z</time><speed>61.943</speed><sat>8</sat></trkpt>
  <trkpt lat="-33.53489500" lon="-70.27869500"><ele>2788.800</ele><time>2026-09-13T15:13:08Z</time><speed>59.254</speed><sat>8</sat></trkpt>
  <trkpt lat="-33.53521667" lon="-70.27923667"><ele>2786.600</ele><time>2026-09-13T15:13:09Z</time><speed>62.556</speed><sat>8</sat></trkpt>
  <trkpt lat="-33.53553500" lon="-70.27977333"><ele>2785.100</ele><time>2026-09-13T15:13:10Z</time><speed>60.698</speed><sat>8</sat></trkpt>
  <trkpt lat="-33.53584667" lon="-70.28030000"><ele>2783.700</ele><time>2026-09-13T15:13:11Z</time><speed>60.069</speed><sat>9</sat></trkpt>
  <trkpt lat="-33.53616167" lon="-70.28082500"><ele>2790.000</ele><time>2026-09-13T15:13:12Z</time><speed>61.280</speed><sat>9</sat></trkpt>
  <trkpt lat="-33.53648833" lon="-70.28136333"><ele>2790.800</ele><time>2026-09-13T15:13:13Z</time><speed>61.982</speed><sat>9</sat></trkpt>
  <trkpt lat="-33.53681500" lon="-70.28190833"><ele>2785.700</ele><time>2026-09-13T15:13:14Z</time><speed>60.827</speed><sat>9</sat></trkpt>
  <trkpt lat="-33.53713667" lon="-70.28245333"><ele>2782.200</ele><time>2026-09-13T15:13:15Z</time><speed>61.612</speed><sat>9</sat></trkpt>
  <trkpt lat="-33.53745333" lon="-70.28300333"><ele>2778.400</ele><time>2026-09-13T15:13:16Z</time><speed>61.906</speed><sat>9</sat></trkpt>
  <trkpt lat="-33.53776167" lon="-70.28354000"><ele>2773.000</ele><time>2026-09-13T15:13:17Z</time><speed>60.215</speed><sat>10</sat></trkpt>
  <trkpt lat="-33.53808167" lon="-70.28407667"><ele>2770.400</ele><time>2026-09-13T15:13:18Z</time><speed>61.266</speed><sat>11</sat></trkpt>
  <trkpt lat="-33.53842333" lon="-70.28462833"><ele>2760.800</ele><time>2026-09-13T15:13:19Z</time><speed>61.984</speed><sat>11</sat></trkpt>
  <trkpt lat="-33.53878000" lon="-70.28517667"><ele>2749.500</ele><time>2026-09-13T15:13:20Z</time><speed>61.471</speed><sat>10</sat></trkpt>
  <trkpt lat="-33.53911333" lon="-70.28571667"><ele>2744.000</ele><time>2026-09-13T15:13:21Z</time><speed>62.149</speed><sat>10</sat></trkpt>
  <trkpt lat="-33.53943000" lon="-70.28626333"><ele>2740.500</ele><time>2026-09-13T15:13:22Z</time><speed>61.855</speed><sat>10</sat></trkpt>
  <trkpt lat="-33.53973833" lon="-70.28680000"><ele>2738.100</ele><time>2026-09-13T15:13:23Z</time><speed>60.749</speed><sat>10</sat></trkpt>
  <trkpt lat="-33.54005167" lon="-70.28733667"><ele>2734.900</ele><time>2026-09-13T15:13:24Z</time><speed>61.347</speed><sat>10</sat></trkpt>
  <trkpt lat="-33.54037167" lon="-70.28787833"><ele>2731.600</ele><time>2026-09-13T15:13:25Z</time><speed>61.578</speed><sat>10</sat></trkpt>
  <trkpt lat="-33.54068667" lon="-70.28842167"><ele>2730.100</ele><time>2026-09-13T15:13:26Z</time><speed>61.609</speed><sat>10</sat></trkpt>
  <trkpt lat="-33.54098500" lon="-70.28897000"><ele>2727.600</ele><time>2026-09-13T15:13:27Z</time><speed>61.080</speed><sat>10</sat></trkpt>
  <trkpt lat="-33.54127500" lon="-70.28951000"><ele>2720.800</ele><time>2026-09-13T15:13:28Z</time><speed>60.430</speed><sat>11</sat></trkpt>
  <trkpt lat="-33.54159167" lon="-70.29005667"><ele>2710.400</ele><time>2026-09-13T15:13:29Z</time><speed>62.055</speed><sat>11</sat></trkpt>
  <trkpt lat="-33.54190833" lon="-70.29061167"><ele>2702.800</ele><time>2026-09-13T15:13:30Z</time><speed>62.776</speed><sat>11</sat></trkpt>
  <trkpt lat="-33.54222667" lon="-70.29117333"><ele>2696.000</ele><time>2026-09-13T15:13:31Z</time><speed>63.222</speed><sat>10</sat></trkpt>
  <trkpt lat="-33.54254833" lon="-70.29174167"><ele>2691.400</ele><time>2026-09-13T15:13:32Z</time><speed>63.605</speed><sat>10</sat></trkpt>
  <trkpt lat="-33.54287500" lon="-70.29231667"><ele>2685.800</ele><time>2026-09-13T15:13:33Z</time><speed>65.010</speed><sat>12</sat></trkpt>
  <trkpt lat="-33.54319833" lon="-70.29288167"><ele>2681.500</ele><time>2026-09-13T15:13:34Z</time><speed>63.538</speed><sat>12</sat></trkpt>
  <trkpt lat="-33.54352833" lon="-70.29345167"><ele>2676.500</ele><time>2026-09-13T15:13:35Z</time><speed>64.584</speed><sat>12</sat></trkpt>
  <trkpt lat="-33.54384333" lon="-70.29403833"><ele>2678.100</ele><time>2026-09-13T15:13:36Z</time><speed>63.624</speed><sat>12</sat></trkpt>
  <trkpt lat="-33.54415500" lon="-70.29461667"><ele>2677.600</ele><time>2026-09-13T15:13:37Z</time><speed>62.912</speed><sat>12</sat></trkpt>
  <trkpt lat="-33.54447000" lon="-70.29519500"><ele>2679.100</ele><time>2026-09-13T15:13:38Z</time><speed>63.866</speed><sat>12</sat></trkpt>
  <trkpt lat="-33.54479667" lon="-70.29576833"><ele>2675.200</ele><time>2026-09-13T15:13:39Z</time><speed>64.625</speed><sat>11</sat></trkpt>
  <trkpt lat="-33.54511333" lon="-70.29633667"><ele>2672.000</ele><time>2026-09-13T15:13:40Z</time><speed>63.433</speed><sat>11</sat></trkpt>
  <trkpt lat="-33.54542333" lon="-70.29689667"><ele>2664.300</ele><time>2026-09-13T15:13:41Z</time><speed>62.790</speed><sat>10</sat></trkpt>
  <trkpt lat="-33.54574333" lon="-70.29747500"><ele>2660.100</ele><time>2026-09-13T15:13:42Z</time><speed>65.514</speed><sat>10</sat></trkpt>
  <trkpt lat="-33.54605167" lon="-70.29805167"><ele>2656.100</ele><time>2026-09-13T15:13:43Z</time><speed>63.163</speed><sat>10</sat></trkpt>
  <trkpt lat="-33.54636333" lon="-70.29862167"><ele>2651.500</ele><time>2026-09-13T15:13:44Z</time><speed>63.444</speed><sat>10</sat></trkpt>
  <trkpt lat="-33.54668000" lon="-70.29920500"><ele>2648.700</ele><time>2026-09-13T15:13:45Z</time><speed>64.897</speed><sat>11</sat></trkpt>
  <trkpt lat="-33.54700500" lon="-70.29979500"><ele>2644.700</ele><time>2026-09-13T15:13:46Z</time><speed>63.484</speed><sat>10</sat></trkpt>
  <trkpt lat="-33.54733667" lon="-70.30038667"><ele>2640.900</ele><time>2026-09-13T15:13:47Z</time><speed>64.721</speed><sat>10</sat></trkpt>
  <trkpt lat="-33.54766833" lon="-70.30099333"><ele>2634.000</ele><time>2026-09-13T15:13:48Z</time><speed>67.771</speed><sat>10</sat></trkpt>
  <trkpt lat="-33.54800167" lon="-70.30160333"><ele>2628.400</ele><time>2026-09-13T15:13:49Z</time><speed>66.248</speed><sat>10</sat></trkpt>
  <trkpt lat="-33.54832667" lon="-70.30219833"><ele>2619.500</ele><time>2026-09-13T15:13:50Z</time><speed>64.552</speed><sat>10</sat></trkpt>
  <trkpt lat="-33.54861833" lon="-70.30278500"><ele>2616.400</ele><time>2026-09-13T15:13:51Z</time><speed>61.080</speed><sat>10</sat></trkpt>
  <trkpt lat="-33.54891000" lon="-70.30337500"><ele>2615.100</ele><time>2026-09-13T15:13:52Z</time><speed>64.789</speed><sat>10</sat></trkpt>
  <trkpt lat="-33.54920500" lon="-70.30395667"><ele>2611.700</ele><time>2026-09-13T15:13:53Z</time><speed>62.874</speed><sat>10</sat></trkpt>
  <trkpt lat="-33.54949333" lon="-70.30454167"><ele>2609.300</ele><time>2026-09-13T15:13:54Z</time><speed>62.414</speed><sat>10</sat></trkpt>
  <trkpt lat="-33.54977500" lon="-70.30512667"><ele>2605.100</ele><time>2026-09-13T15:13:55Z</time><speed>62.423</speed><sat>10</sat></trkpt>
  <trkpt lat="-33.55004333" lon="-70.30570833"><ele>2607.200</ele><time>2026-09-13T15:13:56Z</time><speed>61.367</speed><sat>11</sat></trkpt>
  <trkpt lat="-33.55034667" lon="-70.30628667"><ele>2605.500</ele><time>2026-09-13T15:13:57Z</time><speed>61.803</speed><sat>11</sat></trkpt>
  <trkpt lat="-33.55064500" lon="-70.30685667"><ele>2604.600</ele><time>2026-09-13T15:13:58Z</time><speed>61.423</speed><sat>11</sat></trkpt>
  <trkpt lat="-33.55093333" lon="-70.30743500"><ele>2605.700</ele><time>2026-09-13T15:13:59Z</time><speed>61.851</speed><sat>11</sat></trkpt>
  <trkpt lat="-33.55122667" lon="-70.30802833"><ele>2606.900</ele><time>2026-09-13T15:14:00Z</time><speed>64.643</speed><sat>11</sat></trkpt>
  <trkpt lat="-33.55151667" lon="-70.30860333"><ele>2604.700</ele><time>2026-09-13T15:14:01Z</time><speed>62.811</speed><sat>12</sat></trkpt>
  <trkpt lat="-33.55181667" lon="-70.30918833"><ele>2601.700</ele><time>2026-09-13T15:14:02Z</time><speed>64.182</speed><sat>11</sat></trkpt>
  <trkpt lat="-33.55211000" lon="-70.30976333"><ele>2597.500</ele><time>2026-09-13T15:14:03Z</time><speed>63.504</speed><sat>11</sat></trkpt>
  <trkpt lat="-33.55241000" lon="-70.31034667"><ele>2595.100</ele><time>2026-09-13T15:14:04Z</time><speed>64.602</speed><sat>11</sat></trkpt>
  <trkpt lat="-33.55271667" lon="-70.31094500"><ele>2593.000</ele><time>2026-09-13T15:14:05Z</time><speed>65.766</speed><sat>11</sat></trkpt>
  <trkpt lat="-33.55302833" lon="-70.31154833"><ele>2589.700</ele><time>2026-09-13T15:14:06Z</time><speed>66.049</speed><sat>11</sat></trkpt>
  <trkpt lat="-33.55332500" lon="-70.31214833"><ele>2587.000</ele><time>2026-09-13T15:14:07Z</time><speed>65.920</speed><sat>11</sat></trkpt>
  <trkpt lat="-33.55362333" lon="-70.31276167"><ele>2582.900</ele><time>2026-09-13T15:14:08Z</time><speed>66.868</speed><sat>11</sat></trkpt>
  <trkpt lat="-33.55391667" lon="-70.31337333"><ele>2582.200</ele><time>2026-09-13T15:14:09Z</time><speed>66.747</speed><sat>11</sat></trkpt>
  <trkpt lat="-33.55421833" lon="-70.31398500"><ele>2580.000</ele><time>2026-09-13T15:14:10Z</time><speed>66.197</speed><sat>11</sat></trkpt>
  <trkpt lat="-33.55451667" lon="-70.31460167"><ele>2578.600</ele><time>2026-09-13T15:14:11Z</time><speed>66.235</speed><sat>11</sat></trkpt>
  <trkpt lat="-33.55479833" lon="-70.31521333"><ele>2578.700</ele><time>2026-09-13T15:14:12Z</time><speed>66.989</speed><sat>11</sat></trkpt>
  <trkpt lat="-33.55508167" lon="-70.31583833"><ele>2580.900</ele><time>2026-09-13T15:14:13Z</time><speed>66.321</speed><sat>10</sat></trkpt>
  <trkpt lat="-33.55536333" lon="-70.31646167"><ele>2583.400</ele><time>2026-09-13T15:14:14Z</time><speed>67.367</speed><sat>11</sat></trkpt>
  <trkpt lat="-33.55565333" lon="-70.31708833"><ele>2584.400</ele><time>2026-09-13T15:14:15Z</time><speed>66.910</speed><sat>11</sat></trkpt>
  <trkpt lat="-33.55593333" lon="-70.31771333"><ele>2585.000</ele><time>2026-09-13T15:14:16Z</time><speed>67.027</speed><sat>11</sat></trkpt>
  <trkpt lat="-33.55622667" lon="-70.31834333"><ele>2583.200</ele><time>2026-09-13T15:14:17Z</time><speed>66.837</speed><sat>10</sat></trkpt>
  <trkpt lat="-33.55651500" lon="-70.31895833"><ele>2581.000</ele><time>2026-09-13T15:14:18Z</time><speed>65.332</speed><sat>10</sat></trkpt>
  <trkpt lat="-33.55679667" lon="-70.31956000"><ele>2575.600</ele><time>2026-09-13T15:14:19Z</time><speed>64.988</speed><sat>11</sat></trkpt>
  <trkpt lat="-33.55709000" lon="-70.32017333"><ele>2573.000</ele><time>2026-09-13T15:14:20Z</time><speed>67.112</speed><sat>11</sat></trkpt>
  <trkpt lat="-33.55738500" lon="-70.32077667"><ele>2567.600</ele><time>2026-09-13T15:14:21Z</time><speed>65.559</speed><sat>11</sat></trkpt>
  <trkpt lat="-33.55769667" lon="-70.32137833"><ele>2564.700</ele><time>2026-09-13T15:14:22Z</time><speed>65.101</speed><sat>10</sat></trkpt>
  <trkpt lat="-33.55804333" lon="-70.32199500"><ele>2559.400</ele><time>2026-09-13T15:14:23Z</time><speed>68.489</speed><sat>10</sat></trkpt>
  <trkpt lat="-33.55837167" lon="-70.32260667"><ele>2554.500</ele><time>2026-09-13T15:14:24Z</time><speed>66.474</speed><sat>9</sat></trkpt>
  <trkpt lat="-33.55867667" lon="-70.32320333"><ele>2549.800</ele><time>2026-09-13T15:14:25Z</time><speed>64.461</speed><sat>9</sat></trkpt>
  <trkpt lat="-33.55899500" lon="-70.32382000"><ele>2545.800</ele><time>2026-09-13T15:14:26Z</time><speed>67.095</speed><sat>10</sat></trkpt>
  <trkpt lat="-33.55928833" lon="-70.32443167"><ele>2543.500</ele><time>2026-09-13T15:14:27Z</time><speed>66.594</speed><sat>11</sat></trkpt>
  <trkpt lat="-33.55955333" lon="-70.32501167"><ele>2540.200</ele><time>2026-09-13T15:14:28Z</time><speed>64.317</speed><sat>10</sat></trkpt>
  <trkpt lat="-33.55982000" lon="-70.32558667"><ele>2537.600</ele><time>2026-09-13T15:14:29Z</time><speed>63.000</speed><sat>9</sat></trkpt>
  <trkpt lat="-33.56011833" lon="-70.32618167"><ele>2533.500</ele><time>2026-09-13T15:14:30Z</time><speed>64.723</speed><sat>9</sat></trkpt>
  <trkpt lat="-33.56038333" lon="-70.32676500"><ele>2530.700</ele><time>2026-09-13T15:14:31Z</time><speed>64.056</speed><sat>9</sat></trkpt>
  <trkpt lat="-33.56065833" lon="-70.32736833"><ele>2526.800</ele><time>2026-09-13T15:14:32Z</time><speed>65.195</speed><sat>9</sat></trkpt>
  <trkpt lat="-33.56095000" lon="-70.32799500"><ele>2522.100</ele><time>2026-09-13T15:14:33Z</time><speed>65.478</speed><sat>10</sat></trkpt>
  <trkpt lat="-33.56124000" lon="-70.32864000"><ele>2509.100</ele><time>2026-09-13T15:14:34Z</time><speed>65.837</speed><sat>9</sat></trkpt>
  <trkpt lat="-33.56147000" lon="-70.32926167"><ele>2502.900</ele><time>2026-09-13T15:14:35Z</time><speed>65.138</speed><sat>11</sat></trkpt>
  <trkpt lat="-33.56174000" lon="-70.32989667"><ele>2497.900</ele><time>2026-09-13T15:14:36Z</time><speed>64.793</speed><sat>10</sat></trkpt>
  <trkpt lat="-33.56207167" lon="-70.33052167"><ele>2487.200</ele><time>2026-09-13T15:14:37Z</time><speed>66.602</speed><sat>9</sat></trkpt>
  <trkpt lat="-33.56237833" lon="-70.33116167"><ele>2478.700</ele><time>2026-09-13T15:14:38Z</time><speed>67.125</speed><sat>8</sat></trkpt>
  <trkpt lat="-33.56266333" lon="-70.33179167"><ele>2473.400</ele><time>2026-09-13T15:14:39Z</time><speed>65.172</speed><sat>7</sat></trkpt>
  <trkpt lat="-33.56294833" lon="-70.33242833"><ele>2467.700</ele><time>2026-09-13T15:14:40Z</time><speed>67.420</speed><sat>7</sat></trkpt>
  <trkpt lat="-33.56323333" lon="-70.33305667"><ele>2462.900</ele><time>2026-09-13T15:14:41Z</time><speed>65.291</speed><sat>7</sat></trkpt>
  <trkpt lat="-33.56353833" lon="-70.33367833"><ele>2459.300</ele><time>2026-09-13T15:14:42Z</time><speed>67.074</speed><sat>6</sat></trkpt>
  <trkpt lat="-33.56383167" lon="-70.33430833"><ele>2456.500</ele><time>2026-09-13T15:14:43Z</time><speed>67.280</speed><sat>6</sat></trkpt>
  <trkpt lat="-33.56412833" lon="-70.33493167"><ele>2450.300</ele><time>2026-09-13T15:14:44Z</time><speed>66.567</speed><sat>7</sat></trkpt>
  <trkpt lat="-33.56442333" lon="-70.33555500"><ele>2445.400</ele><time>2026-09-13T15:14:45Z</time><speed>66.759</speed><sat>7</sat></trkpt>
  <trkpt lat="-33.56472167" lon="-70.33617167"><ele>2439.100</ele><time>2026-09-13T15:14:46Z</time><speed>66.029</speed><sat>6</sat></trkpt>
  <trkpt lat="-33.56500667" lon="-70.33680500"><ele>2439.000</ele><time>2026-09-13T15:14:47Z</time><speed>67.542</speed><sat>7</sat></trkpt>
  <trkpt lat="-33.56529167" lon="-70.33745000"><ele>2435.000</ele><time>2026-09-13T15:14:48Z</time><speed>68.072</speed><sat>8</sat></trkpt>
  <trkpt lat="-33.56557000" lon="-70.33809500"><ele>2431.700</ele><time>2026-09-13T15:14:49Z</time><speed>66.902</speed><sat>6</sat></trkpt>
  <trkpt lat="-33.56588333" lon="-70.33871333"><ele>2426.200</ele><time>2026-09-13T15:14:50Z</time><speed>67.326</speed><sat>6</sat></trkpt>
  <trkpt lat="-33.56618167" lon="-70.33932667"><ele>2423.900</ele><time>2026-09-13T15:14:51Z</time><speed>65.471</speed><sat>6</sat></trkpt>
  <trkpt lat="-33.56649500" lon="-70.33992167"><ele>2420.400</ele><time>2026-09-13T15:14:52Z</time><speed>65.349</speed><sat>6</sat></trkpt>
  <trkpt lat="-33.56682333" lon="-70.34051667"><ele>2418.200</ele><time>2026-09-13T15:14:53Z</time><speed>65.824</speed><sat>6</sat></trkpt>
  <trkpt lat="-33.56730833" lon="-70.34107667"><ele>2410.400</ele><time>2026-09-13T15:14:54Z</time><speed>69.968</speed><sat>7</sat></trkpt>
  <trkpt lat="-33.56770167" lon="-70.34166167"><ele>2405.200</ele><time>2026-09-13T15:14:55Z</time><speed>70.328</speed><sat>8</sat></trkpt>
  <trkpt lat="-33.56806500" lon="-70.34224833"><ele>2403.200</ele><time>2026-09-13T15:14:56Z</time><speed>67.655</speed><sat>8</sat></trkpt>
  <trkpt lat="-33.56840500" lon="-70.34283167"><ele>2404.400</ele><time>2026-09-13T15:14:57Z</time><speed>66.915</speed><sat>8</sat></trkpt>
  <trkpt lat="-33.56875333" lon="-70.34341500"><ele>2402.100</ele><time>2026-09-13T15:14:58Z</time><speed>66.922</speed><sat>8</sat></trkpt>
  <trkpt lat="-33.56910833" lon="-70.34400000"><ele>2400.300</ele><time>2026-09-13T15:14:59Z</time><speed>66.757</speed><sat>8</sat></trkpt>
  <trkpt lat="-33.56941333" lon="-70.34458667"><ele>2406.500</ele><time>2026-09-13T15:15:00Z</time><speed>66.094</speed><sat>8</sat></trkpt>
  <trkpt lat="-33.56972667" lon="-70.34517667"><ele>2411.700</ele><time>2026-09-13T15:15:01Z</time><speed>66.319</speed><sat>10</sat></trkpt>
  <trkpt lat="-33.57007167" lon="-70.34575333"><ele>2409.800</ele><time>2026-09-13T15:15:02Z</time><speed>65.625</speed><sat>10</sat></trkpt>
  <trkpt lat="-33.57041500" lon="-70.34633667"><ele>2409.900</ele><time>2026-09-13T15:15:03Z</time><speed>66.914</speed><sat>9</sat></trkpt>
  <trkpt lat="-33.57075833" lon="-70.34691833"><ele>2408.300</ele><time>2026-09-13T15:15:04Z</time><speed>65.931</speed><sat>9</sat></trkpt>
  <trkpt lat="-33.57111333" lon="-70.34750667"><ele>2405.900</ele><time>2026-09-13T15:15:05Z</time><speed>67.521</speed><sat>8</sat></trkpt>
  <trkpt lat="-33.57149167" lon="-70.34811333"><ele>2400.900</ele><time>2026-09-13T15:15:06Z</time><speed>70.198</speed><sat>8</sat></trkpt>
  <trkpt lat="-33.57186333" lon="-70.34872000"><ele>2397.000</ele><time>2026-09-13T15:15:07Z</time><speed>69.568</speed><sat>7</sat></trkpt>
  <trkpt lat="-33.57221667" lon="-70.34930833"><ele>2394.100</ele><time>2026-09-13T15:15:08Z</time><speed>67.133</speed><sat>6</sat></trkpt>
  <trkpt lat="-33.57256167" lon="-70.34989500"><ele>2390.600</ele><time>2026-09-13T15:15:09Z</time><speed>66.234</speed><sat>6</sat></trkpt>
  <trkpt lat="-33.57292833" lon="-70.35049500"><ele>2385.900</ele><time>2026-09-13T15:15:10Z</time><speed>69.587</speed><sat>6</sat></trkpt>
  <trkpt lat="-33.57329167" lon="-70.35110333"><ele>2379.700</ele><time>2026-09-13T15:15:11Z</time><speed>69.252</speed><sat>7</sat></trkpt>
  <trkpt lat="-33.57366000" lon="-70.35169833"><ele>2377.800</ele><time>2026-09-13T15:15:12Z</time><speed>69.226</speed><sat>7</sat></trkpt>
  <trkpt lat="-33.57400500" lon="-70.35229667"><ele>2371.400</ele><time>2026-09-13T15:15:13Z</time><speed>68.672</speed><sat>8</sat></trkpt>
  <trkpt lat="-33.57435500" lon="-70.35291167"><ele>2363.400</ele><time>2026-09-13T15:15:14Z</time><speed>69.219</speed><sat>8</sat></trkpt>
  <trkpt lat="-33.57468000" lon="-70.35352833"><ele>2359.700</ele><time>2026-09-13T15:15:15Z</time><speed>68.803</speed><sat>8</sat></trkpt>
  <trkpt lat="-33.57500833" lon="-70.35415333"><ele>2351.900</ele><time>2026-09-13T15:15:16Z</time><speed>69.129</speed><sat>8</sat></trkpt>
  <trkpt lat="-33.57535667" lon="-70.35478333"><ele>2340.500</ele><time>2026-09-13T15:15:17Z</time><speed>69.558</speed><sat>8</sat></trkpt>
  <trkpt lat="-33.57567167" lon="-70.35541500"><ele>2326.100</ele><time>2026-09-13T15:15:18Z</time><speed>68.117</speed><sat>8</sat></trkpt>
  <trkpt lat="-33.57598333" lon="-70.35604167"><ele>2318.600</ele><time>2026-09-13T15:15:19Z</time><speed>67.802</speed><sat>8</sat></trkpt>
  <trkpt lat="-33.57631500" lon="-70.35668333"><ele>2312.600</ele><time>2026-09-13T15:15:20Z</time><speed>69.992</speed><sat>7</sat></trkpt>
  <trkpt lat="-33.57664833" lon="-70.35734667"><ele>2306.400</ele><time>2026-09-13T15:15:21Z</time><speed>71.718</speed><sat>7</sat></trkpt>
  <trkpt lat="-33.57698167" lon="-70.35800667"><ele>2300.800</ele><time>2026-09-13T15:15:22Z</time><speed>71.084</speed><sat>7</sat></trkpt>
  <trkpt lat="-33.57731167" lon="-70.35867167"><ele>2295.200</ele><time>2026-09-13T15:15:23Z</time><speed>71.426</speed><sat>8</sat></trkpt>
  <trkpt lat="-33.57762333" lon="-70.35934333"><ele>2291.900</ele><time>2026-09-13T15:15:24Z</time><speed>70.863</speed><sat>8</sat></trkpt>
  <trkpt lat="-33.57787000" lon="-70.36001333"><ele>2299.900</ele><time>2026-09-13T15:15:25Z</time><speed>68.950</speed><sat>8</sat></trkpt>
  <trkpt lat="-33.57816833" lon="-70.36068000"><ele>2294.900</ele><time>2026-09-13T15:15:26Z</time><speed>70.727</speed><sat>8</sat></trkpt>
  <trkpt lat="-33.57844333" lon="-70.36137167"><ele>2292.400</ele><time>2026-09-13T15:15:27Z</time><speed>70.294</speed><sat>7</sat></trkpt>
  <trkpt lat="-33.57873500" lon="-70.36206833"><ele>2288.300</ele><time>2026-09-13T15:15:28Z</time><speed>72.340</speed><sat>7</sat></trkpt>
  <trkpt lat="-33.57904167" lon="-70.36276667"><ele>2279.200</ele><time>2026-09-13T15:15:29Z</time><speed>71.542</speed><sat>7</sat></trkpt>
  <trkpt lat="-33.57929500" lon="-70.36346333"><ele>2273.800</ele><time>2026-09-13T15:15:30Z</time><speed>70.440</speed><sat>6</sat></trkpt>
  <trkpt lat="-33.57952667" lon="-70.36414333"><ele>2268.900</ele><time>2026-09-13T15:15:31Z</time><speed>68.516</speed><sat>5</sat></trkpt>
  <trkpt lat="-33.57975333" lon="-70.36483000"><ele>2263.200</ele><time>2026-09-13T15:15:32Z</time><speed>68.659</speed><sat>5</sat></trkpt>
  <trkpt lat="-33.57996833" lon="-70.36554333"><ele>2259.400</ele><time>2026-09-13T15:15:33Z</time><speed>70.717</speed><sat>6</sat></trkpt>
  <trkpt lat="-33.58016167" lon="-70.36624833"><ele>2256.000</ele><time>2026-09-13T15:15:34Z</time><speed>69.516</speed><sat>7</sat></trkpt>
  <trkpt lat="-33.58035167" lon="-70.36694500"><ele>2251.400</ele><time>2026-09-13T15:15:35Z</time><speed>68.477</speed><sat>8</sat></trkpt>
  <trkpt lat="-33.58053000" lon="-70.36764333"><ele>2248.700</ele><time>2026-09-13T15:15:36Z</time><speed>67.579</speed><sat>8</sat></trkpt>
  <trkpt lat="-33.58070833" lon="-70.36835333"><ele>2242.300</ele><time>2026-09-13T15:15:37Z</time><speed>69.027</speed><sat>8</sat></trkpt>
  <trkpt lat="-33.58088667" lon="-70.36907667"><ele>2239.400</ele><time>2026-09-13T15:15:38Z</time><speed>70.487</speed><sat>8</sat></trkpt>
  <trkpt lat="-33.58105167" lon="-70.36981167"><ele>2234.800</ele><time>2026-09-13T15:15:39Z</time><speed>70.936</speed><sat>8</sat></trkpt>
  <trkpt lat="-33.58121000" lon="-70.37054500"><ele>2230.100</ele><time>2026-09-13T15:15:40Z</time><speed>69.639</speed><sat>8</sat></trkpt>
  <trkpt lat="-33.58137500" lon="-70.37128833"><ele>2223.100</ele><time>2026-09-13T15:15:41Z</time><speed>72.107</speed><sat>8</sat></trkpt>
  <trkpt lat="-33.58151833" lon="-70.37203167"><ele>2216.100</ele><time>2026-09-13T15:15:42Z</time><speed>71.273</speed><sat>7</sat></trkpt>
  <trkpt lat="-33.58163667" lon="-70.37274833"><ele>2209.100</ele><time>2026-09-13T15:15:43Z</time><speed>68.452</speed><sat>8</sat></trkpt>
  <trkpt lat="-33.58167000" lon="-70.37348000"><ele>2213.600</ele><time>2026-09-13T15:15:44Z</time><speed>68.308</speed><sat>9</sat></trkpt>
  <trkpt lat="-33.58176000" lon="-70.37421000"><ele>2209.800</ele><time>2026-09-13T15:15:45Z</time><speed>67.941</speed><sat>9</sat></trkpt>
  <trkpt lat="-33.58182000" lon="-70.37497167"><ele>2212.600</ele><time>2026-09-13T15:15:46Z</time><speed>68.264</speed><sat>9</sat></trkpt>
  <trkpt lat="-33.58190000" lon="-70.37571833"><ele>2211.200</ele><time>2026-09-13T15:15:47Z</time><speed>68.257</speed><sat>9</sat></trkpt>
  <trkpt lat="-33.58198167" lon="-70.37644833"><ele>2207.200</ele><time>2026-09-13T15:15:48Z</time><speed>68.274</speed><sat>9</sat></trkpt>
  <trkpt lat="-33.58205667" lon="-70.37718000"><ele>2203.800</ele><time>2026-09-13T15:15:49Z</time><speed>68.486</speed><sat>10</sat></trkpt>
  <trkpt lat="-33.58211333" lon="-70.37791333"><ele>2200.900</ele><time>2026-09-13T15:15:50Z</time><speed>68.230</speed><sat>10</sat></trkpt>
  <trkpt lat="-33.58216500" lon="-70.37864500"><ele>2196.000</ele><time>2026-09-13T15:15:51Z</time><speed>68.410</speed><sat>10</sat></trkpt>
  <trkpt lat="-33.58221833" lon="-70.37938000"><ele>2192.200</ele><time>2026-09-13T15:15:52Z</time><speed>68.905</speed><sat>10</sat></trkpt>
  <trkpt lat="-33.58228000" lon="-70.38010333"><ele>2188.500</ele><time>2026-09-13T15:15:53Z</time><speed>67.152</speed><sat>9</sat></trkpt>
  <trkpt lat="-33.58233500" lon="-70.38083000"><ele>2184.500</ele><time>2026-09-13T15:15:54Z</time><speed>68.364</speed><sat>9</sat></trkpt>
  <trkpt lat="-33.58237667" lon="-70.38156333"><ele>2180.400</ele><time>2026-09-13T15:15:55Z</time><speed>68.648</speed><sat>10</sat></trkpt>
  <trkpt lat="-33.58240667" lon="-70.38231333"><ele>2176.200</ele><time>2026-09-13T15:15:56Z</time><speed>69.761</speed><sat>10</sat></trkpt>
  <trkpt lat="-33.58242667" lon="-70.38306833"><ele>2174.300</ele><time>2026-09-13T15:15:57Z</time><speed>70.114</speed><sat>10</sat></trkpt>
  <trkpt lat="-33.58243833" lon="-70.38382333"><ele>2171.600</ele><time>2026-09-13T15:15:58Z</time><speed>69.119</speed><sat>9</sat></trkpt>
  <trkpt lat="-33.58243500" lon="-70.38456833"><ele>2168.500</ele><time>2026-09-13T15:15:59Z</time><speed>68.738</speed><sat>9</sat></trkpt>
  <trkpt lat="-33.58242500" lon="-70.38530333"><ele>2167.700</ele><time>2026-09-13T15:16:00Z</time><speed>67.408</speed><sat>9</sat></trkpt>
  <trkpt lat="-33.58242667" lon="-70.38603167"><ele>2162.900</ele><time>2026-09-13T15:16:01Z</time><speed>69.368</speed><sat>9</sat></trkpt>
  <trkpt lat="-33.58242167" lon="-70.38676667"><ele>2157.200</ele><time>2026-09-13T15:16:02Z</time><speed>68.840</speed><sat>9</sat></trkpt>
  <trkpt lat="-33.58240667" lon="-70.38749333"><ele>2151.700</ele><time>2026-09-13T15:16:03Z</time><speed>67.996</speed><sat>10</sat></trkpt>
  <trkpt lat="-33.58240167" lon="-70.38823167"><ele>2147.400</ele><time>2026-09-13T15:16:04Z</time><speed>68.773</speed><sat>9</sat></trkpt>
  <trkpt lat="-33.58238500" lon="-70.38896500"><ele>2141.600</ele><time>2026-09-13T15:16:05Z</time><speed>68.020</speed><sat>8</sat></trkpt>
  <trkpt lat="-33.58235667" lon="-70.38968333"><ele>2133.700</ele><time>2026-09-13T15:16:06Z</time><speed>67.883</speed><sat>8</sat></trkpt>
  <trkpt lat="-33.58233000" lon="-70.39041167"><ele>2126.500</ele><time>2026-09-13T15:16:07Z</time><speed>69.258</speed><sat>8</sat></trkpt>
  <trkpt lat="-33.58230167" lon="-70.39114667"><ele>2117.900</ele><time>2026-09-13T15:16:08Z</time><speed>69.409</speed><sat>8</sat></trkpt>
  <trkpt lat="-33.58226667" lon="-70.39186500"><ele>2108.600</ele><time>2026-09-13T15:16:09Z</time><speed>67.743</speed><sat>8</sat></trkpt>
  <trkpt lat="-33.58222667" lon="-70.39261500"><ele>2107.700</ele><time>2026-09-13T15:16:10Z</time><speed>69.450</speed><sat>9</sat></trkpt>
  <trkpt lat="-33.58219500" lon="-70.39337167"><ele>2102.700</ele><time>2026-09-13T15:16:11Z</time><speed>70.258</speed><sat>9</sat></trkpt>
  <trkpt lat="-33.58215667" lon="-70.39412500"><ele>2100.600</ele><time>2026-09-13T15:16:12Z</time><speed>69.373</speed><sat>9</sat></trkpt>
  <trkpt lat="-33.58210667" lon="-70.39486500"><ele>2099.300</ele><time>2026-09-13T15:16:13Z</time><speed>68.160</speed><sat>9</sat></trkpt>
  <trkpt lat="-33.58205500" lon="-70.39560833"><ele>2097.800</ele><time>2026-09-13T15:16:14Z</time><speed>69.053</speed><sat>10</sat></trkpt>
  <trkpt lat="-33.58201000" lon="-70.39632833"><ele>2087.800</ele><time>2026-09-13T15:16:15Z</time><speed>68.426</speed><sat>9</sat></trkpt>
  <trkpt lat="-33.58195167" lon="-70.39700000"><ele>2068.300</ele><time>2026-09-13T15:16:16Z</time><speed>68.600</speed><sat>9</sat></trkpt>
  <trkpt lat="-33.58188667" lon="-70.39771167"><ele>2061.400</ele><time>2026-09-13T15:16:17Z</time><speed>67.269</speed><sat>10</sat></trkpt>
  <trkpt lat="-33.58180667" lon="-70.39840667"><ele>2053.700</ele><time>2026-09-13T15:16:18Z</time><speed>67.502</speed><sat>9</sat></trkpt>
  <trkpt lat="-33.58173667" lon="-70.39913333"><ele>2046.900</ele><time>2026-09-13T15:16:19Z</time><speed>68.166</speed><sat>10</sat></trkpt>
  <trkpt lat="-33.58167333" lon="-70.39987500"><ele>2041.600</ele><time>2026-09-13T15:16:20Z</time><speed>69.243</speed><sat>11</sat></trkpt>
  <trkpt lat="-33.58160333" lon="-70.40062167"><ele>2036.300</ele><time>2026-09-13T15:16:21Z</time><speed>69.699</speed><sat>12</sat></trkpt>
  <trkpt lat="-33.58152667" lon="-70.40136667"><ele>2030.800</ele><time>2026-09-13T15:16:22Z</time><speed>69.424</speed><sat>13</sat></trkpt>
  <trkpt lat="-33.58144667" lon="-70.40211000"><ele>2024.900</ele><time>2026-09-13T15:16:23Z</time><speed>69.513</speed><sat>13</sat></trkpt>
  <trkpt lat="-33.58137333" lon="-70.40286500"><ele>2020.300</ele><time>2026-09-13T15:16:24Z</time><speed>70.754</speed><sat>12</sat></trkpt>
  <trkpt lat="-33.58131000" lon="-70.40362333"><ele>2015.600</ele><time>2026-09-13T15:16:25Z</time><speed>70.571</speed><sat>12</sat></trkpt>
  <trkpt lat="-33.58124333" lon="-70.40436833"><ele>2010.200</ele><time>2026-09-13T15:16:26Z</time><speed>69.620</speed><sat>12</sat></trkpt>
  <trkpt lat="-33.58116833" lon="-70.40511500"><ele>2004.200</ele><time>2026-09-13T15:16:27Z</time><speed>69.895</speed><sat>12</sat></trkpt>
  <trkpt lat="-33.58109000" lon="-70.40586500"><ele>2000.000</ele><time>2026-09-13T15:16:28Z</time><speed>70.004</speed><sat>12</sat></trkpt>
  <trkpt lat="-33.58105167" lon="-70.40661667"><ele>1993.700</ele><time>2026-09-13T15:16:29Z</time><speed>69.006</speed><sat>12</sat></trkpt>
  <trkpt lat="-33.58099333" lon="-70.40737667"><ele>1990.500</ele><time>2026-09-13T15:16:30Z</time><speed>70.341</speed><sat>12</sat></trkpt>
  <trkpt lat="-33.58091167" lon="-70.40813500"><ele>1987.500</ele><time>2026-09-13T15:16:31Z</time><speed>70.871</speed><sat>12</sat></trkpt>
  <trkpt lat="-33.58082500" lon="-70.40888000"><ele>1982.100</ele><time>2026-09-13T15:16:32Z</time><speed>69.053</speed><sat>11</sat></trkpt>
  <trkpt lat="-33.58073333" lon="-70.40962333"><ele>1979.100</ele><time>2026-09-13T15:16:33Z</time><speed>69.708</speed><sat>11</sat></trkpt>
  <trkpt lat="-33.58064667" lon="-70.41037667"><ele>1975.200</ele><time>2026-09-13T15:16:34Z</time><speed>71.049</speed><sat>11</sat></trkpt>
  <trkpt lat="-33.58055667" lon="-70.41113167"><ele>1973.400</ele><time>2026-09-13T15:16:35Z</time><speed>70.588</speed><sat>11</sat></trkpt>
  <trkpt lat="-33.58047000" lon="-70.41187667"><ele>1971.300</ele><time>2026-09-13T15:16:36Z</time><speed>69.594</speed><sat>11</sat></trkpt>
  <trkpt lat="-33.58037333" lon="-70.41262333"><ele>1968.900</ele><time>2026-09-13T15:16:37Z</time><speed>70.368</speed><sat>10</sat></trkpt>
  <trkpt lat="-33.58029167" lon="-70.41336667"><ele>1966.300</ele><time>2026-09-13T15:16:38Z</time><speed>68.585</speed><sat>10</sat></trkpt>
  <trkpt lat="-33.58021000" lon="-70.41410000"><ele>1965.100</ele><time>2026-09-13T15:16:39Z</time><speed>68.546</speed><sat>11</sat></trkpt>
  <trkpt lat="-33.58013000" lon="-70.41483833"><ele>1963.000</ele><time>2026-09-13T15:16:40Z</time><speed>68.856</speed><sat>11</sat></trkpt>
  <trkpt lat="-33.58004833" lon="-70.41558000"><ele>1962.500</ele><time>2026-09-13T15:16:41Z</time><speed>68.999</speed><sat>11</sat></trkpt>
  <trkpt lat="-33.57997667" lon="-70.41630500"><ele>1958.600</ele><time>2026-09-13T15:16:42Z</time><speed>67.086</speed><sat>12</sat></trkpt>
  <trkpt lat="-33.57989500" lon="-70.41702333"><ele>1959.200</ele><time>2026-09-13T15:16:43Z</time><speed>66.635</speed><sat>12</sat></trkpt>
  <trkpt lat="-33.57980500" lon="-70.41775333"><ele>1962.800</ele><time>2026-09-13T15:16:44Z</time><speed>68.150</speed><sat>11</sat></trkpt>
  <trkpt lat="-33.57971833" lon="-70.41848500"><ele>1967.100</ele><time>2026-09-13T15:16:45Z</time><speed>67.679</speed><sat>11</sat></trkpt>
  <trkpt lat="-33.57962667" lon="-70.41921500"><ele>1972.000</ele><time>2026-09-13T15:16:46Z</time><speed>68.108</speed><sat>10</sat></trkpt>
  <trkpt lat="-33.57954167" lon="-70.41994833"><ele>1976.900</ele><time>2026-09-13T15:16:47Z</time><speed>68.021</speed><sat>9</sat></trkpt>
  <trkpt lat="-33.57948167" lon="-70.42068333"><ele>1973.800</ele><time>2026-09-13T15:16:48Z</time><speed>68.556</speed><sat>10</sat></trkpt>
  <trkpt lat="-33.57945167" lon="-70.42141333"><ele>1964.000</ele><time>2026-09-13T15:16:49Z</time><speed>67.004</speed><sat>9</sat></trkpt>
  <trkpt lat="-33.57941333" lon="-70.42214000"><ele>1960.000</ele><time>2026-09-13T15:16:50Z</time><speed>66.456</speed><sat>9</sat></trkpt>
  <trkpt lat="-33.57936333" lon="-70.42287000"><ele>1959.100</ele><time>2026-09-13T15:16:51Z</time><speed>67.687</speed><sat>9</sat></trkpt>
  <trkpt lat="-33.57933000" lon="-70.42361333"><ele>1955.600</ele><time>2026-09-13T15:16:52Z</time><speed>69.980</speed><sat>10</sat></trkpt>
  <trkpt lat="-33.57931833" lon="-70.42434833"><ele>1951.600</ele><time>2026-09-13T15:16:53Z</time><speed>68.399</speed><sat>11</sat></trkpt>
  <trkpt lat="-33.57930500" lon="-70.42507167"><ele>1948.400</ele><time>2026-09-13T15:16:54Z</time><speed>67.000</speed><sat>10</sat></trkpt>
  <trkpt lat="-33.57930167" lon="-70.42576833"><ele>1948.200</ele><time>2026-09-13T15:16:55Z</time><speed>64.486</speed><sat>10</sat></trkpt>
  <trkpt lat="-33.57930500" lon="-70.42645333"><ele>1957.600</ele><time>2026-09-13T15:16:56Z</time><speed>64.298</speed><sat>9</sat></trkpt>
  <trkpt lat="-33.57932667" lon="-70.42715000"><ele>1965.700</ele><time>2026-09-13T15:16:57Z</time><speed>66.135</speed><sat>9</sat></trkpt>
  <trkpt lat="-33.57936833" lon="-70.42786500"><ele>1967.100</ele><time>2026-09-13T15:16:58Z</time><speed>68.443</speed><sat>9</sat></trkpt>
  <trkpt lat="-33.57940500" lon="-70.42860667"><ele>1965.400</ele><time>2026-09-13T15:16:59Z</time><speed>68.927</speed><sat>9</sat></trkpt>
  <trkpt lat="-33.57946667" lon="-70.42934167"><ele>1958.300</ele><time>2026-09-13T15:17:00Z</time><speed>67.264</speed><sat>9</sat></trkpt>
  <trkpt lat="-33.57953333" lon="-70.43005333"><ele>1954.700</ele><time>2026-09-13T15:17:01Z</time><speed>65.505</speed><sat>8</sat></trkpt>
  <trkpt lat="-33.57960833" lon="-70.43072167"><ele>1953.000</ele><time>2026-09-13T15:17:02Z</time><speed>62.091</speed><sat>7</sat></trkpt>
  <trkpt lat="-33.57969500" lon="-70.43141500"><ele>1952.000</ele><time>2026-09-13T15:17:03Z</time><speed>65.451</speed><sat>8</sat></trkpt>
  <trkpt lat="-33.57978833" lon="-70.43212833"><ele>1949.800</ele><time>2026-09-13T15:17:04Z</time><speed>66.544</speed><sat>9</sat></trkpt>
  <trkpt lat="-33.57989500" lon="-70.43282833"><ele>1947.800</ele><time>2026-09-13T15:17:05Z</time><speed>65.579</speed><sat>9</sat></trkpt>
  <trkpt lat="-33.58007000" lon="-70.43353333"><ele>1944.100</ele><time>2026-09-13T15:17:06Z</time><speed>67.231</speed><sat>8</sat></trkpt>
  <trkpt lat="-33.58024167" lon="-70.43425333"><ele>1945.500</ele><time>2026-09-13T15:17:07Z</time><speed>68.934</speed><sat>8</sat></trkpt>
  <trkpt lat="-33.58041333" lon="-70.43494500"><ele>1945.500</ele><time>2026-09-13T15:17:08Z</time><speed>66.693</speed><sat>6</sat></trkpt>
  <trkpt lat="-33.58058333" lon="-70.43562667"><ele>1945.700</ele><time>2026-09-13T15:17:09Z</time><speed>65.929</speed><sat>6</sat></trkpt>
  <trkpt lat="-33.58076500" lon="-70.43631167"><ele>1942.500</ele><time>2026-09-13T15:17:10Z</time><speed>66.036</speed><sat>6</sat></trkpt>
  <trkpt lat="-33.58092333" lon="-70.43701667"><ele>1937.700</ele><time>2026-09-13T15:17:11Z</time><speed>67.338</speed><sat>7</sat></trkpt>
  <trkpt lat="-33.58107833" lon="-70.43770500"><ele>1935.500</ele><time>2026-09-13T15:17:12Z</time><speed>66.028</speed><sat>6</sat></trkpt>
  <trkpt lat="-33.58122667" lon="-70.43838000"><ele>1935.800</ele><time>2026-09-13T15:17:13Z</time><speed>64.835</speed><sat>6</sat></trkpt>
  <trkpt lat="-33.58138333" lon="-70.43906333"><ele>1931.500</ele><time>2026-09-13T15:17:14Z</time><speed>64.187</speed><sat>7</sat></trkpt>
  <trkpt lat="-33.58153500" lon="-70.43973667"><ele>1919.600</ele><time>2026-09-13T15:17:15Z</time><speed>64.756</speed><sat>8</sat></trkpt>
  <trkpt lat="-33.58168333" lon="-70.44037167"><ele>1892.200</ele><time>2026-09-13T15:17:16Z</time><speed>64.529</speed><sat>8</sat></trkpt>
  <trkpt lat="-33.58184833" lon="-70.44102667"><ele>1887.100</ele><time>2026-09-13T15:17:17Z</time><speed>63.824</speed><sat>8</sat></trkpt>
  <trkpt lat="-33.58205167" lon="-70.44167333"><ele>1880.900</ele><time>2026-09-13T15:17:18Z</time><speed>63.991</speed><sat>8</sat></trkpt>
  <trkpt lat="-33.58226833" lon="-70.44231833"><ele>1876.100</ele><time>2026-09-13T15:17:19Z</time><speed>65.273</speed><sat>6</sat></trkpt>
  <trkpt lat="-33.58246500" lon="-70.44297333"><ele>1871.700</ele><time>2026-09-13T15:17:20Z</time><speed>64.572</speed><sat>5</sat></trkpt>
  <trkpt lat="-33.58264167" lon="-70.44360167"><ele>1858.600</ele><time>2026-09-13T15:17:21Z</time><speed>64.145</speed><sat>6</sat></trkpt>
  <trkpt lat="-33.58284333" lon="-70.44424833"><ele>1852.300</ele><time>2026-09-13T15:17:22Z</time><speed>65.788</speed><sat>6</sat></trkpt>
  <trkpt lat="-33.58305833" lon="-70.44490833"><ele>1846.900</ele><time>2026-09-13T15:17:23Z</time><speed>65.784</speed><sat>6</sat></trkpt>
  <trkpt lat="-33.58326667" lon="-70.44555833"><ele>1841.800</ele><time>2026-09-13T15:17:24Z</time><speed>64.970</speed><sat>6</sat></trkpt>
  <trkpt lat="-33.58348667" lon="-70.44620500"><ele>1836.500</ele><time>2026-09-13T15:17:25Z</time><speed>64.796</speed><sat>6</sat></trkpt>
  <trkpt lat="-33.58370167" lon="-70.44684833"><ele>1832.800</ele><time>2026-09-13T15:17:26Z</time><speed>65.105</speed><sat>6</sat></trkpt>
  <trkpt lat="-33.58391167" lon="-70.44750333"><ele>1830.300</ele><time>2026-09-13T15:17:27Z</time><speed>64.923</speed><sat>6</sat></trkpt>
  <trkpt lat="-33.58412333" lon="-70.44814833"><ele>1826.700</ele><time>2026-09-13T15:17:28Z</time><speed>63.535</speed><sat>6</sat></trkpt>
  <trkpt lat="-33.58434500" lon="-70.44879000"><ele>1822.300</ele><time>2026-09-13T15:17:29Z</time><speed>64.511</speed><sat>6</sat></trkpt>
  <trkpt lat="-33.58460667" lon="-70.44942333"><ele>1811.400</ele><time>2026-09-13T15:17:30Z</time><speed>64.857</speed><sat>6</sat></trkpt>
  <trkpt lat="-33.58481500" lon="-70.45007000"><ele>1808.700</ele><time>2026-09-13T15:17:31Z</time><speed>64.183</speed><sat>6</sat></trkpt>
  <trkpt lat="-33.58504000" lon="-70.45070000"><ele>1804.400</ele><time>2026-09-13T15:17:32Z</time><speed>63.549</speed><sat>6</sat></trkpt>
  <trkpt lat="-33.58529500" lon="-70.45132333"><ele>1799.800</ele><time>2026-09-13T15:17:33Z</time><speed>64.220</speed><sat>6</sat></trkpt>
  <trkpt lat="-33.58552000" lon="-70.45194000"><ele>1795.200</ele><time>2026-09-13T15:17:34Z</time><speed>62.765</speed><sat>6</sat></trkpt>
  <trkpt lat="-33.58574500" lon="-70.45257833"><ele>1793.900</ele><time>2026-09-13T15:17:35Z</time><speed>63.433</speed><sat>7</sat></trkpt>
  <trkpt lat="-33.58597833" lon="-70.45321833"><ele>1792.900</ele><time>2026-09-13T15:17:36Z</time><speed>64.032</speed><sat>7</sat></trkpt>
  <trkpt lat="-33.58623000" lon="-70.45384667"><ele>1786.600</ele><time>2026-09-13T15:17:37Z</time><speed>64.232</speed><sat>7</sat></trkpt>
  <trkpt lat="-33.58650500" lon="-70.45449833"><ele>1788.700</ele><time>2026-09-13T15:17:38Z</time><speed>63.577</speed><sat>7</sat></trkpt>
  <trkpt lat="-33.58677333" lon="-70.45512500"><ele>1784.800</ele><time>2026-09-13T15:17:39Z</time><speed>62.195</speed><sat>7</sat></trkpt>
  <trkpt lat="-33.58704000" lon="-70.45575667"><ele>1780.700</ele><time>2026-09-13T15:17:40Z</time><speed>64.189</speed><sat>8</sat></trkpt>
  <trkpt lat="-33.58728333" lon="-70.45637833"><ele>1778.700</ele><time>2026-09-13T15:17:41Z</time><speed>64.015</speed><sat>8</sat></trkpt>
  <trkpt lat="-33.58753833" lon="-70.45700000"><ele>1774.700</ele><time>2026-09-13T15:17:42Z</time><speed>63.842</speed><sat>7</sat></trkpt>
  <trkpt lat="-33.58778000" lon="-70.45761833"><ele>1774.200</ele><time>2026-09-13T15:17:43Z</time><speed>63.241</speed><sat>7</sat></trkpt>
  <trkpt lat="-33.58806000" lon="-70.45823667"><ele>1768.000</ele><time>2026-09-13T15:17:44Z</time><speed>62.062</speed><sat>8</sat></trkpt>
  <trkpt lat="-33.58835000" lon="-70.45883333"><ele>1761.500</ele><time>2026-09-13T15:17:45Z</time><speed>62.503</speed><sat>7</sat></trkpt>
  <trkpt lat="-33.58861667" lon="-70.45943167"><ele>1759.800</ele><time>2026-09-13T15:17:46Z</time><speed>62.506</speed><sat>7</sat></trkpt>
  <trkpt lat="-33.58886167" lon="-70.46004833"><ele>1759.800</ele><time>2026-09-13T15:17:47Z</time><speed>63.871</speed><sat>7</sat></trkpt>
  <trkpt lat="-33.58912000" lon="-70.46066667"><ele>1759.200</ele><time>2026-09-13T15:17:48Z</time><speed>63.743</speed><sat>7</sat></trkpt>
  <trkpt lat="-33.58935667" lon="-70.46127167"><ele>1758.300</ele><time>2026-09-13T15:17:49Z</time><speed>61.789</speed><sat>7</sat></trkpt>
  <trkpt lat="-33.58962667" lon="-70.46188167"><ele>1748.900</ele><time>2026-09-13T15:17:50Z</time><speed>62.672</speed><sat>7</sat></trkpt>
  <trkpt lat="-33.58986500" lon="-70.46249000"><ele>1747.000</ele><time>2026-09-13T15:17:51Z</time><speed>62.368</speed><sat>7</sat></trkpt>
  <trkpt lat="-33.59011333" lon="-70.46309500"><ele>1743.100</ele><time>2026-09-13T15:17:52Z</time><speed>62.256</speed><sat>7</sat></trkpt>
  <trkpt lat="-33.59035833" lon="-70.46369833"><ele>1740.400</ele><time>2026-09-13T15:17:53Z</time><speed>62.108</speed><sat>8</sat></trkpt>
  <trkpt lat="-33.59061000" lon="-70.46430167"><ele>1737.600</ele><time>2026-09-13T15:17:54Z</time><speed>63.147</speed><sat>8</sat></trkpt>
  <trkpt lat="-33.59086167" lon="-70.46491000"><ele>1735.500</ele><time>2026-09-13T15:17:55Z</time><speed>63.919</speed><sat>8</sat></trkpt>
  <trkpt lat="-33.59110667" lon="-70.46551500"><ele>1734.100</ele><time>2026-09-13T15:17:56Z</time><speed>62.105</speed><sat>8</sat></trkpt>
  <trkpt lat="-33.59134833" lon="-70.46611000"><ele>1732.400</ele><time>2026-09-13T15:17:57Z</time><speed>61.309</speed><sat>8</sat></trkpt>
  <trkpt lat="-33.59159667" lon="-70.46670000"><ele>1730.200</ele><time>2026-09-13T15:17:58Z</time><speed>62.009</speed><sat>9</sat></trkpt>
  <trkpt lat="-33.59181833" lon="-70.46731500"><ele>1733.000</ele><time>2026-09-13T15:17:59Z</time><speed>64.021</speed><sat>9</sat></trkpt>
  <trkpt lat="-33.59206833" lon="-70.46792667"><ele>1730.500</ele><time>2026-09-13T15:18:00Z</time><speed>63.071</speed><sat>9</sat></trkpt>
  <trkpt lat="-33.59232000" lon="-70.46853833"><ele>1730.100</ele><time>2026-09-13T15:18:01Z</time><speed>62.395</speed><sat>9</sat></trkpt>
  <trkpt lat="-33.59255500" lon="-70.46914167"><ele>1728.500</ele><time>2026-09-13T15:18:02Z</time><speed>61.679</speed><sat>9</sat></trkpt>
  <trkpt lat="-33.59278167" lon="-70.46973833"><ele>1726.600</ele><time>2026-09-13T15:18:03Z</time><speed>61.100</speed><sat>10</sat></trkpt>
  <trkpt lat="-33.59301833" lon="-70.47032500"><ele>1721.500</ele><time>2026-09-13T15:18:04Z</time><speed>60.628</speed><sat>11</sat></trkpt>
  <trkpt lat="-33.59325667" lon="-70.47091333"><ele>1717.100</ele><time>2026-09-13T15:18:05Z</time><speed>62.162</speed><sat>12</sat></trkpt>
  <trkpt lat="-33.59350500" lon="-70.47151333"><ele>1712.300</ele><time>2026-09-13T15:18:06Z</time><speed>62.870</speed><sat>12</sat></trkpt>
  <trkpt lat="-33.59370833" lon="-70.47210000"><ele>1707.900</ele><time>2026-09-13T15:18:07Z</time><speed>61.258</speed><sat>12</sat></trkpt>
  <trkpt lat="-33.59391833" lon="-70.47269000"><ele>1704.900</ele><time>2026-09-13T15:18:08Z</time><speed>61.650</speed><sat>12</sat></trkpt>
  <trkpt lat="-33.59412667" lon="-70.47328667"><ele>1704.200</ele><time>2026-09-13T15:18:09Z</time><speed>62.359</speed><sat>12</sat></trkpt>
  <trkpt lat="-33.59435333" lon="-70.47388333"><ele>1702.500</ele><time>2026-09-13T15:18:10Z</time><speed>62.182</speed><sat>12</sat></trkpt>
  <trkpt lat="-33.59460667" lon="-70.47447333"><ele>1699.300</ele><time>2026-09-13T15:18:11Z</time><speed>61.746</speed><sat>12</sat></trkpt>
  <trkpt lat="-33.59487000" lon="-70.47505000"><ele>1694.800</ele><time>2026-09-13T15:18:12Z</time><speed>60.869</speed><sat>12</sat></trkpt>
  <trkpt lat="-33.59504167" lon="-70.47561833"><ele>1710.000</ele><time>2026-09-13T15:18:13Z</time><speed>62.320</speed><sat>12</sat></trkpt>
  <trkpt lat="-33.59529667" lon="-70.47620500"><ele>1707.600</ele><time>2026-09-13T15:18:14Z</time><speed>61.084</speed><sat>11</sat></trkpt>
  <trkpt lat="-33.59550000" lon="-70.47679333"><ele>1718.700</ele><time>2026-09-13T15:18:15Z</time><speed>62.148</speed><sat>9</sat></trkpt>
  <trkpt lat="-33.59570167" lon="-70.47738667"><ele>1728.300</ele><time>2026-09-13T15:18:16Z</time><speed>60.717</speed><sat>10</sat></trkpt>
  <trkpt lat="-33.59593167" lon="-70.47798000"><ele>1731.000</ele><time>2026-09-13T15:18:17Z</time><speed>61.035</speed><sat>10</sat></trkpt>
  <trkpt lat="-33.59616500" lon="-70.47858333"><ele>1733.300</ele><time>2026-09-13T15:18:18Z</time><speed>62.278</speed><sat>11</sat></trkpt>
  <trkpt lat="-33.59635000" lon="-70.47918000"><ele>1744.800</ele><time>2026-09-13T15:18:19Z</time><speed>60.873</speed><sat>11</sat></trkpt>
  <trkpt lat="-33.59659833" lon="-70.47977000"><ele>1733.200</ele><time>2026-09-13T15:18:20Z</time><speed>62.200</speed><sat>11</sat></trkpt>
  <trkpt lat="-33.59681500" lon="-70.48036333"><ele>1733.400</ele><time>2026-09-13T15:18:21Z</time><speed>62.218</speed><sat>11</sat></trkpt>
  <trkpt lat="-33.59705333" lon="-70.48095500"><ele>1731.600</ele><time>2026-09-13T15:18:22Z</time><speed>62.614</speed><sat>10</sat></trkpt>
  <trkpt lat="-33.59731167" lon="-70.48154167"><ele>1726.700</ele><time>2026-09-13T15:18:23Z</time><speed>63.004</speed><sat>10</sat></trkpt>
  <trkpt lat="-33.59756667" lon="-70.48212333"><ele>1722.700</ele><time>2026-09-13T15:18:24Z</time><speed>60.710</speed><sat>10</sat></trkpt>
  <trkpt lat="-33.59782000" lon="-70.48271000"><ele>1721.000</ele><time>2026-09-13T15:18:25Z</time><speed>61.568</speed><sat>12</sat></trkpt>
  <trkpt lat="-33.59806000" lon="-70.48330167"><ele>1723.000</ele><time>2026-09-13T15:18:26Z</time><speed>61.188</speed><sat>10</sat></trkpt>
  <trkpt lat="-33.59828667" lon="-70.48389500"><ele>1728.400</ele><time>2026-09-13T15:18:27Z</time><speed>62.126</speed><sat>10</sat></trkpt>
  <trkpt lat="-33.59853833" lon="-70.48449167"><ele>1729.300</ele><time>2026-09-13T15:18:28Z</time><speed>62.123</speed><sat>9</sat></trkpt>
  <trkpt lat="-33.59879500" lon="-70.48509667"><ele>1728.400</ele><time>2026-09-13T15:18:29Z</time><speed>63.290</speed><sat>10</sat></trkpt>
  <trkpt lat="-33.59905833" lon="-70.48570500"><ele>1731.300</ele><time>2026-09-13T15:18:30Z</time><speed>63.944</speed><sat>10</sat></trkpt>
  <trkpt lat="-33.59927667" lon="-70.48631000"><ele>1739.400</ele><time>2026-09-13T15:18:31Z</time><speed>62.633</speed><sat>9</sat></trkpt>
  <trkpt lat="-33.59952667" lon="-70.48691667"><ele>1741.200</ele><time>2026-09-13T15:18:32Z</time><speed>62.633</speed><sat>9</sat></trkpt>
  <trkpt lat="-33.59978833" lon="-70.48750833"><ele>1743.500</ele><time>2026-09-13T15:18:33Z</time><speed>63.355</speed><sat>9</sat></trkpt>
  <trkpt lat="-33.60004500" lon="-70.48810500"><ele>1744.900</ele><time>2026-09-13T15:18:34Z</time><speed>63.179</speed><sat>9</sat></trkpt>
  <trkpt lat="-33.60031333" lon="-70.48869833"><ele>1737.400</ele><time>2026-09-13T15:18:35Z</time><speed>62.945</speed><sat>9</sat></trkpt>
  <trkpt lat="-33.60057667" lon="-70.48928333"><ele>1730.000</ele><time>2026-09-13T15:18:36Z</time><speed>61.508</speed><sat>9</sat></trkpt>
  <trkpt lat="-33.60083000" lon="-70.48987333"><ele>1724.600</ele><time>2026-09-13T15:18:37Z</time><speed>62.092</speed><sat>10</sat></trkpt>
  <trkpt lat="-33.60109333" lon="-70.49046333"><ele>1716.800</ele><time>2026-09-13T15:18:38Z</time><speed>62.203</speed><sat>10</sat></trkpt>
  <trkpt lat="-33.60136000" lon="-70.49104500"><ele>1709.400</ele><time>2026-09-13T15:18:39Z</time><speed>61.355</speed><sat>11</sat></trkpt>
  <trkpt lat="-33.60160833" lon="-70.49163500"><ele>1705.100</ele><time>2026-09-13T15:18:40Z</time><speed>62.054</speed><sat>12</sat></trkpt>
  <trkpt lat="-33.60185000" lon="-70.49222000"><ele>1704.000</ele><time>2026-09-13T15:18:41Z</time><speed>61.308</speed><sat>14</sat></trkpt>
  <trkpt lat="-33.60209000" lon="-70.49280667"><ele>1706.500</ele><time>2026-09-13T15:18:42Z</time><speed>61.770</speed><sat>13</sat></trkpt>
  <trkpt lat="-33.60234333" lon="-70.49339000"><ele>1702.800</ele><time>2026-09-13T15:18:43Z</time><speed>60.939</speed><sat>13</sat></trkpt>
  <trkpt lat="-33.60263500" lon="-70.49395167"><ele>1685.100</ele><time>2026-09-13T15:18:44Z</time><speed>61.225</speed><sat>14</sat></trkpt>
  <trkpt lat="-33.60288833" lon="-70.49454333"><ele>1680.800</ele><time>2026-09-13T15:18:45Z</time><speed>63.209</speed><sat>14</sat></trkpt>
  <trkpt lat="-33.60313167" lon="-70.49513333"><ele>1679.100</ele><time>2026-09-13T15:18:46Z</time><speed>61.078</speed><sat>12</sat></trkpt>
  <trkpt lat="-33.60337500" lon="-70.49572000"><ele>1677.300</ele><time>2026-09-13T15:18:47Z</time><speed>61.636</speed><sat>12</sat></trkpt>
  <trkpt lat="-33.60362000" lon="-70.49630167"><ele>1673.100</ele><time>2026-09-13T15:18:48Z</time><speed>60.354</speed><sat>12</sat></trkpt>
  <trkpt lat="-33.60386000" lon="-70.49688000"><ele>1669.300</ele><time>2026-09-13T15:18:49Z</time><speed>60.265</speed><sat>13</sat></trkpt>
  <trkpt lat="-33.60414000" lon="-70.49743667"><ele>1655.700</ele><time>2026-09-13T15:18:50Z</time><speed>59.207</speed><sat>13</sat></trkpt>
  <trkpt lat="-33.60438000" lon="-70.49801167"><ele>1652.000</ele><time>2026-09-13T15:18:51Z</time><speed>59.693</speed><sat>13</sat></trkpt>
  <trkpt lat="-33.60460000" lon="-70.49859333"><ele>1652.600</ele><time>2026-09-13T15:18:52Z</time><speed>59.730</speed><sat>13</sat></trkpt>
  <trkpt lat="-33.60481667" lon="-70.49918000"><ele>1654.900</ele><time>2026-09-13T15:18:53Z</time><speed>59.249</speed><sat>14</sat></trkpt>
  <trkpt lat="-33.60504333" lon="-70.49976167"><ele>1656.000</ele><time>2026-09-13T15:18:54Z</time><speed>60.078</speed><sat>14</sat></trkpt>
  <trkpt lat="-33.60527667" lon="-70.50033833"><ele>1656.100</ele><time>2026-09-13T15:18:55Z</time><speed>58.949</speed><sat>14</sat></trkpt>
  <trkpt lat="-33.60551167" lon="-70.50090833"><ele>1656.300</ele><time>2026-09-13T15:18:56Z</time><speed>58.949</speed><sat>14</sat></trkpt>
  <trkpt lat="-33.60575500" lon="-70.50147500"><ele>1654.600</ele><time>2026-09-13T15:18:57Z</time><speed>59.232</speed><sat>14</sat></trkpt>
  <trkpt lat="-33.60600333" lon="-70.50204833"><ele>1653.500</ele><time>2026-09-13T15:18:58Z</time><speed>60.548</speed><sat>14</sat></trkpt>
  <trkpt lat="-33.60625500" lon="-70.50262667"><ele>1652.000</ele><time>2026-09-13T15:18:59Z</time><speed>58.653</speed><sat>14</sat></trkpt>
  <trkpt lat="-33.60650333" lon="-70.50319667"><ele>1649.300</ele><time>2026-09-13T15:19:00Z</time><speed>60.172</speed><sat>14</sat></trkpt>
  <trkpt lat="-33.60675667" lon="-70.50377000"><ele>1644.900</ele><time>2026-09-13T15:19:01Z</time><speed>59.395</speed><sat>14</sat></trkpt>
  <trkpt lat="-33.60704667" lon="-70.50434167"><ele>1633.400</ele><time>2026-09-13T15:19:02Z</time><speed>60.040</speed><sat>15</sat></trkpt>
  <trkpt lat="-33.60731667" lon="-70.50491667"><ele>1626.700</ele><time>2026-09-13T15:19:03Z</time><speed>59.534</speed><sat>15</sat></trkpt>
  <trkpt lat="-33.60759167" lon="-70.50549167"><ele>1621.000</ele><time>2026-09-13T15:19:04Z</time><speed>60.032</speed><sat>15</sat></trkpt>
  <trkpt lat="-33.60789167" lon="-70.50605667"><ele>1607.500</ele><time>2026-09-13T15:19:05Z</time><speed>60.396</speed><sat>15</sat></trkpt>
  <trkpt lat="-33.60818500" lon="-70.50662333"><ele>1596.000</ele><time>2026-09-13T15:19:06Z</time><speed>61.094</speed><sat>15</sat></trkpt>
  <trkpt lat="-33.60845500" lon="-70.50720167"><ele>1589.800</ele><time>2026-09-13T15:19:07Z</time><speed>60.908</speed><sat>15</sat></trkpt>
  <trkpt lat="-33.60867667" lon="-70.50778000"><ele>1591.500</ele><time>2026-09-13T15:19:08Z</time><speed>59.340</speed><sat>15</sat></trkpt>
  <trkpt lat="-33.60890500" lon="-70.50833667"><ele>1588.300</ele><time>2026-09-13T15:19:09Z</time><speed>58.897</speed><sat>15</sat></trkpt>
  <trkpt lat="-33.60914000" lon="-70.50890500"><ele>1585.700</ele><time>2026-09-13T15:19:10Z</time><speed>60.043</speed><sat>15</sat></trkpt>
  <trkpt lat="-33.60938333" lon="-70.50947333"><ele>1581.800</ele><time>2026-09-13T15:19:11Z</time><speed>59.275</speed><sat>14</sat></trkpt>
  <trkpt lat="-33.60962833" lon="-70.51004833"><ele>1578.600</ele><time>2026-09-13T15:19:12Z</time><speed>60.388</speed><sat>14</sat></trkpt>
  <trkpt lat="-33.60987167" lon="-70.51062833"><ele>1578.400</ele><time>2026-09-13T15:19:13Z</time><speed>60.984</speed><sat>13</sat></trkpt>
  <trkpt lat="-33.61011000" lon="-70.51121167"><ele>1580.400</ele><time>2026-09-13T15:19:14Z</time><speed>61.263</speed><sat>13</sat></trkpt>
  <trkpt lat="-33.61036333" lon="-70.51178500"><ele>1579.100</ele><time>2026-09-13T15:19:15Z</time><speed>59.984</speed><sat>13</sat></trkpt>
  <trkpt lat="-33.61061000" lon="-70.51236000"><ele>1577.700</ele><time>2026-09-13T15:19:16Z</time><speed>60.314</speed><sat>14</sat></trkpt>
  <trkpt lat="-33.61085167" lon="-70.51293667"><ele>1576.000</ele><time>2026-09-13T15:19:17Z</time><speed>60.541</speed><sat>14</sat></trkpt>
  <trkpt lat="-33.61109000" lon="-70.51351333"><ele>1576.400</ele><time>2026-09-13T15:19:18Z</time><speed>60.923</speed><sat>14</sat></trkpt>
  <trkpt lat="-33.61132833" lon="-70.51409000"><ele>1576.600</ele><time>2026-09-13T15:19:19Z</time><speed>60.130</speed><sat>14</sat></trkpt>
  <trkpt lat="-33.61155500" lon="-70.51467167"><ele>1576.400</ele><time>2026-09-13T15:19:20Z</time><speed>59.856</speed><sat>15</sat></trkpt>
  <trkpt lat="-33.61178333" lon="-70.51525333"><ele>1574.800</ele><time>2026-09-13T15:19:21Z</time><speed>60.349</speed><sat>14</sat></trkpt>
  <trkpt lat="-33.61202167" lon="-70.51583667"><ele>1572.700</ele><time>2026-09-13T15:19:22Z</time><speed>60.350</speed><sat>14</sat></trkpt>
  <trkpt lat="-33.61225167" lon="-70.51641500"><ele>1573.200</ele><time>2026-09-13T15:19:23Z</time><speed>59.673</speed><sat>15</sat></trkpt>
  <trkpt lat="-33.61248000" lon="-70.51700000"><ele>1573.100</ele><time>2026-09-13T15:19:24Z</time><speed>60.542</speed><sat>15</sat></trkpt>
  <trkpt lat="-33.61270667" lon="-70.51758000"><ele>1573.700</ele><time>2026-09-13T15:19:25Z</time><speed>60.008</speed><sat>15</sat></trkpt>
  <trkpt lat="-33.61294333" lon="-70.51816000"><ele>1574.300</ele><time>2026-09-13T15:19:26Z</time><speed>60.854</speed><sat>15</sat></trkpt>
  <trkpt lat="-33.61319000" lon="-70.51874500"><ele>1571.200</ele><time>2026-09-13T15:19:27Z</time><speed>61.297</speed><sat>15</sat></trkpt>
  <trkpt lat="-33.61344000" lon="-70.51933833"><ele>1568.800</ele><time>2026-09-13T15:19:28Z</time><speed>62.211</speed><sat>14</sat></trkpt>
  <trkpt lat="-33.61369333" lon="-70.51993667"><ele>1565.300</ele><time>2026-09-13T15:19:29Z</time><speed>61.823</speed><sat>14</sat></trkpt>
  <trkpt lat="-33.61394000" lon="-70.52052000"><ele>1560.700</ele><time>2026-09-13T15:19:30Z</time><speed>59.658</speed><sat>14</sat></trkpt>
  <trkpt lat="-33.61418167" lon="-70.52109500"><ele>1556.700</ele><time>2026-09-13T15:19:31Z</time><speed>59.892</speed><sat>14</sat></trkpt>
  <trkpt lat="-33.61443000" lon="-70.52166667"><ele>1552.700</ele><time>2026-09-13T15:19:32Z</time><speed>59.785</speed><sat>14</sat></trkpt>
  <trkpt lat="-33.61467833" lon="-70.52224333"><ele>1548.700</ele><time>2026-09-13T15:19:33Z</time><speed>60.078</speed><sat>14</sat></trkpt>
  <trkpt lat="-33.61492000" lon="-70.52281500"><ele>1547.500</ele><time>2026-09-13T15:19:34Z</time><speed>59.937</speed><sat>14</sat></trkpt>
  <trkpt lat="-33.61517000" lon="-70.52338833"><ele>1546.200</ele><time>2026-09-13T15:19:35Z</time><speed>60.194</speed><sat>14</sat></trkpt>
  <trkpt lat="-33.61542167" lon="-70.52395167"><ele>1545.000</ele><time>2026-09-13T15:19:36Z</time><speed>59.104</speed><sat>15</sat></trkpt>
  <trkpt lat="-33.61567667" lon="-70.52452167"><ele>1543.300</ele><time>2026-09-13T15:19:37Z</time><speed>60.301</speed><sat>15</sat></trkpt>
  <trkpt lat="-33.61592333" lon="-70.52509333"><ele>1543.000</ele><time>2026-09-13T15:19:38Z</time><speed>60.174</speed><sat>13</sat></trkpt>
  <trkpt lat="-33.61618000" lon="-70.52567667"><ele>1541.900</ele><time>2026-09-13T15:19:39Z</time><speed>61.478</speed><sat>13</sat></trkpt>
  <trkpt lat="-33.61653500" lon="-70.52626500"><ele>1514.700</ele><time>2026-09-13T15:19:40Z</time><speed>61.645</speed><sat>16</sat></trkpt>
  <trkpt lat="-33.61680333" lon="-70.52684000"><ele>1511.700</ele><time>2026-09-13T15:19:41Z</time><speed>60.795</speed><sat>15</sat></trkpt>
  <trkpt lat="-33.61707167" lon="-70.52741167"><ele>1508.000</ele><time>2026-09-13T15:19:42Z</time><speed>60.819</speed><sat>15</sat></trkpt>
  <trkpt lat="-33.61733833" lon="-70.52798333"><ele>1505.200</ele><time>2026-09-13T15:19:43Z</time><speed>60.264</speed><sat>14</sat></trkpt>
  <trkpt lat="-33.61760667" lon="-70.52854500"><ele>1503.100</ele><time>2026-09-13T15:19:44Z</time><speed>60.086</speed><sat>13</sat></trkpt>
  <trkpt lat="-33.61789333" lon="-70.52910667"><ele>1500.500</ele><time>2026-09-13T15:19:45Z</time><speed>61.753</speed><sat>13</sat></trkpt>
  <trkpt lat="-33.61819000" lon="-70.52967000"><ele>1497.500</ele><time>2026-09-13T15:19:46Z</time><speed>61.579</speed><sat>13</sat></trkpt>
  <trkpt lat="-33.61850167" lon="-70.53024333"><ele>1494.500</ele><time>2026-09-13T15:19:47Z</time><speed>64.411</speed><sat>12</sat></trkpt>
  <trkpt lat="-33.61881000" lon="-70.53080500"><ele>1491.300</ele><time>2026-09-13T15:19:48Z</time><speed>61.147</speed><sat>11</sat></trkpt>
  <trkpt lat="-33.61910833" lon="-70.53134167"><ele>1494.400</ele><time>2026-09-13T15:19:49Z</time><speed>60.959</speed><sat>12</sat></trkpt>
  <trkpt lat="-33.61942000" lon="-70.53188000"><ele>1492.500</ele><time>2026-09-13T15:19:50Z</time><speed>60.931</speed><sat>11</sat></trkpt>
  <trkpt lat="-33.61973667" lon="-70.53243333"><ele>1490.400</ele><time>2026-09-13T15:19:51Z</time><speed>62.911</speed><sat>10</sat></trkpt>
  <trkpt lat="-33.62005333" lon="-70.53300667"><ele>1490.700</ele><time>2026-09-13T15:19:52Z</time><speed>64.531</speed><sat>9</sat></trkpt>
  <trkpt lat="-33.62038000" lon="-70.53357333"><ele>1489.200</ele><time>2026-09-13T15:19:53Z</time><speed>62.639</speed><sat>9</sat></trkpt>
  <trkpt lat="-33.62071000" lon="-70.53412833"><ele>1488.300</ele><time>2026-09-13T15:19:54Z</time><speed>63.105</speed><sat>9</sat></trkpt>
  <trkpt lat="-33.62102000" lon="-70.53467000"><ele>1493.200</ele><time>2026-09-13T15:19:55Z</time><speed>62.063</speed><sat>9</sat></trkpt>
  <trkpt lat="-33.62135167" lon="-70.53521667"><ele>1491.900</ele><time>2026-09-13T15:19:56Z</time><speed>62.472</speed><sat>10</sat></trkpt>
  <trkpt lat="-33.62170833" lon="-70.53576833"><ele>1484.400</ele><time>2026-09-13T15:19:57Z</time><speed>61.697</speed><sat>11</sat></trkpt>
  <trkpt lat="-33.62206333" lon="-70.53631000"><ele>1479.300</ele><time>2026-09-13T15:19:58Z</time><speed>61.786</speed><sat>10</sat></trkpt>
  <trkpt lat="-33.62243167" lon="-70.53683667"><ele>1475.600</ele><time>2026-09-13T15:19:59Z</time><speed>62.310</speed><sat>10</sat></trkpt>
  <trkpt lat="-33.62283167" lon="-70.53736333"><ele>1469.200</ele><time>2026-09-13T15:20:00Z</time><speed>63.884</speed><sat>10</sat></trkpt>
  <trkpt lat="-33.62322667" lon="-70.53788333"><ele>1466.000</ele><time>2026-09-13T15:20:01Z</time><speed>65.360</speed><sat>11</sat></trkpt>
  <trkpt lat="-33.62362833" lon="-70.53840000"><ele>1462.600</ele><time>2026-09-13T15:20:02Z</time><speed>64.748</speed><sat>11</sat></trkpt>
  <trkpt lat="-33.62400667" lon="-70.53890833"><ele>1460.800</ele><time>2026-09-13T15:20:03Z</time><speed>63.041</speed><sat>11</sat></trkpt>
  <trkpt lat="-33.62438000" lon="-70.53940000"><ele>1461.900</ele><time>2026-09-13T15:20:04Z</time><speed>62.612</speed><sat>10</sat></trkpt>
  <trkpt lat="-33.62477500" lon="-70.53988167"><ele>1459.200</ele><time>2026-09-13T15:20:05Z</time><speed>60.832</speed><sat>10</sat></trkpt>
  <trkpt lat="-33.62519500" lon="-70.54035667"><ele>1457.000</ele><time>2026-09-13T15:20:06Z</time><speed>63.805</speed><sat>10</sat></trkpt>
  <trkpt lat="-33.62560667" lon="-70.54083000"><ele>1456.800</ele><time>2026-09-13T15:20:07Z</time><speed>61.978</speed><sat>10</sat></trkpt>
  <trkpt lat="-33.62609667" lon="-70.54131833"><ele>1446.500</ele><time>2026-09-13T15:20:08Z</time><speed>65.599</speed><sat>9</sat></trkpt>
  <trkpt lat="-33.62652333" lon="-70.54177833"><ele>1443.400</ele><time>2026-09-13T15:20:09Z</time><speed>63.747</speed><sat>8</sat></trkpt>
  <trkpt lat="-33.62698000" lon="-70.54223500"><ele>1429.900</ele><time>2026-09-13T15:20:10Z</time><speed>63.351</speed><sat>9</sat></trkpt>
  <trkpt lat="-33.62737000" lon="-70.54264833"><ele>1425.800</ele><time>2026-09-13T15:20:11Z</time><speed>61.001</speed><sat>9</sat></trkpt>
  <trkpt lat="-33.62776667" lon="-70.54309000"><ele>1425.500</ele><time>2026-09-13T15:20:12Z</time><speed>61.354</speed><sat>8</sat></trkpt>
  <trkpt lat="-33.62818833" lon="-70.54353000"><ele>1422.000</ele><time>2026-09-13T15:20:13Z</time><speed>61.390</speed><sat>8</sat></trkpt>
  <trkpt lat="-33.62862000" lon="-70.54395667"><ele>1420.000</ele><time>2026-09-13T15:20:14Z</time><speed>62.226</speed><sat>10</sat></trkpt>
  <trkpt lat="-33.62904500" lon="-70.54438833"><ele>1416.900</ele><time>2026-09-13T15:20:15Z</time><speed>62.259</speed><sat>9</sat></trkpt>
  <trkpt lat="-33.62947000" lon="-70.54481833"><ele>1415.200</ele><time>2026-09-13T15:20:16Z</time><speed>63.214</speed><sat>9</sat></trkpt>
  <trkpt lat="-33.62989000" lon="-70.54524333"><ele>1413.400</ele><time>2026-09-13T15:20:17Z</time><speed>62.148</speed><sat>9</sat></trkpt>
  <trkpt lat="-33.63031667" lon="-70.54565833"><ele>1412.100</ele><time>2026-09-13T15:20:18Z</time><speed>62.035</speed><sat>10</sat></trkpt>
  <trkpt lat="-33.63075167" lon="-70.54606500"><ele>1411.100</ele><time>2026-09-13T15:20:19Z</time><speed>61.433</speed><sat>8</sat></trkpt>
  <trkpt lat="-33.63117333" lon="-70.54647167"><ele>1410.900</ele><time>2026-09-13T15:20:20Z</time><speed>60.650</speed><sat>8</sat></trkpt>
  <trkpt lat="-33.63158833" lon="-70.54688333"><ele>1409.000</ele><time>2026-09-13T15:20:21Z</time><speed>60.177</speed><sat>8</sat></trkpt>
  <trkpt lat="-33.63200500" lon="-70.54729000"><ele>1407.500</ele><time>2026-09-13T15:20:22Z</time><speed>59.878</speed><sat>6</sat></trkpt>
  <trkpt lat="-33.63242333" lon="-70.54769667"><ele>1405.600</ele><time>2026-09-13T15:20:23Z</time><speed>59.864</speed><sat>5</sat></trkpt>
  <trkpt lat="-33.63284167" lon="-70.54810333"><ele>1403.700</ele><time>2026-09-13T15:20:24Z</time><speed>59.856</speed><sat>4</sat></trkpt>
  <trkpt lat="-33.63324833" lon="-70.54856000"><ele>1400.500</ele><time>2026-09-13T15:20:25Z</time><speed>60.820</speed><sat>3</sat></trkpt>
  <trkpt lat="-33.63367167" lon="-70.54894667"><ele>1399.200</ele><time>2026-09-13T15:20:26Z</time><speed>59.993</speed><sat>3</sat></trkpt>
  <trkpt lat="-33.63406833" lon="-70.54932833"><ele>1396.500</ele><time>2026-09-13T15:20:27Z</time><speed>58.965</speed><sat>4</sat></trkpt>
  <trkpt lat="-33.63450167" lon="-70.54966000"><ele>1391.700</ele><time>2026-09-13T15:20:28Z</time><speed>58.238</speed><sat>4</sat></trkpt>
  <trkpt lat="-33.63493333" lon="-70.55004333"><ele>1388.100</ele><time>2026-09-13T15:20:29Z</time><speed>58.475</speed><sat>5</sat></trkpt>
  <trkpt lat="-33.63533167" lon="-70.55040500"><ele>1383.700</ele><time>2026-09-13T15:20:30Z</time><speed>56.624</speed><sat>5</sat></trkpt>
  <trkpt lat="-33.63576500" lon="-70.55075167"><ele>1379.200</ele><time>2026-09-13T15:20:31Z</time><speed>57.760</speed><sat>4</sat></trkpt>
  <trkpt lat="-33.63613167" lon="-70.55114167"><ele>1375.400</ele><time>2026-09-13T15:20:32Z</time><speed>57.488</speed><sat>4</sat></trkpt>
  <trkpt lat="-33.63653667" lon="-70.55151000"><ele>1374.400</ele><time>2026-09-13T15:20:33Z</time><speed>58.332</speed><sat>5</sat></trkpt>
  <trkpt lat="-33.63693833" lon="-70.55189167"><ele>1372.400</ele><time>2026-09-13T15:20:34Z</time><speed>58.654</speed><sat>5</sat></trkpt>
  <trkpt lat="-33.63735167" lon="-70.55228833"><ele>1368.900</ele><time>2026-09-13T15:20:35Z</time><speed>59.696</speed><sat>5</sat></trkpt>
  <trkpt lat="-33.63777333" lon="-70.55268833"><ele>1365.900</ele><time>2026-09-13T15:20:36Z</time><speed>59.676</speed><sat>4</sat></trkpt>
  <trkpt lat="-33.63818500" lon="-70.55309000"><ele>1362.600</ele><time>2026-09-13T15:20:37Z</time><speed>59.062</speed><sat>4</sat></trkpt>
  <trkpt lat="-33.63859667" lon="-70.55351333"><ele>1358.000</ele><time>2026-09-13T15:20:38Z</time><speed>59.475</speed><sat>5</sat></trkpt>
  <trkpt lat="-33.63907000" lon="-70.55391667"><ele>1352.800</ele><time>2026-09-13T15:20:39Z</time><speed>60.333</speed><sat>5</sat></trkpt>
  <trkpt lat="-33.63958167" lon="-70.55430000"><ele>1343.800</ele><time>2026-09-13T15:20:40Z</time><speed>62.860</speed><sat>5</sat></trkpt>
  <trkpt lat="-33.64000333" lon="-70.55469167"><ele>1341.500</ele><time>2026-09-13T15:20:41Z</time><speed>60.951</speed><sat>5</sat></trkpt>
  <trkpt lat="-33.64045833" lon="-70.55507167"><ele>1337.000</ele><time>2026-09-13T15:20:42Z</time><speed>60.609</speed><sat>5</sat></trkpt>
  <trkpt lat="-33.64090667" lon="-70.55545500"><ele>1332.400</ele><time>2026-09-13T15:20:43Z</time><speed>60.049</speed><sat>5</sat></trkpt>
  <trkpt lat="-33.64141667" lon="-70.55582167"><ele>1319.800</ele><time>2026-09-13T15:20:44Z</time><speed>60.176</speed><sat>6</sat></trkpt>
  <trkpt lat="-33.64189667" lon="-70.55621500"><ele>1308.200</ele><time>2026-09-13T15:20:45Z</time><speed>61.969</speed><sat>6</sat></trkpt>
  <trkpt lat="-33.64232833" lon="-70.55660500"><ele>1308.500</ele><time>2026-09-13T15:20:46Z</time><speed>61.946</speed><sat>5</sat></trkpt>
  <trkpt lat="-33.64274333" lon="-70.55697333"><ele>1306.300</ele><time>2026-09-13T15:20:47Z</time><speed>60.810</speed><sat>7</sat></trkpt>
  <trkpt lat="-33.64318833" lon="-70.55736167"><ele>1302.100</ele><time>2026-09-13T15:20:48Z</time><speed>61.222</speed><sat>4</sat></trkpt>
  <trkpt lat="-33.64364167" lon="-70.55774333"><ele>1298.400</ele><time>2026-09-13T15:20:49Z</time><speed>62.140</speed><sat>6</sat></trkpt>
  <trkpt lat="-33.64405667" lon="-70.55810833"><ele>1305.600</ele><time>2026-09-13T15:20:50Z</time><speed>59.918</speed><sat>6</sat></trkpt>
  <trkpt lat="-33.64444000" lon="-70.55850667"><ele>1305.100</ele><time>2026-09-13T15:20:51Z</time><speed>58.042</speed><sat>6</sat></trkpt>
  <trkpt lat="-33.64489667" lon="-70.55888833"><ele>1291.100</ele><time>2026-09-13T15:20:52Z</time><speed>55.459</speed><sat>7</sat></trkpt>
  <trkpt lat="-33.64536000" lon="-70.55922667"><ele>1278.100</ele><time>2026-09-13T15:20:53Z</time><speed>55.366</speed><sat>7</sat></trkpt>
  <trkpt lat="-33.64575667" lon="-70.55955667"><ele>1273.600</ele><time>2026-09-13T15:20:54Z</time><speed>54.954</speed><sat>6</sat></trkpt>
  <trkpt lat="-33.64616000" lon="-70.55991833"><ele>1268.400</ele><time>2026-09-13T15:20:55Z</time><speed>56.188</speed><sat>5</sat></trkpt>
  <trkpt lat="-33.64652500" lon="-70.56029833"><ele>1265.400</ele><time>2026-09-13T15:20:56Z</time><speed>54.772</speed><sat>8</sat></trkpt>
  <trkpt lat="-33.64694667" lon="-70.56065833"><ele>1261.100</ele><time>2026-09-13T15:20:57Z</time><speed>56.128</speed><sat>8</sat></trkpt>
  <trkpt lat="-33.64738167" lon="-70.56104167"><ele>1257.400</ele><time>2026-09-13T15:20:58Z</time><speed>58.109</speed><sat>8</sat></trkpt>
  <trkpt lat="-33.64789333" lon="-70.56145667"><ele>1253.000</ele><time>2026-09-13T15:20:59Z</time><speed>59.920</speed><sat>9</sat></trkpt>
  <trkpt lat="-33.64831333" lon="-70.56191333"><ele>1253.800</ele><time>2026-09-13T15:21:00Z</time><speed>61.607</speed><sat>10</sat></trkpt>
  <trkpt lat="-33.64871167" lon="-70.56237833"><ele>1248.600</ele><time>2026-09-13T15:21:01Z</time><speed>62.015</speed><sat>11</sat></trkpt>
  <trkpt lat="-33.64911167" lon="-70.56281833"><ele>1277.600</ele><time>2026-09-13T15:21:02Z</time><speed>60.847</speed><sat>14</sat></trkpt>
  <trkpt lat="-33.64957500" lon="-70.56325500"><ele>1279.300</ele><time>2026-09-13T15:21:03Z</time><speed>62.149</speed><sat>14</sat></trkpt>
  <trkpt lat="-33.65002167" lon="-70.56371667"><ele>1273.300</ele><time>2026-09-13T15:21:04Z</time><speed>61.064</speed><sat>14</sat></trkpt>
  <trkpt lat="-33.65043333" lon="-70.56414167"><ele>1274.800</ele><time>2026-09-13T15:21:05Z</time><speed>60.044</speed><sat>12</sat></trkpt>
  <trkpt lat="-33.65083667" lon="-70.56456667"><ele>1277.300</ele><time>2026-09-13T15:21:06Z</time><speed>59.939</speed><sat>12</sat></trkpt>
  <trkpt lat="-33.65125000" lon="-70.56500000"><ele>1273.200</ele><time>2026-09-13T15:21:07Z</time><speed>59.903</speed><sat>12</sat></trkpt>
  <trkpt lat="-33.65165167" lon="-70.56543167"><ele>1268.200</ele><time>2026-09-13T15:21:08Z</time><speed>58.284</speed><sat>12</sat></trkpt>
  <trkpt lat="-33.65206667" lon="-70.56587167"><ele>1263.400</ele><time>2026-09-13T15:21:09Z</time><speed>61.346</speed><sat>12</sat></trkpt>
  <trkpt lat="-33.65248500" lon="-70.56632500"><ele>1258.000</ele><time>2026-09-13T15:21:10Z</time><speed>60.445</speed><sat>11</sat></trkpt>
  <trkpt lat="-33.65289500" lon="-70.56676667"><ele>1253.600</ele><time>2026-09-13T15:21:11Z</time><speed>60.735</speed><sat>9</sat></trkpt>
  <trkpt lat="-33.65331167" lon="-70.56721500"><ele>1252.600</ele><time>2026-09-13T15:21:12Z</time><speed>62.645</speed><sat>10</sat></trkpt>
  <trkpt lat="-33.65371333" lon="-70.56765333"><ele>1258.600</ele><time>2026-09-13T15:21:13Z</time><speed>62.878</speed><sat>9</sat></trkpt>
  <trkpt lat="-33.65415333" lon="-70.56808500"><ele>1257.000</ele><time>2026-09-13T15:21:14Z</time><speed>63.198</speed><sat>8</sat></trkpt>
  <trkpt lat="-33.65464667" lon="-70.56848833"><ele>1249.900</ele><time>2026-09-13T15:21:15Z</time><speed>63.208</speed><sat>9</sat></trkpt>
  <trkpt lat="-33.65511667" lon="-70.56886667"><ele>1248.000</ele><time>2026-09-13T15:21:16Z</time><speed>63.340</speed><sat>10</sat></trkpt>
  <trkpt lat="-33.65558167" lon="-70.56920667"><ele>1245.500</ele><time>2026-09-13T15:21:17Z</time><speed>61.744</speed><sat>9</sat></trkpt>
  <trkpt lat="-33.65604500" lon="-70.56952000"><ele>1241.100</ele><time>2026-09-13T15:21:18Z</time><speed>60.708</speed><sat>8</sat></trkpt>
  <trkpt lat="-33.65645833" lon="-70.56972833"><ele>1224.000</ele><time>2026-09-13T15:21:19Z</time><speed>60.400</speed><sat>11</sat></trkpt>
  <trkpt lat="-33.65687333" lon="-70.56994167"><ele>1212.600</ele><time>2026-09-13T15:21:20Z</time><speed>59.890</speed><sat>10</sat></trkpt>
  <trkpt lat="-33.65733500" lon="-70.57016667"><ele>1201.900</ele><time>2026-09-13T15:21:21Z</time><speed>60.188</speed><sat>10</sat></trkpt>
  <trkpt lat="-33.65783333" lon="-70.57035167"><ele>1195.000</ele><time>2026-09-13T15:21:22Z</time><speed>58.254</speed><sat>7</sat></trkpt>
  <trkpt lat="-33.65834833" lon="-70.57052833"><ele>1187.000</ele><time>2026-09-13T15:21:23Z</time><speed>59.985</speed><sat>8</sat></trkpt>
  <trkpt lat="-33.65887000" lon="-70.57069000"><ele>1179.800</ele><time>2026-09-13T15:21:24Z</time><speed>59.763</speed><sat>7</sat></trkpt>
  <trkpt lat="-33.65939167" lon="-70.57083333"><ele>1172.600</ele><time>2026-09-13T15:21:25Z</time><speed>59.552</speed><sat>8</sat></trkpt>
  <trkpt lat="-33.65990000" lon="-70.57095000"><ele>1165.300</ele><time>2026-09-13T15:21:26Z</time><speed>58.211</speed><sat>9</sat></trkpt>
  <trkpt lat="-33.66035167" lon="-70.57106333"><ele>1152.000</ele><time>2026-09-13T15:21:27Z</time><speed>55.412</speed><sat>9</sat></trkpt>
  <trkpt lat="-33.66086000" lon="-70.57112667"><ele>1145.300</ele><time>2026-09-13T15:21:28Z</time><speed>56.889</speed><sat>8</sat></trkpt>
  <trkpt lat="-33.66139333" lon="-70.57115167"><ele>1139.500</ele><time>2026-09-13T15:21:29Z</time><speed>56.877</speed><sat>12</sat></trkpt>
  <trkpt lat="-33.66194167" lon="-70.57117167"><ele>1132.500</ele><time>2026-09-13T15:21:30Z</time><speed>59.478</speed><sat>11</sat></trkpt>
  <trkpt lat="-33.66248667" lon="-70.57119333"><ele>1124.200</ele><time>2026-09-13T15:21:31Z</time><speed>59.482</speed><sat>12</sat></trkpt>
  <trkpt lat="-33.66306167" lon="-70.57119167"><ele>1116.700</ele><time>2026-09-13T15:21:32Z</time><speed>62.674</speed><sat>12</sat></trkpt>
  <trkpt lat="-33.66360333" lon="-70.57118167"><ele>1111.500</ele><time>2026-09-13T15:21:33Z</time><speed>59.200</speed><sat>13</sat></trkpt>
  <trkpt lat="-33.66413500" lon="-70.57117667"><ele>1107.500</ele><time>2026-09-13T15:21:34Z</time><speed>57.755</speed><sat>11</sat></trkpt>
  <trkpt lat="-33.66467167" lon="-70.57118667"><ele>1102.100</ele><time>2026-09-13T15:21:35Z</time><speed>57.763</speed><sat>11</sat></trkpt>
  <trkpt lat="-33.66520833" lon="-70.57122833"><ele>1097.300</ele><time>2026-09-13T15:21:36Z</time><speed>59.373</speed><sat>11</sat></trkpt>
  <trkpt lat="-33.66575333" lon="-70.57128500"><ele>1091.800</ele><time>2026-09-13T15:21:37Z</time><speed>59.409</speed><sat>10</sat></trkpt>
  <trkpt lat="-33.66631667" lon="-70.57134667"><ele>1084.700</ele><time>2026-09-13T15:21:38Z</time><speed>60.889</speed><sat>10</sat></trkpt>
  <trkpt lat="-33.66688167" lon="-70.57140500"><ele>1081.100</ele><time>2026-09-13T15:21:39Z</time><speed>62.153</speed><sat>12</sat></trkpt>
  <trkpt lat="-33.66745000" lon="-70.57147333"><ele>1072.800</ele><time>2026-09-13T15:21:40Z</time><speed>62.365</speed><sat>11</sat></trkpt>
  <trkpt lat="-33.66799500" lon="-70.57154333"><ele>1067.400</ele><time>2026-09-13T15:21:41Z</time><speed>61.498</speed><sat>11</sat></trkpt>
  <trkpt lat="-33.66857000" lon="-70.57159333"><ele>1064.900</ele><time>2026-09-13T15:21:42Z</time><speed>61.954</speed><sat>12</sat></trkpt>
  <trkpt lat="-33.66912667" lon="-70.57165667"><ele>1062.400</ele><time>2026-09-13T15:21:43Z</time><speed>61.966</speed><sat>12</sat></trkpt>
  <trkpt lat="-33.66966667" lon="-70.57166000"><ele>1080.800</ele><time>2026-09-13T15:21:44Z</time><speed>62.145</speed><sat>12</sat></trkpt>
  <trkpt lat="-33.67019667" lon="-70.57166500"><ele>1084.000</ele><time>2026-09-13T15:21:45Z</time><speed>60.028</speed><sat>11</sat></trkpt>
  <trkpt lat="-33.67074833" lon="-70.57163333"><ele>1080.200</ele><time>2026-09-13T15:21:46Z</time><speed>61.220</speed><sat>13</sat></trkpt>
  <trkpt lat="-33.67128833" lon="-70.57156000"><ele>1078.800</ele><time>2026-09-13T15:21:47Z</time><speed>59.448</speed><sat>13</sat></trkpt>
  <trkpt lat="-33.67180333" lon="-70.57143167"><ele>1076.500</ele><time>2026-09-13T15:21:48Z</time><speed>57.931</speed><sat>12</sat></trkpt>
  <trkpt lat="-33.67228333" lon="-70.57121833"><ele>1072.800</ele><time>2026-09-13T15:21:49Z</time><speed>56.694</speed><sat>10</sat></trkpt>
  <trkpt lat="-33.67274167" lon="-70.57096500"><ele>1070.500</ele><time>2026-09-13T15:21:50Z</time><speed>56.562</speed><sat>8</sat></trkpt>
  <trkpt lat="-33.67320667" lon="-70.57066167"><ele>1067.900</ele><time>2026-09-13T15:21:51Z</time><speed>57.444</speed><sat>6</sat></trkpt>
  <trkpt lat="-33.67365833" lon="-70.57033500"><ele>1065.000</ele><time>2026-09-13T15:21:52Z</time><speed>57.556</speed><sat>6</sat></trkpt>
  <trkpt lat="-33.67407000" lon="-70.56999167"><ele>1062.200</ele><time>2026-09-13T15:21:53Z</time><speed>56.884</speed><sat>6</sat></trkpt>
  <trkpt lat="-33.67449333" lon="-70.56959667"><ele>1058.400</ele><time>2026-09-13T15:21:54Z</time><speed>58.076</speed><sat>6</sat></trkpt>
  <trkpt lat="-33.67488667" lon="-70.56920833"><ele>1054.300</ele><time>2026-09-13T15:21:55Z</time><speed>56.680</speed><sat>6</sat></trkpt>
  <trkpt lat="-33.67526500" lon="-70.56881833"><ele>1050.200</ele><time>2026-09-13T15:21:56Z</time><speed>56.277</speed><sat>5</sat></trkpt>
  <trkpt lat="-33.67542833" lon="-70.56827500"><ele>1042.400</ele><time>2026-09-13T15:21:57Z</time><speed>55.001</speed><sat>4</sat></trkpt>
  <trkpt lat="-33.67549667" lon="-70.56762333"><ele>1034.400</ele><time>2026-09-13T15:21:58Z</time><speed>54.980</speed><sat>4</sat></trkpt>
  <trkpt lat="-33.67557000" lon="-70.56710167"><ele>1026.900</ele><time>2026-09-13T15:21:59Z</time><speed>51.659</speed><sat>4</sat></trkpt>
  <trkpt lat="-33.67558167" lon="-70.56645500"><ele>1018.700</ele><time>2026-09-13T15:22:00Z</time><speed>51.940</speed><sat>4</sat></trkpt>
  <trkpt lat="-33.67541333" lon="-70.56575667"><ele>1010.200</ele><time>2026-09-13T15:22:01Z</time><speed>52.382</speed><sat>3</sat></trkpt>
  <trkpt lat="-33.67523167" lon="-70.56503333"><ele>1001.600</ele><time>2026-09-13T15:22:02Z</time><speed>54.276</speed><sat>4</sat></trkpt>
  <trkpt lat="-33.67525667" lon="-70.56446333"><ele>994.800</ele><time>2026-09-13T15:22:03Z</time><speed>53.934</speed><sat>3</sat></trkpt>
  <trkpt lat="-33.66815167" lon="-70.56017167"><ele>974.100</ele><time>2026-09-13T15:22:18Z</time><speed>54.469</speed><sat>8</sat></trkpt>
  <trkpt lat="-33.66761833" lon="-70.55975667"><ele>983.200</ele><time>2026-09-13T15:22:19Z</time><speed>55.706</speed><sat>8</sat></trkpt>
  <trkpt lat="-33.66719833" lon="-70.55935333"><ele>984.300</ele><time>2026-09-13T15:22:20Z</time><speed>56.647</speed><sat>10</sat></trkpt>
  <trkpt lat="-33.66677500" lon="-70.55887333"><ele>993.200</ele><time>2026-09-13T15:22:21Z</time><speed>55.639</speed><sat>11</sat></trkpt>
  <trkpt lat="-33.66632167" lon="-70.55820333"><ele>987.800</ele><time>2026-09-13T15:22:22Z</time><speed>53.328</speed><sat>10</sat></trkpt>
  <trkpt lat="-33.66605000" lon="-70.55767167"><ele>991.400</ele><time>2026-09-13T15:22:23Z</time><speed>52.500</speed><sat>10</sat></trkpt>
  <trkpt lat="-33.66585667" lon="-70.55713167"><ele>994.200</ele><time>2026-09-13T15:22:24Z</time><speed>55.009</speed><sat>10</sat></trkpt>
  <trkpt lat="-33.66574333" lon="-70.55659833"><ele>992.300</ele><time>2026-09-13T15:22:25Z</time><speed>54.738</speed><sat>10</sat></trkpt>
  <trkpt lat="-33.66566500" lon="-70.55599833"><ele>988.100</ele><time>2026-09-13T15:22:26Z</time><speed>55.330</speed><sat>9</sat></trkpt>
  <trkpt lat="-33.66566833" lon="-70.55542333"><ele>984.800</ele><time>2026-09-13T15:22:27Z</time><speed>55.133</speed><sat>9</sat></trkpt>
  <trkpt lat="-33.66571167" lon="-70.55483333"><ele>980.700</ele><time>2026-09-13T15:22:28Z</time><speed>55.747</speed><sat>9</sat></trkpt>
  <trkpt lat="-33.66583167" lon="-70.55427667"><ele>975.100</ele><time>2026-09-13T15:22:29Z</time><speed>54.973</speed><sat>9</sat></trkpt>
  <trkpt lat="-33.66599167" lon="-70.55373333"><ele>971.900</ele><time>2026-09-13T15:22:30Z</time><speed>54.490</speed><sat>9</sat></trkpt>
  <trkpt lat="-33.66621667" lon="-70.55321000"><ele>971.800</ele><time>2026-09-13T15:22:31Z</time><speed>55.218</speed><sat>9</sat></trkpt>
  <trkpt lat="-33.66649167" lon="-70.55269833"><ele>968.700</ele><time>2026-09-13T15:22:32Z</time><speed>56.810</speed><sat>9</sat></trkpt>
  <trkpt lat="-33.66681833" lon="-70.55222333"><ele>957.800</ele><time>2026-09-13T15:22:33Z</time><speed>55.308</speed><sat>9</sat></trkpt>
  <trkpt lat="-33.66720833" lon="-70.55182167"><ele>953.200</ele><time>2026-09-13T15:22:34Z</time><speed>56.751</speed><sat>9</sat></trkpt>
  <trkpt lat="-33.66764833" lon="-70.55147167"><ele>955.100</ele><time>2026-09-13T15:22:35Z</time><speed>58.093</speed><sat>10</sat></trkpt>
  <trkpt lat="-33.66812500" lon="-70.55114667"><ele>953.900</ele><time>2026-09-13T15:22:36Z</time><speed>60.853</speed><sat>11</sat></trkpt>
  <trkpt lat="-33.66862000" lon="-70.55086833"><ele>954.000</ele><time>2026-09-13T15:22:37Z</time><speed>58.572</speed><sat>10</sat></trkpt>
  <trkpt lat="-33.66913333" lon="-70.55067000"><ele>954.500</ele><time>2026-09-13T15:22:38Z</time><speed>59.939</speed><sat>10</sat></trkpt>
  <trkpt lat="-33.66964000" lon="-70.55049500"><ele>953.600</ele><time>2026-09-13T15:22:39Z</time><speed>58.308</speed><sat>10</sat></trkpt>
  <trkpt lat="-33.67014667" lon="-70.55035167"><ele>956.100</ele><time>2026-09-13T15:22:40Z</time><speed>58.516</speed><sat>13</sat></trkpt>
  <trkpt lat="-33.67066667" lon="-70.55021333"><ele>956.400</ele><time>2026-09-13T15:22:41Z</time><speed>59.178</speed><sat>13</sat></trkpt>
  <trkpt lat="-33.67119000" lon="-70.55006833"><ele>961.600</ele><time>2026-09-13T15:22:42Z</time><speed>59.194</speed><sat>14</sat></trkpt>
  <trkpt lat="-33.67169500" lon="-70.54990000"><ele>967.900</ele><time>2026-09-13T15:22:43Z</time><speed>58.469</speed><sat>15</sat></trkpt>
  <trkpt lat="-33.67218667" lon="-70.54969500"><ele>969.600</ele><time>2026-09-13T15:22:44Z</time><speed>57.547</speed><sat>14</sat></trkpt>
  <trkpt lat="-33.67269167" lon="-70.54945000"><ele>967.300</ele><time>2026-09-13T15:22:45Z</time><speed>58.585</speed><sat>15</sat></trkpt>
  <trkpt lat="-33.67315500" lon="-70.54913500"><ele>968.900</ele><time>2026-09-13T15:22:46Z</time><speed>60.060</speed><sat>13</sat></trkpt>
  <trkpt lat="-33.67361500" lon="-70.54879000"><ele>969.200</ele><time>2026-09-13T15:22:47Z</time><speed>60.276</speed><sat>14</sat></trkpt>
  <trkpt lat="-33.67401833" lon="-70.54837500"><ele>971.000</ele><time>2026-09-13T15:22:48Z</time><speed>59.851</speed><sat>12</sat></trkpt>
  <trkpt lat="-33.67439333" lon="-70.54792500"><ele>972.700</ele><time>2026-09-13T15:22:49Z</time><speed>59.490</speed><sat>12</sat></trkpt>
  <trkpt lat="-33.67468833" lon="-70.54742167"><ele>978.600</ele><time>2026-09-13T15:22:50Z</time><speed>58.538</speed><sat>13</sat></trkpt>
  <trkpt lat="-33.67495167" lon="-70.54687667"><ele>984.100</ele><time>2026-09-13T15:22:51Z</time><speed>59.005</speed><sat>12</sat></trkpt>
  <trkpt lat="-33.67517333" lon="-70.54630667"><ele>988.900</ele><time>2026-09-13T15:22:52Z</time><speed>59.363</speed><sat>11</sat></trkpt>
  <trkpt lat="-33.67535500" lon="-70.54572333"><ele>991.500</ele><time>2026-09-13T15:22:53Z</time><speed>58.796</speed><sat>11</sat></trkpt>
  <trkpt lat="-33.67549167" lon="-70.54512167"><ele>992.400</ele><time>2026-09-13T15:22:54Z</time><speed>57.895</speed><sat>11</sat></trkpt>
  <trkpt lat="-33.67559500" lon="-70.54452500"><ele>993.300</ele><time>2026-09-13T15:22:55Z</time><speed>56.800</speed><sat>12</sat></trkpt>
  <trkpt lat="-33.67559667" lon="-70.54392500"><ele>990.300</ele><time>2026-09-13T15:22:56Z</time><speed>58.116</speed><sat>10</sat></trkpt>
  <trkpt lat="-33.67554167" lon="-70.54330667"><ele>992.300</ele><time>2026-09-13T15:22:57Z</time><speed>57.952</speed><sat>10</sat></trkpt>
  <trkpt lat="-33.67547333" lon="-70.54271833"><ele>986.300</ele><time>2026-09-13T15:22:58Z</time><speed>56.244</speed><sat>11</sat></trkpt>
  <trkpt lat="-33.67532833" lon="-70.54213333"><ele>985.500</ele><time>2026-09-13T15:22:59Z</time><speed>56.951</speed><sat>11</sat></trkpt>
  <trkpt lat="-33.67515167" lon="-70.54157500"><ele>983.900</ele><time>2026-09-13T15:23:00Z</time><speed>55.028</speed><sat>11</sat></trkpt>
  <trkpt lat="-33.67495833" lon="-70.54106333"><ele>976.400</ele><time>2026-09-13T15:23:01Z</time><speed>53.414</speed><sat>10</sat></trkpt>
  <trkpt lat="-33.67474667" lon="-70.54061833"><ele>968.900</ele><time>2026-09-13T15:23:02Z</time><speed>48.407</speed><sat>10</sat></trkpt>
  <trkpt lat="-33.67443333" lon="-70.54018333"><ele>967.500</ele><time>2026-09-13T15:23:03Z</time><speed>52.074</speed><sat>9</sat></trkpt>
  <trkpt lat="-33.67412167" lon="-70.53977000"><ele>964.400</ele><time>2026-09-13T15:23:04Z</time><speed>51.819</speed><sat>7</sat></trkpt>
  <trkpt lat="-33.67378667" lon="-70.53941167"><ele>961.700</ele><time>2026-09-13T15:23:05Z</time><speed>50.168</speed><sat>6</sat></trkpt>
  <trkpt lat="-33.67339167" lon="-70.53916167"><ele>958.400</ele><time>2026-09-13T15:23:06Z</time><speed>49.369</speed><sat>6</sat></trkpt>
  <trkpt lat="-33.67283167" lon="-70.53902500"><ele>953.700</ele><time>2026-09-13T15:23:07Z</time><speed>55.365</speed><sat>8</sat></trkpt>
  <trkpt lat="-33.67229333" lon="-70.53887167"><ele>951.500</ele><time>2026-09-13T15:23:08Z</time><speed>57.902</speed><sat>8</sat></trkpt>
  <trkpt lat="-33.67177500" lon="-70.53877667"><ele>947.200</ele><time>2026-09-13T15:23:09Z</time><speed>56.708</speed><sat>10</sat></trkpt>
  <trkpt lat="-33.67118667" lon="-70.53870333"><ele>949.400</ele><time>2026-09-13T15:23:10Z</time><speed>55.367</speed><sat>10</sat></trkpt>
  <trkpt lat="-33.67067833" lon="-70.53869833"><ele>946.800</ele><time>2026-09-13T15:23:11Z</time><speed>56.508</speed><sat>11</sat></trkpt>
  <trkpt lat="-33.67014000" lon="-70.53871000"><ele>946.600</ele><time>2026-09-13T15:23:12Z</time><speed>56.829</speed><sat>11</sat></trkpt>
  <trkpt lat="-33.66961667" lon="-70.53871500"><ele>945.900</ele><time>2026-09-13T15:23:13Z</time><speed>57.364</speed><sat>11</sat></trkpt>
  <trkpt lat="-33.66904667" lon="-70.53873667"><ele>961.200</ele><time>2026-09-13T15:23:14Z</time><speed>57.715</speed><sat>13</sat></trkpt>
  <trkpt lat="-33.66851500" lon="-70.53876167"><ele>966.200</ele><time>2026-09-13T15:23:15Z</time><speed>57.579</speed><sat>13</sat></trkpt>
  <trkpt lat="-33.66797833" lon="-70.53879667"><ele>970.600</ele><time>2026-09-13T15:23:16Z</time><speed>58.898</speed><sat>13</sat></trkpt>
  <trkpt lat="-33.66745833" lon="-70.53882333"><ele>973.300</ele><time>2026-09-13T15:23:17Z</time><speed>57.101</speed><sat>12</sat></trkpt>
  <trkpt lat="-33.66694000" lon="-70.53885333"><ele>977.400</ele><time>2026-09-13T15:23:18Z</time><speed>57.456</speed><sat>12</sat></trkpt>
  <trkpt lat="-33.66641000" lon="-70.53886000"><ele>979.000</ele><time>2026-09-13T15:23:19Z</time><speed>58.282</speed><sat>13</sat></trkpt>
  <trkpt lat="-33.66587500" lon="-70.53888833"><ele>980.600</ele><time>2026-09-13T15:23:20Z</time><speed>59.635</speed><sat>13</sat></trkpt>
  <trkpt lat="-33.66536333" lon="-70.53892833"><ele>978.200</ele><time>2026-09-13T15:23:21Z</time><speed>57.053</speed><sat>12</sat></trkpt>
  <trkpt lat="-33.66482333" lon="-70.53899833"><ele>985.200</ele><time>2026-09-13T15:23:22Z</time><speed>57.940</speed><sat>11</sat></trkpt>
  <trkpt lat="-33.66430500" lon="-70.53907333"><ele>985.100</ele><time>2026-09-13T15:23:23Z</time><speed>57.951</speed><sat>11</sat></trkpt>
  <trkpt lat="-33.66381333" lon="-70.53916667"><ele>979.100</ele><time>2026-09-13T15:23:24Z</time><speed>56.046</speed><sat>11</sat></trkpt>
  <trkpt lat="-33.66335000" lon="-70.53930333"><ele>969.500</ele><time>2026-09-13T15:23:25Z</time><speed>56.065</speed><sat>11</sat></trkpt>
  <trkpt lat="-33.66285000" lon="-70.53946500"><ele>969.900</ele><time>2026-09-13T15:23:26Z</time><speed>57.997</speed><sat>11</sat></trkpt>
  <trkpt lat="-33.66235333" lon="-70.53966667"><ele>970.200</ele><time>2026-09-13T15:23:27Z</time><speed>58.275</speed><sat>11</sat></trkpt>
  <trkpt lat="-33.66187667" lon="-70.53989333"><ele>971.800</ele><time>2026-09-13T15:23:28Z</time><speed>55.971</speed><sat>12</sat></trkpt>
  <trkpt lat="-33.66141500" lon="-70.54012500"><ele>977.000</ele><time>2026-09-13T15:23:29Z</time><speed>54.180</speed><sat>10</sat></trkpt>
  <trkpt lat="-33.66096500" lon="-70.54034833"><ele>980.500</ele><time>2026-09-13T15:23:30Z</time><speed>56.163</speed><sat>10</sat></trkpt>
  <trkpt lat="-33.66050500" lon="-70.54060167"><ele>982.200</ele><time>2026-09-13T15:23:31Z</time><speed>59.028</speed><sat>10</sat></trkpt>
  <trkpt lat="-33.66008833" lon="-70.54091833"><ele>986.300</ele><time>2026-09-13T15:23:32Z</time><speed>54.406</speed><sat>9</sat></trkpt>
  <trkpt lat="-33.65966667" lon="-70.54126500"><ele>988.400</ele><time>2026-09-13T15:23:33Z</time><speed>56.519</speed><sat>8</sat></trkpt>
  <trkpt lat="-33.65929000" lon="-70.54165500"><ele>990.200</ele><time>2026-09-13T15:23:34Z</time><speed>55.553</speed><sat>9</sat></trkpt>
  <trkpt lat="-33.65892833" lon="-70.54205333"><ele>987.800</ele><time>2026-09-13T15:23:35Z</time><speed>54.598</speed><sat>8</sat></trkpt>
  <trkpt lat="-33.65857833" lon="-70.54245000"><ele>986.400</ele><time>2026-09-13T15:23:36Z</time><speed>53.648</speed><sat>7</sat></trkpt>
  <trkpt lat="-33.65824500" lon="-70.54289500"><ele>987.600</ele><time>2026-09-13T15:23:37Z</time><speed>55.744</speed><sat>7</sat></trkpt>
  <trkpt lat="-33.65792500" lon="-70.54336000"><ele>990.700</ele><time>2026-09-13T15:23:38Z</time><speed>55.730</speed><sat>7</sat></trkpt>
  <trkpt lat="-33.65762167" lon="-70.54385333"><ele>990.000</ele><time>2026-09-13T15:23:39Z</time><speed>56.507</speed><sat>7</sat></trkpt>
  <trkpt lat="-33.65736833" lon="-70.54436500"><ele>991.200</ele><time>2026-09-13T15:23:40Z</time><speed>55.072</speed><sat>7</sat></trkpt>
  <trkpt lat="-33.65717000" lon="-70.54492000"><ele>989.700</ele><time>2026-09-13T15:23:41Z</time><speed>55.228</speed><sat>7</sat></trkpt>
  <trkpt lat="-33.65696333" lon="-70.54548167"><ele>988.300</ele><time>2026-09-13T15:23:42Z</time><speed>56.688</speed><sat>6</sat></trkpt>
  <trkpt lat="-33.65678167" lon="-70.54605833"><ele>987.400</ele><time>2026-09-13T15:23:43Z</time><speed>57.131</speed><sat>6</sat></trkpt>
  <trkpt lat="-33.65666500" lon="-70.54663333"><ele>983.800</ele><time>2026-09-13T15:23:44Z</time><speed>56.830</speed><sat>7</sat></trkpt>
  <trkpt lat="-33.65652333" lon="-70.54720000"><ele>980.500</ele><time>2026-09-13T15:23:45Z</time><speed>56.374</speed><sat>7</sat></trkpt>
  <trkpt lat="-33.65651833" lon="-70.54780833"><ele>982.400</ele><time>2026-09-13T15:23:46Z</time><speed>54.788</speed><sat>7</sat></trkpt>
  <trkpt lat="-33.65647333" lon="-70.54839667"><ele>981.100</ele><time>2026-09-13T15:23:47Z</time><speed>53.969</speed><sat>7</sat></trkpt>
  <trkpt lat="-33.65645333" lon="-70.54895833"><ele>981.000</ele><time>2026-09-13T15:23:48Z</time><speed>52.029</speed><sat>6</sat></trkpt>
  <trkpt lat="-33.65644167" lon="-70.54953500"><ele>981.700</ele><time>2026-09-13T15:23:49Z</time><speed>52.711</speed><sat>6</sat></trkpt>
  <trkpt lat="-33.65640833" lon="-70.55008667"><ele>977.100</ele><time>2026-09-13T15:23:50Z</time><speed>53.899</speed><sat>7</sat></trkpt>
  <trkpt lat="-33.65641167" lon="-70.55070333"><ele>973.000</ele><time>2026-09-13T15:23:51Z</time><speed>55.110</speed><sat>9</sat></trkpt>
  <trkpt lat="-33.65644833" lon="-70.55129500"><ele>979.000</ele><time>2026-09-13T15:23:52Z</time><speed>54.340</speed><sat>10</sat></trkpt>
  <trkpt lat="-33.65656500" lon="-70.55188333"><ele>989.700</ele><time>2026-09-13T15:23:53Z</time><speed>53.830</speed><sat>10</sat></trkpt>
  <trkpt lat="-33.65664167" lon="-70.55245833"><ele>994.200</ele><time>2026-09-13T15:23:54Z</time><speed>53.445</speed><sat>10</sat></trkpt>
  <trkpt lat="-33.65671500" lon="-70.55304167"><ele>995.600</ele><time>2026-09-13T15:23:55Z</time><speed>54.306</speed><sat>9</sat></trkpt>
  <trkpt lat="-33.65673333" lon="-70.55363000"><ele>995.100</ele><time>2026-09-13T15:23:56Z</time><speed>55.106</speed><sat>9</sat></trkpt>
  <trkpt lat="-33.65677500" lon="-70.55422167"><ele>996.100</ele><time>2026-09-13T15:23:57Z</time><speed>54.808</speed><sat>9</sat></trkpt>
  <trkpt lat="-33.65679500" lon="-70.55481167"><ele>997.400</ele><time>2026-09-13T15:23:58Z</time><speed>54.616</speed><sat>9</sat></trkpt>
  <trkpt lat="-33.65680833" lon="-70.55540833"><ele>998.900</ele><time>2026-09-13T15:23:59Z</time><speed>55.111</speed><sat>9</sat></trkpt>
  <trkpt lat="-33.65686667" lon="-70.55599333"><ele>998.400</ele><time>2026-09-13T15:24:00Z</time><speed>54.604</speed><sat>9</sat></trkpt>
  <trkpt lat="-33.65693167" lon="-70.55658667"><ele>1001.700</ele><time>2026-09-13T15:24:01Z</time><speed>56.005</speed><sat>8</sat></trkpt>
  <trkpt lat="-33.65701167" lon="-70.55719667"><ele>1001.600</ele><time>2026-09-13T15:24:02Z</time><speed>57.669</speed><sat>7</sat></trkpt>
  <trkpt lat="-33.65709333" lon="-70.55780333"><ele>1002.200</ele><time>2026-09-13T15:24:03Z</time><speed>56.938</speed><sat>6</sat></trkpt>
  <trkpt lat="-33.65716833" lon="-70.55839000"><ele>1002.300</ele><time>2026-09-13T15:24:04Z</time><speed>55.342</speed><sat>7</sat></trkpt>
  <trkpt lat="-33.65721500" lon="-70.55896333"><ele>1002.900</ele><time>2026-09-13T15:24:05Z</time><speed>54.075</speed><sat>6</sat></trkpt>
  <trkpt lat="-33.65729000" lon="-70.55953667"><ele>1005.200</ele><time>2026-09-13T15:24:06Z</time><speed>54.234</speed><sat>8</sat></trkpt>
  <trkpt lat="-33.65736333" lon="-70.56012333"><ele>1005.300</ele><time>2026-09-13T15:24:07Z</time><speed>54.515</speed><sat>8</sat></trkpt>
  <trkpt lat="-33.65740833" lon="-70.56070000"><ele>1004.700</ele><time>2026-09-13T15:24:08Z</time><speed>54.295</speed><sat>8</sat></trkpt>
  <trkpt lat="-33.65745333" lon="-70.56127833"><ele>1005.700</ele><time>2026-09-13T15:24:09Z</time><speed>54.741</speed><sat>7</sat></trkpt>
  <trkpt lat="-33.65751500" lon="-70.56185667"><ele>1007.600</ele><time>2026-09-13T15:24:10Z</time><speed>54.337</speed><sat>7</sat></trkpt>
  <trkpt lat="-33.65758000" lon="-70.56242667"><ele>1008.600</ele><time>2026-09-13T15:24:11Z</time><speed>53.285</speed><sat>6</sat></trkpt>
  <trkpt lat="-33.65767000" lon="-70.56299667"><ele>1010.000</ele><time>2026-09-13T15:24:12Z</time><speed>54.255</speed><sat>6</sat></trkpt>
  <trkpt lat="-33.65776833" lon="-70.56356833"><ele>1010.500</ele><time>2026-09-13T15:24:13Z</time><speed>53.704</speed><sat>6</sat></trkpt>
  <trkpt lat="-33.65784500" lon="-70.56414167"><ele>1011.600</ele><time>2026-09-13T15:24:14Z</time><speed>53.682</speed><sat>9</sat></trkpt>
  <trkpt lat="-33.65779000" lon="-70.56462167"><ele>1025.600</ele><time>2026-09-13T15:24:15Z</time><speed>51.314</speed><sat>9</sat></trkpt>
  <trkpt lat="-33.65785833" lon="-70.56517333"><ele>1027.700</ele><time>2026-09-13T15:24:16Z</time><speed>51.778</speed><sat>6</sat></trkpt>
  <trkpt lat="-33.65793500" lon="-70.56573000"><ele>1029.200</ele><time>2026-09-13T15:24:17Z</time><speed>52.426</speed><sat>7</sat></trkpt>
  <trkpt lat="-33.65804500" lon="-70.56629000"><ele>1031.500</ele><time>2026-09-13T15:24:18Z</time><speed>53.375</speed><sat>7</sat></trkpt>
  <trkpt lat="-33.65815667" lon="-70.56687833"><ele>1029.700</ele><time>2026-09-13T15:24:19Z</time><speed>55.009</speed><sat>6</sat></trkpt>
  <trkpt lat="-33.65828333" lon="-70.56745833"><ele>1029.400</ele><time>2026-09-13T15:24:20Z</time><speed>54.047</speed><sat>6</sat></trkpt>
  <trkpt lat="-33.65845833" lon="-70.56802000"><ele>1029.100</ele><time>2026-09-13T15:24:21Z</time><speed>53.653</speed><sat>7</sat></trkpt>
  <trkpt lat="-33.65864833" lon="-70.56856333"><ele>1029.400</ele><time>2026-09-13T15:24:22Z</time><speed>53.247</speed><sat>6</sat></trkpt>
  <trkpt lat="-33.65888667" lon="-70.56909833"><ele>1028.400</ele><time>2026-09-13T15:24:23Z</time><speed>54.037</speed><sat>6</sat></trkpt>
  <trkpt lat="-33.65914833" lon="-70.56962333"><ele>1028.600</ele><time>2026-09-13T15:24:24Z</time><speed>54.518</speed><sat>6</sat></trkpt>
  <trkpt lat="-33.65943667" lon="-70.57014167"><ele>1026.000</ele><time>2026-09-13T15:24:25Z</time><speed>54.076</speed><sat>8</sat></trkpt>
  <trkpt lat="-33.65973000" lon="-70.57063500"><ele>1022.600</ele><time>2026-09-13T15:24:26Z</time><speed>53.435</speed><sat>9</sat></trkpt>
  <trkpt lat="-33.66005500" lon="-70.57110167"><ele>1018.000</ele><time>2026-09-13T15:24:27Z</time><speed>53.301</speed><sat>9</sat></trkpt>
  <trkpt lat="-33.66042333" lon="-70.57152167"><ele>1015.000</ele><time>2026-09-13T15:24:28Z</time><speed>52.442</speed><sat>9</sat></trkpt>
  <trkpt lat="-33.66076500" lon="-70.57194333"><ele>1013.300</ele><time>2026-09-13T15:24:29Z</time><speed>51.530</speed><sat>9</sat></trkpt>
  <trkpt lat="-33.66113333" lon="-70.57234000"><ele>1011.600</ele><time>2026-09-13T15:24:30Z</time><speed>51.645</speed><sat>9</sat></trkpt>
  <trkpt lat="-33.66148333" lon="-70.57267500"><ele>1014.600</ele><time>2026-09-13T15:24:31Z</time><speed>50.008</speed><sat>9</sat></trkpt>
  <trkpt lat="-33.66184333" lon="-70.57299833"><ele>1017.400</ele><time>2026-09-13T15:24:32Z</time><speed>50.484</speed><sat>7</sat></trkpt>
  <trkpt lat="-33.66221333" lon="-70.57332833"><ele>1019.200</ele><time>2026-09-13T15:24:33Z</time><speed>51.530</speed><sat>7</sat></trkpt>
  <trkpt lat="-33.66259333" lon="-70.57363833"><ele>1020.200</ele><time>2026-09-13T15:24:34Z</time><speed>51.172</speed><sat>6</sat></trkpt>
  <trkpt lat="-33.66299500" lon="-70.57391833"><ele>1020.800</ele><time>2026-09-13T15:24:35Z</time><speed>51.383</speed><sat>6</sat></trkpt>
  <trkpt lat="-33.66337833" lon="-70.57420500"><ele>1021.500</ele><time>2026-09-13T15:24:36Z</time><speed>49.837</speed><sat>5</sat></trkpt>
  <trkpt lat="-33.66376500" lon="-70.57449500"><ele>1021.900</ele><time>2026-09-13T15:24:37Z</time><speed>49.869</speed><sat>4</sat></trkpt>
  <trkpt lat="-33.66417000" lon="-70.57474000"><ele>1022.100</ele><time>2026-09-13T15:24:38Z</time><speed>49.566</speed><sat>5</sat></trkpt>
  <trkpt lat="-33.66452167" lon="-70.57420000"><ele>1022.700</ele><time>2026-09-13T15:24:39Z</time><speed>42.904</speed><sat>6</sat></trkpt>
  <trkpt lat="-33.66494000" lon="-70.57385167"><ele>1022.200</ele><time>2026-09-13T15:24:40Z</time><speed>41.958</speed><sat>8</sat></trkpt>
  <trkpt lat="-33.66529833" lon="-70.57327500"><ele>1017.400</ele><time>2026-09-13T15:24:41Z</time><speed>41.051</speed><sat>8</sat></trkpt>
  <trkpt lat="-33.66565500" lon="-70.57302500"><ele>1028.000</ele><time>2026-09-13T15:24:42Z</time><speed>39.646</speed><sat>7</sat></trkpt>
  <trkpt lat="-33.66592500" lon="-70.57263667"><ele>1031.700</ele><time>2026-09-13T15:24:43Z</time><speed>38.155</speed><sat>6</sat></trkpt>
  <trkpt lat="-33.66628167" lon="-70.57218500"><ele>1020.400</ele><time>2026-09-13T15:24:44Z</time><speed>39.107</speed><sat>6</sat></trkpt>
  <trkpt lat="-33.66657167" lon="-70.57186500"><ele>1022.800</ele><time>2026-09-13T15:24:45Z</time><speed>40.439</speed><sat>5</sat></trkpt>
  <trkpt lat="-33.65193667" lon="-70.56027500"><ele>880.200</ele><time>2026-09-13T15:26:30Z</time><speed>53.174</speed><sat>9</sat></trkpt>
  <trkpt lat="-33.65146667" lon="-70.56029500"><ele>888.300</ele><time>2026-09-13T15:26:31Z</time><speed>53.937</speed><sat>10</sat></trkpt>
  <trkpt lat="-33.65099667" lon="-70.56032167"><ele>893.600</ele><time>2026-09-13T15:26:32Z</time><speed>54.347</speed><sat>11</sat></trkpt>
  <trkpt lat="-33.65054167" lon="-70.56037667"><ele>917.100</ele><time>2026-09-13T15:26:33Z</time><speed>55.745</speed><sat>9</sat></trkpt>
  <trkpt lat="-33.65009833" lon="-70.56040667"><ele>940.800</ele><time>2026-09-13T15:26:34Z</time><speed>54.332</speed><sat>9</sat></trkpt>
  <trkpt lat="-33.64966333" lon="-70.56040667"><ele>958.100</ele><time>2026-09-13T15:26:35Z</time><speed>52.459</speed><sat>8</sat></trkpt>
  <trkpt lat="-33.64924500" lon="-70.56038500"><ele>994.100</ele><time>2026-09-13T15:26:36Z</time><speed>48.487</speed><sat>8</sat></trkpt>
  <trkpt lat="-33.64881167" lon="-70.56038500"><ele>998.400</ele><time>2026-09-13T15:26:37Z</time><speed>48.340</speed><sat>8</sat></trkpt>
  <trkpt lat="-33.64837333" lon="-70.56040833"><ele>1002.000</ele><time>2026-09-13T15:26:38Z</time><speed>49.016</speed><sat>7</sat></trkpt>
  <trkpt lat="-33.64792500" lon="-70.56045500"><ele>1005.400</ele><time>2026-09-13T15:26:39Z</time><speed>49.503</speed><sat>6</sat></trkpt>
  <trkpt lat="-33.64748167" lon="-70.56049167"><ele>1008.100</ele><time>2026-09-13T15:26:40Z</time><speed>49.502</speed><sat>5</sat></trkpt>
  <trkpt lat="-33.64703833" lon="-70.56049667"><ele>1009.800</ele><time>2026-09-13T15:26:41Z</time><speed>49.014</speed><sat>5</sat></trkpt>
  <trkpt lat="-33.64661167" lon="-70.56050667"><ele>1011.000</ele><time>2026-09-13T15:26:42Z</time><speed>48.424</speed><sat>5</sat></trkpt>
  <trkpt lat="-33.64615667" lon="-70.56051667"><ele>1013.700</ele><time>2026-09-13T15:26:43Z</time><speed>48.999</speed><sat>4</sat></trkpt>
  <trkpt lat="-33.64573833" lon="-70.56053833"><ele>1015.300</ele><time>2026-09-13T15:26:44Z</time><speed>48.280</speed><sat>4</sat></trkpt>
  <trkpt lat="-33.64528667" lon="-70.56053167"><ele>1017.400</ele><time>2026-09-13T15:26:45Z</time><speed>48.783</speed><sat>3</sat></trkpt>
  <trkpt lat="-33.64484833" lon="-70.56053333"><ele>1019.300</ele><time>2026-09-13T15:26:46Z</time><speed>48.778</speed><sat>3</sat></trkpt>
  <trkpt lat="-33.64441167" lon="-70.56054667"><ele>1021.200</ele><time>2026-09-13T15:26:47Z</time><speed>48.598</speed><sat>4</sat></trkpt>
  <trkpt lat="-33.64393833" lon="-70.56057333"><ele>1021.400</ele><time>2026-09-13T15:26:48Z</time><speed>49.465</speed><sat>5</sat></trkpt>
  <trkpt lat="-33.64115167" lon="-70.56076500"><ele>1016.100</ele><time>2026-09-13T15:26:53Z</time><speed>55.911</speed><sat>7</sat></trkpt>
  <trkpt lat="-33.64050500" lon="-70.56075167"><ele>1002.100</ele><time>2026-09-13T15:26:54Z</time><speed>56.601</speed><sat>7</sat></trkpt>
  <trkpt lat="-33.64000833" lon="-70.56088333"><ele>1000.700</ele><time>2026-09-13T15:26:55Z</time><speed>56.092</speed><sat>7</sat></trkpt>
  <trkpt lat="-33.63951167" lon="-70.56101000"><ele>999.100</ele><time>2026-09-13T15:26:56Z</time><speed>57.046</speed><sat>7</sat></trkpt>
  <trkpt lat="-33.63903333" lon="-70.56120833"><ele>997.500</ele><time>2026-09-13T15:26:57Z</time><speed>56.049</speed><sat>8</sat></trkpt>
  <trkpt lat="-33.63864500" lon="-70.56150500"><ele>994.400</ele><time>2026-09-13T15:26:58Z</time><speed>50.795</speed><sat>8</sat></trkpt>
  <trkpt lat="-33.63823000" lon="-70.56180167"><ele>994.500</ele><time>2026-09-13T15:26:59Z</time><speed>52.949</speed><sat>7</sat></trkpt>
  <trkpt lat="-33.63783000" lon="-70.56210000"><ele>993.900</ele><time>2026-09-13T15:27:00Z</time><speed>52.383</speed><sat>7</sat></trkpt>
  <trkpt lat="-33.63743167" lon="-70.56243833"><ele>992.800</ele><time>2026-09-13T15:27:01Z</time><speed>54.517</speed><sat>7</sat></trkpt>
  <trkpt lat="-33.63713167" lon="-70.56291667"><ele>993.800</ele><time>2026-09-13T15:27:02Z</time><speed>55.349</speed><sat>7</sat></trkpt>
  <trkpt lat="-33.63680167" lon="-70.56337333"><ele>992.000</ele><time>2026-09-13T15:27:03Z</time><speed>55.261</speed><sat>6</sat></trkpt>
  <trkpt lat="-33.63645667" lon="-70.56383333"><ele>990.700</ele><time>2026-09-13T15:27:04Z</time><speed>56.387</speed><sat>7</sat></trkpt>
  <trkpt lat="-33.63610333" lon="-70.56428667"><ele>989.200</ele><time>2026-09-13T15:27:05Z</time><speed>57.067</speed><sat>6</sat></trkpt>
  <trkpt lat="-33.63575500" lon="-70.56471167"><ele>987.000</ele><time>2026-09-13T15:27:06Z</time><speed>55.750</speed><sat>4</sat></trkpt>
  <trkpt lat="-33.63542833" lon="-70.56515667"><ele>984.900</ele><time>2026-09-13T15:27:07Z</time><speed>55.589</speed><sat>3</sat></trkpt>
  <trkpt lat="-33.64651333" lon="-70.55806833"><ele>928.700</ele><time>2026-09-13T15:29:02Z</time><speed>49.808</speed><sat>7</sat></trkpt>
  <trkpt lat="-33.64607500" lon="-70.55782333"><ele>936.700</ele><time>2026-09-13T15:29:03Z</time><speed>53.932</speed><sat>8</sat></trkpt>
  <trkpt lat="-33.64564167" lon="-70.55759500"><ele>942.900</ele><time>2026-09-13T15:29:04Z</time><speed>53.851</speed><sat>8</sat></trkpt>
  <trkpt lat="-33.64520167" lon="-70.55738167"><ele>951.200</ele><time>2026-09-13T15:29:05Z</time><speed>53.653</speed><sat>8</sat></trkpt>
  <trkpt lat="-33.64475500" lon="-70.55718167"><ele>960.200</ele><time>2026-09-13T15:29:06Z</time><speed>53.555</speed><sat>8</sat></trkpt>
  <trkpt lat="-33.64430833" lon="-70.55700333"><ele>967.300</ele><time>2026-09-13T15:29:07Z</time><speed>53.433</speed><sat>8</sat></trkpt>
  <trkpt lat="-33.64386167" lon="-70.55682667"><ele>972.900</ele><time>2026-09-13T15:29:08Z</time><speed>53.303</speed><sat>8</sat></trkpt>
  <trkpt lat="-33.64341667" lon="-70.55666167"><ele>978.200</ele><time>2026-09-13T15:29:09Z</time><speed>53.124</speed><sat>7</sat></trkpt>
  <trkpt lat="-33.64297333" lon="-70.55650500"><ele>982.900</ele><time>2026-09-13T15:29:10Z</time><speed>52.919</speed><sat>6</sat></trkpt>
  <trkpt lat="-33.63758500" lon="-70.55540500"><ele>1015.600</ele><time>2026-09-13T15:29:22Z</time><speed>50.999</speed><sat>3</sat></trkpt>
  <trkpt lat="-33.63711000" lon="-70.55546833"><ele>1016.800</ele><time>2026-09-13T15:29:23Z</time><speed>50.496</speed><sat>3</sat></trkpt>
  <trkpt lat="-33.63666000" lon="-70.55547167"><ele>1018.900</ele><time>2026-09-13T15:29:24Z</time><speed>45.299</speed><sat>3</sat></trkpt>
  <trkpt lat="-33.63620833" lon="-70.55564500"><ele>1021.200</ele><time>2026-09-13T15:29:25Z</time><speed>45.719</speed><sat>3</sat></trkpt>
  <trkpt lat="-33.63577000" lon="-70.55590167"><ele>1022.700</ele><time>2026-09-13T15:29:26Z</time><speed>45.508</speed><sat>3</sat></trkpt>
  <trkpt lat="-33.63538000" lon="-70.55625333"><ele>1024.600</ele><time>2026-09-13T15:29:27Z</time><speed>45.462</speed><sat>3</sat></trkpt>
  <trkpt lat="-33.63501833" lon="-70.55665667"><ele>1026.900</ele><time>2026-09-13T15:29:28Z</time><speed>45.218</speed><sat>3</sat></trkpt>
  <trkpt lat="-33.63470667" lon="-70.55701500"><ele>1029.400</ele><time>2026-09-13T15:29:29Z</time><speed>42.506</speed><sat>3</sat></trkpt>
  <trkpt lat="-33.63440000" lon="-70.55735333"><ele>1032.400</ele><time>2026-09-13T15:29:30Z</time><speed>41.717</speed><sat>3</sat></trkpt>
  <trkpt lat="-33.63410167" lon="-70.55774500"><ele>1035.200</ele><time>2026-09-13T15:29:31Z</time><speed>41.811</speed><sat>3</sat></trkpt>
  <trkpt lat="-33.64821167" lon="-70.56073167"><ele>1000.400</ele><time>2026-09-13T15:32:00Z</time><speed>55.806</speed><sat>6</sat></trkpt>
  <trkpt lat="-33.64798333" lon="-70.56005000"><ele>1001.100</ele><time>2026-09-13T15:32:01Z</time><speed>57.499</speed><sat>7</sat></trkpt>
  <trkpt lat="-33.64772667" lon="-70.55939667"><ele>1009.700</ele><time>2026-09-13T15:32:02Z</time><speed>59.839</speed><sat>7</sat></trkpt>
  <trkpt lat="-33.64683500" lon="-70.55765667"><ele>1027.000</ele><time>2026-09-13T15:32:05Z</time><speed>57.253</speed><sat>7</sat></trkpt>
  <trkpt lat="-33.64653167" lon="-70.55717667"><ele>1029.300</ele><time>2026-09-13T15:32:06Z</time><speed>55.987</speed><sat>6</sat></trkpt>
  <trkpt lat="-33.64620667" lon="-70.55673167"><ele>1032.600</ele><time>2026-09-13T15:32:07Z</time><speed>54.959</speed><sat>7</sat></trkpt>
  <trkpt lat="-33.64593667" lon="-70.55648000"><ele>1030.200</ele><time>2026-09-13T15:32:08Z</time><speed>53.914</speed><sat>8</sat></trkpt>
  <trkpt lat="-33.64560333" lon="-70.55613000"><ele>1030.100</ele><time>2026-09-13T15:32:09Z</time><speed>53.472</speed><sat>8</sat></trkpt>
  <trkpt lat="-33.64522333" lon="-70.55575833"><ele>1023.500</ele><time>2026-09-13T15:32:10Z</time><speed>54.021</speed><sat>8</sat></trkpt>
  <trkpt lat="-33.64484500" lon="-70.55539500"><ele>1012.600</ele><time>2026-09-13T15:32:11Z</time><speed>54.142</speed><sat>8</sat></trkpt>
  <trkpt lat="-33.64444333" lon="-70.55505000"><ele>1004.300</ele><time>2026-09-13T15:32:12Z</time><speed>55.473</speed><sat>8</sat></trkpt>
  <trkpt lat="-33.64402167" lon="-70.55473833"><ele>1000.100</ele><time>2026-09-13T15:32:13Z</time><speed>54.967</speed><sat>8</sat></trkpt>
  <trkpt lat="-33.64359833" lon="-70.55445500"><ele>994.000</ele><time>2026-09-13T15:32:14Z</time><speed>53.990</speed><sat>8</sat></trkpt>
  <trkpt lat="-33.64317000" lon="-70.55421333"><ele>988.700</ele><time>2026-09-13T15:32:15Z</time><speed>53.260</speed><sat>7</sat></trkpt>
  <trkpt lat="-33.64274000" lon="-70.55400333"><ele>982.000</ele><time>2026-09-13T15:32:16Z</time><speed>52.417</speed><sat>7</sat></trkpt>
  <trkpt lat="-33.64229667" lon="-70.55381000"><ele>973.300</ele><time>2026-09-13T15:32:17Z</time><speed>52.392</speed><sat>6</sat></trkpt>
  <trkpt lat="-33.64184000" lon="-70.55362333"><ele>963.300</ele><time>2026-09-13T15:32:18Z</time><speed>53.058</speed><sat>6</sat></trkpt>
  <trkpt lat="-33.64138833" lon="-70.55347000"><ele>953.200</ele><time>2026-09-13T15:32:19Z</time><speed>52.761</speed><sat>5</sat></trkpt>
  <trkpt lat="-33.64091667" lon="-70.55335833"><ele>945.000</ele><time>2026-09-13T15:32:20Z</time><speed>52.689</speed><sat>5</sat></trkpt>
  <trkpt lat="-33.64043667" lon="-70.55327667"><ele>937.700</ele><time>2026-09-13T15:32:21Z</time><speed>53.460</speed><sat>5</sat></trkpt>
  <trkpt lat="-33.63995667" lon="-70.55322833"><ele>930.600</ele><time>2026-09-13T15:32:22Z</time><speed>53.737</speed><sat>5</sat></trkpt>
  <trkpt lat="-33.63949500" lon="-70.55322000"><ele>920.700</ele><time>2026-09-13T15:32:23Z</time><speed>52.490</speed><sat>5</sat></trkpt>
  <trkpt lat="-33.63911000" lon="-70.55331167"><ele>889.300</ele><time>2026-09-13T15:32:24Z</time><speed>52.604</speed><sat>6</sat></trkpt>
  <trkpt lat="-33.63862500" lon="-70.55337667"><ele>882.900</ele><time>2026-09-13T15:32:25Z</time><speed>53.001</speed><sat>7</sat></trkpt>
  <trkpt lat="-33.63809000" lon="-70.55346667"><ele>888.600</ele><time>2026-09-13T15:32:26Z</time><speed>53.730</speed><sat>7</sat></trkpt>
  <trkpt lat="-33.63753000" lon="-70.55359667"><ele>902.700</ele><time>2026-09-13T15:32:27Z</time><speed>55.090</speed><sat>7</sat></trkpt>
  <trkpt lat="-33.63700500" lon="-70.55380000"><ele>911.900</ele><time>2026-09-13T15:32:28Z</time><speed>55.612</speed><sat>6</sat></trkpt>
  <trkpt lat="-33.63648667" lon="-70.55406333"><ele>928.800</ele><time>2026-09-13T15:32:29Z</time><speed>55.227</speed><sat>6</sat></trkpt>
  <trkpt lat="-33.63597667" lon="-70.55427833"><ele>928.000</ele><time>2026-09-13T15:32:30Z</time><speed>56.360</speed><sat>6</sat></trkpt>
  <trkpt lat="-33.63546500" lon="-70.55454500"><ele>927.500</ele><time>2026-09-13T15:32:31Z</time><speed>56.073</speed><sat>6</sat></trkpt>
  <trkpt lat="-33.63502667" lon="-70.55488000"><ele>928.800</ele><time>2026-09-13T15:32:32Z</time><speed>55.636</speed><sat>5</sat></trkpt>
  <trkpt lat="-33.63460833" lon="-70.55527333"><ele>934.000</ele><time>2026-09-13T15:32:33Z</time><speed>55.883</speed><sat>6</sat></trkpt>
  <trkpt lat="-33.63419667" lon="-70.55563167"><ele>934.700</ele><time>2026-09-13T15:32:34Z</time><speed>57.277</speed><sat>6</sat></trkpt>
  <trkpt lat="-33.63378667" lon="-70.55603167"><ele>936.400</ele><time>2026-09-13T15:32:35Z</time><speed>57.691</speed><sat>6</sat></trkpt>
  <trkpt lat="-33.63335667" lon="-70.55645167"><ele>933.300</ele><time>2026-09-13T15:32:36Z</time><speed>58.121</speed><sat>6</sat></trkpt>
  <trkpt lat="-33.63295000" lon="-70.55690833"><ele>942.700</ele><time>2026-09-13T15:32:37Z</time><speed>57.504</speed><sat>5</sat></trkpt>
  <trkpt lat="-33.63256333" lon="-70.55735500"><ele>936.600</ele><time>2026-09-13T15:32:38Z</time><speed>56.581</speed><sat>5</sat></trkpt>
  <trkpt lat="-33.63218333" lon="-70.55785833"><ele>939.700</ele><time>2026-09-13T15:32:39Z</time><speed>58.845</speed><sat>5</sat></trkpt>
  <trkpt lat="-33.63179000" lon="-70.55835333"><ele>939.900</ele><time>2026-09-13T15:32:40Z</time><speed>56.458</speed><sat>7</sat></trkpt>
  <trkpt lat="-33.63148833" lon="-70.55892333"><ele>936.400</ele><time>2026-09-13T15:32:41Z</time><speed>55.863</speed><sat>6</sat></trkpt>
  <trkpt lat="-33.63123833" lon="-70.55956500"><ele>939.800</ele><time>2026-09-13T15:32:42Z</time><speed>58.416</speed><sat>6</sat></trkpt>
  <trkpt lat="-33.63103500" lon="-70.56032667"><ele>957.500</ele><time>2026-09-13T15:32:43Z</time><speed>60.311</speed><sat>6</sat></trkpt>
  <trkpt lat="-33.63086333" lon="-70.56105667"><ele>976.000</ele><time>2026-09-13T15:32:44Z</time><speed>61.138</speed><sat>7</sat></trkpt>
  <trkpt lat="-33.63077833" lon="-70.56158667"><ele>952.300</ele><time>2026-09-13T15:32:45Z</time><speed>57.010</speed><sat>7</sat></trkpt>
  <trkpt lat="-33.63073000" lon="-70.56234000"><ele>976.300</ele><time>2026-09-13T15:32:46Z</time><speed>59.357</speed><sat>7</sat></trkpt>
  <trkpt lat="-33.63069667" lon="-70.56302500"><ele>992.000</ele><time>2026-09-13T15:32:47Z</time><speed>58.170</speed><sat>6</sat></trkpt>
  <trkpt lat="-33.63065667" lon="-70.56360500"><ele>988.500</ele><time>2026-09-13T15:32:48Z</time><speed>57.380</speed><sat>6</sat></trkpt>
  <trkpt lat="-33.63064667" lon="-70.56425333"><ele>996.200</ele><time>2026-09-13T15:32:49Z</time><speed>57.549</speed><sat>6</sat></trkpt>
  <trkpt lat="-33.63064833" lon="-70.56484833"><ele>992.900</ele><time>2026-09-13T15:32:50Z</time><speed>56.476</speed><sat>6</sat></trkpt>
  <trkpt lat="-33.63069500" lon="-70.56551833"><ele>1011.300</ele><time>2026-09-13T15:32:51Z</time><speed>55.895</speed><sat>5</sat></trkpt>
  <trkpt lat="-33.63079667" lon="-70.56614833"><ele>1019.200</ele><time>2026-09-13T15:32:52Z</time><speed>55.162</speed><sat>5</sat></trkpt>
  <trkpt lat="-33.63085500" lon="-70.56669167"><ele>1010.900</ele><time>2026-09-13T15:32:53Z</time><speed>55.687</speed><sat>5</sat></trkpt>
  <trkpt lat="-33.63095667" lon="-70.56725833"><ele>1004.500</ele><time>2026-09-13T15:32:54Z</time><speed>56.045</speed><sat>5</sat></trkpt>
  <trkpt lat="-33.63108333" lon="-70.56782000"><ele>1003.800</ele><time>2026-09-13T15:32:55Z</time><speed>55.444</speed><sat>4</sat></trkpt>
  <trkpt lat="-33.63124167" lon="-70.56833833"><ele>1004.200</ele><time>2026-09-13T15:32:56Z</time><speed>53.044</speed><sat>4</sat></trkpt>
  <trkpt lat="-33.63145833" lon="-70.56887500"><ele>999.400</ele><time>2026-09-13T15:32:57Z</time><speed>56.239</speed><sat>3</sat></trkpt>
  <trkpt lat="-33.63166333" lon="-70.56939167"><ele>995.600</ele><time>2026-09-13T15:32:58Z</time><speed>55.954</speed><sat>3</sat></trkpt>
  <trkpt lat="-33.63195500" lon="-70.56989667"><ele>988.300</ele><time>2026-09-13T15:32:59Z</time><speed>57.005</speed><sat>3</sat></trkpt>
  <trkpt lat="-33.63222333" lon="-70.57043167"><ele>992.200</ele><time>2026-09-13T15:33:00Z</time><speed>57.860</speed><sat>3</sat></trkpt>
  <trkpt lat="-33.63252667" lon="-70.57097500"><ele>994.000</ele><time>2026-09-13T15:33:01Z</time><speed>59.849</speed><sat>3</sat></trkpt>
  <trkpt lat="-33.63284333" lon="-70.57150167"><ele>995.100</ele><time>2026-09-13T15:33:02Z</time><speed>61.195</speed><sat>3</sat></trkpt>
  <trkpt lat="-33.63319000" lon="-70.57199000"><ele>999.800</ele><time>2026-09-13T15:33:03Z</time><speed>60.836</speed><sat>4</sat></trkpt>
  <trkpt lat="-33.63358833" lon="-70.57239833"><ele>1007.800</ele><time>2026-09-13T15:33:04Z</time><speed>58.066</speed><sat>5</sat></trkpt>
  <trkpt lat="-33.63396833" lon="-70.57281500"><ele>1006.500</ele><time>2026-09-13T15:33:05Z</time><speed>57.761</speed><sat>5</sat></trkpt>
  <trkpt lat="-33.63442167" lon="-70.57317833"><ele>1005.400</ele><time>2026-09-13T15:33:06Z</time><speed>57.400</speed><sat>5</sat></trkpt>
  <trkpt lat="-33.63489000" lon="-70.57352833"><ele>1006.300</ele><time>2026-09-13T15:33:07Z</time><speed>57.416</speed><sat>5</sat></trkpt>
  <trkpt lat="-33.63538833" lon="-70.57384333"><ele>1007.900</ele><time>2026-09-13T15:33:08Z</time><speed>57.804</speed><sat>6</sat></trkpt>
  <trkpt lat="-33.63621667" lon="-70.57360667"><ele>999.300</ele><time>2026-09-13T15:33:09Z</time><speed>57.977</speed><sat>7</sat></trkpt>
  <trkpt lat="-33.63673000" lon="-70.57377500"><ele>992.600</ele><time>2026-09-13T15:33:10Z</time><speed>59.749</speed><sat>7</sat></trkpt>
  <trkpt lat="-33.63719333" lon="-70.57388167"><ele>974.800</ele><time>2026-09-13T15:33:11Z</time><speed>56.841</speed><sat>7</sat></trkpt>
  <trkpt lat="-33.63767167" lon="-70.57396167"><ele>967.400</ele><time>2026-09-13T15:33:12Z</time><speed>54.826</speed><sat>7</sat></trkpt>
  <trkpt lat="-33.63813833" lon="-70.57399833"><ele>976.300</ele><time>2026-09-13T15:33:13Z</time><speed>52.681</speed><sat>7</sat></trkpt>
  <trkpt lat="-33.63858833" lon="-70.57406333"><ele>974.400</ele><time>2026-09-13T15:33:14Z</time><speed>52.703</speed><sat>7</sat></trkpt>
  <trkpt lat="-33.63905833" lon="-70.57409500"><ele>975.800</ele><time>2026-09-13T15:33:15Z</time><speed>52.278</speed><sat>6</sat></trkpt>
  <trkpt lat="-33.63948667" lon="-70.57409000"><ele>966.500</ele><time>2026-09-13T15:33:16Z</time><speed>53.531</speed><sat>8</sat></trkpt>
  <trkpt lat="-33.63997333" lon="-70.57408833"><ele>962.700</ele><time>2026-09-13T15:33:17Z</time><speed>53.777</speed><sat>8</sat></trkpt>
  <trkpt lat="-33.64048000" lon="-70.57406000"><ele>962.200</ele><time>2026-09-13T15:33:18Z</time><speed>55.961</speed><sat>7</sat></trkpt>
  <trkpt lat="-33.64096167" lon="-70.57401333"><ele>961.600</ele><time>2026-09-13T15:33:19Z</time><speed>55.026</speed><sat>5</sat></trkpt>
  <trkpt lat="-33.64143500" lon="-70.57393333"><ele>962.500</ele><time>2026-09-13T15:33:20Z</time><speed>54.039</speed><sat>5</sat></trkpt>
  <trkpt lat="-33.64194333" lon="-70.57376667"><ele>967.200</ele><time>2026-09-13T15:33:21Z</time><speed>56.830</speed><sat>5</sat></trkpt>
  <trkpt lat="-33.64243667" lon="-70.57348000"><ele>972.200</ele><time>2026-09-13T15:33:22Z</time><speed>56.640</speed><sat>4</sat></trkpt>
  <trkpt lat="-33.64291500" lon="-70.57319667"><ele>978.400</ele><time>2026-09-13T15:33:23Z</time><speed>57.102</speed><sat>4</sat></trkpt>
  <trkpt lat="-33.64332000" lon="-70.57295000"><ele>980.200</ele><time>2026-09-13T15:33:24Z</time><speed>54.422</speed><sat>4</sat></trkpt>
  <trkpt lat="-33.64376000" lon="-70.57257667"><ele>980.600</ele><time>2026-09-13T15:33:25Z</time><speed>52.913</speed><sat>5</sat></trkpt>
  <trkpt lat="-33.64422500" lon="-70.57214500"><ele>984.600</ele><time>2026-09-13T15:33:26Z</time><speed>53.991</speed><sat>4</sat></trkpt>
  <trkpt lat="-33.64520167" lon="-70.57138000"><ele>980.600</ele><time>2026-09-13T15:33:28Z</time><speed>54.523</speed><sat>3</sat></trkpt>
  <trkpt lat="-33.64569833" lon="-70.57097500"><ele>979.300</ele><time>2026-09-13T15:33:29Z</time><speed>56.133</speed><sat>3</sat></trkpt>
  <trkpt lat="-33.64626000" lon="-70.57051500"><ele>972.100</ele><time>2026-09-13T15:33:30Z</time><speed>56.414</speed><sat>3</sat></trkpt>
  <trkpt lat="-33.64678833" lon="-70.57004833"><ele>967.000</ele><time>2026-09-13T15:33:31Z</time><speed>57.940</speed><sat>3</sat></trkpt>
  <trkpt lat="-33.64724000" lon="-70.56952333"><ele>965.500</ele><time>2026-09-13T15:33:32Z</time><speed>58.652</speed><sat>3</sat></trkpt>
  <trkpt lat="-33.64759500" lon="-70.56900167"><ele>967.500</ele><time>2026-09-13T15:33:33Z</time><speed>57.883</speed><sat>3</sat></trkpt>
  <trkpt lat="-33.64966833" lon="-70.55767500"><ele>1068.500</ele><time>2026-09-13T15:33:50Z</time><speed>57.770</speed><sat>5</sat></trkpt>
  <trkpt lat="-33.64975167" lon="-70.55696000"><ele>1045.900</ele><time>2026-09-13T15:33:51Z</time><speed>59.871</speed><sat>5</sat></trkpt>
  <trkpt lat="-33.64997000" lon="-70.55626667"><ele>1086.700</ele><time>2026-09-13T15:33:52Z</time><speed>60.658</speed><sat>5</sat></trkpt>
  <trkpt lat="-33.65014833" lon="-70.55562167"><ele>1083.400</ele><time>2026-09-13T15:33:53Z</time><speed>60.996</speed><sat>5</sat></trkpt>
  <trkpt lat="-33.65039500" lon="-70.55498333"><ele>1119.900</ele><time>2026-09-13T15:33:54Z</time><speed>60.436</speed><sat>5</sat></trkpt>
  <trkpt lat="-33.65064000" lon="-70.55434167"><ele>1142.700</ele><time>2026-09-13T15:33:55Z</time><speed>61.540</speed><sat>5</sat></trkpt>
  <trkpt lat="-33.65092167" lon="-70.55374667"><ele>1158.100</ele><time>2026-09-13T15:33:56Z</time><speed>62.727</speed><sat>5</sat></trkpt>
  <trkpt lat="-33.65119833" lon="-70.55319667"><ele>1159.600</ele><time>2026-09-13T15:33:57Z</time><speed>61.338</speed><sat>5</sat></trkpt>
  <trkpt lat="-33.65148833" lon="-70.55264333"><ele>1162.000</ele><time>2026-09-13T15:33:58Z</time><speed>60.829</speed><sat>5</sat></trkpt>
  <trkpt lat="-33.65178000" lon="-70.55215500"><ele>1167.800</ele><time>2026-09-13T15:33:59Z</time><speed>58.439</speed><sat>5</sat></trkpt>
  <trkpt lat="-33.65210500" lon="-70.55165500"><ele>1176.600</ele><time>2026-09-13T15:34:00Z</time><speed>58.624</speed><sat>6</sat></trkpt>
  <trkpt lat="-33.65242833" lon="-70.55106500"><ele>1169.800</ele><time>2026-09-13T15:34:01Z</time><speed>60.123</speed><sat>6</sat></trkpt>
  <trkpt lat="-33.65290667" lon="-70.55051000"><ele>1161.800</ele><time>2026-09-13T15:34:02Z</time><speed>63.827</speed><sat>7</sat></trkpt>
  <trkpt lat="-33.65333833" lon="-70.55002333"><ele>1154.500</ele><time>2026-09-13T15:34:03Z</time><speed>65.485</speed><sat>7</sat></trkpt>
  <trkpt lat="-33.65374833" lon="-70.54959833"><ele>1151.400</ele><time>2026-09-13T15:34:04Z</time><speed>62.302</speed><sat>7</sat></trkpt>
  <trkpt lat="-33.65414333" lon="-70.54924500"><ele>1122.600</ele><time>2026-09-13T15:34:05Z</time><speed>61.720</speed><sat>6</sat></trkpt>
  <trkpt lat="-33.65460000" lon="-70.54886167"><ele>1127.600</ele><time>2026-09-13T15:34:06Z</time><speed>62.377</speed><sat>6</sat></trkpt>
  <trkpt lat="-33.65505833" lon="-70.54846167"><ele>1124.800</ele><time>2026-09-13T15:34:07Z</time><speed>63.696</speed><sat>6</sat></trkpt>
  <trkpt lat="-33.65552667" lon="-70.54809833"><ele>1124.100</ele><time>2026-09-13T15:34:08Z</time><speed>62.542</speed><sat>6</sat></trkpt>
  <trkpt lat="-33.65600500" lon="-70.54774333"><ele>1120.800</ele><time>2026-09-13T15:34:09Z</time><speed>63.698</speed><sat>6</sat></trkpt>
  <trkpt lat="-33.65647667" lon="-70.54742667"><ele>1110.000</ele><time>2026-09-13T15:34:10Z</time><speed>63.155</speed><sat>6</sat></trkpt>
  <trkpt lat="-33.65693667" lon="-70.54718833"><ele>1072.700</ele><time>2026-09-13T15:34:11Z</time><speed>63.807</speed><sat>6</sat></trkpt>
  <trkpt lat="-33.65741667" lon="-70.54691167"><ele>1057.300</ele><time>2026-09-13T15:34:12Z</time><speed>63.590</speed><sat>6</sat></trkpt>
  <trkpt lat="-33.65782167" lon="-70.54676500"><ele>979.300</ele><time>2026-09-13T15:34:13Z</time><speed>64.235</speed><sat>6</sat></trkpt>
  <trkpt lat="-33.65831000" lon="-70.54653167"><ele>948.800</ele><time>2026-09-13T15:34:14Z</time><speed>64.760</speed><sat>5</sat></trkpt>
  <trkpt lat="-33.65881667" lon="-70.54632333"><ele>915.100</ele><time>2026-09-13T15:34:15Z</time><speed>66.250</speed><sat>5</sat></trkpt>
  <trkpt lat="-33.65934833" lon="-70.54610333"><ele>896.200</ele><time>2026-09-13T15:34:16Z</time><speed>66.024</speed><sat>4</sat></trkpt>
  <trkpt lat="-33.65988833" lon="-70.54589000"><ele>890.200</ele><time>2026-09-13T15:34:17Z</time><speed>65.891</speed><sat>4</sat></trkpt>
  <trkpt lat="-33.66041667" lon="-70.54571667"><ele>884.400</ele><time>2026-09-13T15:34:18Z</time><speed>64.793</speed><sat>5</sat></trkpt>
  <trkpt lat="-33.66098333" lon="-70.54559167"><ele>881.000</ele><time>2026-09-13T15:34:19Z</time><speed>64.385</speed><sat>5</sat></trkpt>
  <trkpt lat="-33.66157167" lon="-70.54557833"><ele>878.900</ele><time>2026-09-13T15:34:20Z</time><speed>64.078</speed><sat>5</sat></trkpt>
  <trkpt lat="-33.66221167" lon="-70.54557500"><ele>875.800</ele><time>2026-09-13T15:34:21Z</time><speed>65.007</speed><sat>4</sat></trkpt>
  <trkpt lat="-33.66279333" lon="-70.54544833"><ele>871.100</ele><time>2026-09-13T15:34:22Z</time><speed>63.809</speed><sat>4</sat></trkpt>
  <trkpt lat="-33.66340333" lon="-70.54531167"><ele>865.100</ele><time>2026-09-13T15:34:23Z</time><speed>63.964</speed><sat>4</sat></trkpt>
  <trkpt lat="-33.66403333" lon="-70.54531000"><ele>868.000</ele><time>2026-09-13T15:34:24Z</time><speed>63.759</speed><sat>4</sat></trkpt>
  <trkpt lat="-33.66463833" lon="-70.54534000"><ele>871.400</ele><time>2026-09-13T15:34:25Z</time><speed>63.236</speed><sat>3</sat></trkpt>
  <trkpt lat="-33.66521333" lon="-70.54544000"><ele>872.000</ele><time>2026-09-13T15:34:26Z</time><speed>62.312</speed><sat>5</sat></trkpt>
  <trkpt lat="-33.66571333" lon="-70.54602500"><ele>886.500</ele><time>2026-09-13T15:34:27Z</time><speed>58.573</speed><sat>5</sat></trkpt>
  <trkpt lat="-33.66619667" lon="-70.54641333"><ele>882.000</ele><time>2026-09-13T15:34:28Z</time><speed>58.233</speed><sat>5</sat></trkpt>
  <trkpt lat="-33.66664000" lon="-70.54686333"><ele>871.300</ele><time>2026-09-13T15:34:29Z</time><speed>59.195</speed><sat>6</sat></trkpt>
  <trkpt lat="-33.66714000" lon="-70.54736167"><ele>865.100</ele><time>2026-09-13T15:34:30Z</time><speed>63.594</speed><sat>7</sat></trkpt>
  <trkpt lat="-33.66766167" lon="-70.54771333"><ele>865.000</ele><time>2026-09-13T15:34:31Z</time><speed>65.833</speed><sat>9</sat></trkpt>
  <trkpt lat="-33.66819000" lon="-70.54804833"><ele>872.600</ele><time>2026-09-13T15:34:32Z</time><speed>65.074</speed><sat>8</sat></trkpt>
  <trkpt lat="-33.66871000" lon="-70.54838667"><ele>872.100</ele><time>2026-09-13T15:34:33Z</time><speed>64.780</speed><sat>8</sat></trkpt>
  <trkpt lat="-33.66921833" lon="-70.54873333"><ele>871.200</ele><time>2026-09-13T15:34:34Z</time><speed>62.667</speed><sat>9</sat></trkpt>
  <trkpt lat="-33.66969833" lon="-70.54910833"><ele>867.500</ele><time>2026-09-13T15:34:35Z</time><speed>62.851</speed><sat>7</sat></trkpt>
  <trkpt lat="-33.67015167" lon="-70.54951500"><ele>866.700</ele><time>2026-09-13T15:34:36Z</time><speed>62.553</speed><sat>7</sat></trkpt>
  <trkpt lat="-33.67055000" lon="-70.54994000"><ele>864.100</ele><time>2026-09-13T15:34:37Z</time><speed>60.772</speed><sat>7</sat></trkpt>
  <trkpt lat="-33.67096667" lon="-70.55042833"><ele>864.100</ele><time>2026-09-13T15:34:38Z</time><speed>61.919</speed><sat>8</sat></trkpt>
  <trkpt lat="-33.67137333" lon="-70.55096000"><ele>906.400</ele><time>2026-09-13T15:34:39Z</time><speed>60.801</speed><sat>10</sat></trkpt>
  <trkpt lat="-33.67176833" lon="-70.55148167"><ele>935.800</ele><time>2026-09-13T15:34:40Z</time><speed>60.217</speed><sat>12</sat></trkpt>
  <trkpt lat="-33.67215833" lon="-70.55190333"><ele>944.500</ele><time>2026-09-13T15:34:41Z</time><speed>59.037</speed><sat>11</sat></trkpt>
  <trkpt lat="-33.67252833" lon="-70.55234833"><ele>952.100</ele><time>2026-09-13T15:34:42Z</time><speed>59.341</speed><sat>11</sat></trkpt>
  <trkpt lat="-33.67291000" lon="-70.55284667"><ele>963.900</ele><time>2026-09-13T15:34:43Z</time><speed>59.320</speed><sat>10</sat></trkpt>
  <trkpt lat="-33.67326667" lon="-70.55331500"><ele>967.000</ele><time>2026-09-13T15:34:44Z</time><speed>58.267</speed><sat>10</sat></trkpt>
  <trkpt lat="-33.67358833" lon="-70.55380667"><ele>968.600</ele><time>2026-09-13T15:34:45Z</time><speed>58.075</speed><sat>10</sat></trkpt>
  <trkpt lat="-33.67390833" lon="-70.55433667"><ele>968.100</ele><time>2026-09-13T15:34:46Z</time><speed>60.595</speed><sat>10</sat></trkpt>
  <trkpt lat="-33.67421000" lon="-70.55488667"><ele>964.900</ele><time>2026-09-13T15:34:47Z</time><speed>60.890</speed><sat>9</sat></trkpt>
  <trkpt lat="-33.67447000" lon="-70.55543000"><ele>965.300</ele><time>2026-09-13T15:34:48Z</time><speed>58.959</speed><sat>6</sat></trkpt>
  <trkpt lat="-33.67471833" lon="-70.55602500"><ele>964.500</ele><time>2026-09-13T15:34:49Z</time><speed>61.107</speed><sat>5</sat></trkpt>
  <trkpt lat="-33.67489500" lon="-70.55660833"><ele>964.500</ele><time>2026-09-13T15:34:50Z</time><speed>58.583</speed><sat>5</sat></trkpt>
  <trkpt lat="-33.67505667" lon="-70.55721333"><ele>964.300</ele><time>2026-09-13T15:34:51Z</time><speed>60.027</speed><sat>6</sat></trkpt>
  <trkpt lat="-33.67510500" lon="-70.55778833"><ele>963.400</ele><time>2026-09-13T15:34:52Z</time><speed>55.373</speed><sat>6</sat></trkpt>
  <trkpt lat="-33.67514500" lon="-70.55840833"><ele>968.700</ele><time>2026-09-13T15:34:53Z</time><speed>57.551</speed><sat>6</sat></trkpt>
  <trkpt lat="-33.67515167" lon="-70.55899167"><ele>959.900</ele><time>2026-09-13T15:34:54Z</time><speed>57.642</speed><sat>7</sat></trkpt>
  <trkpt lat="-33.67517500" lon="-70.55960167"><ele>958.000</ele><time>2026-09-13T15:34:55Z</time><speed>57.154</speed><sat>8</sat></trkpt>
  <trkpt lat="-33.67517000" lon="-70.56024000"><ele>960.900</ele><time>2026-09-13T15:34:56Z</time><speed>58.141</speed><sat>7</sat></trkpt>
  <trkpt lat="-33.67513167" lon="-70.56087667"><ele>966.000</ele><time>2026-09-13T15:34:57Z</time><speed>58.738</speed><sat>7</sat></trkpt>
  <trkpt lat="-33.67506833" lon="-70.56154167"><ele>976.000</ele><time>2026-09-13T15:34:58Z</time><speed>59.441</speed><sat>7</sat></trkpt>
  <trkpt lat="-33.67481333" lon="-70.56212167"><ele>984.300</ele><time>2026-09-13T15:34:59Z</time><speed>56.959</speed><sat>7</sat></trkpt>
  <trkpt lat="-33.67462000" lon="-70.56271667"><ele>984.400</ele><time>2026-09-13T15:35:00Z</time><speed>57.242</speed><sat>8</sat></trkpt>
  <trkpt lat="-33.67439667" lon="-70.56330167"><ele>984.900</ele><time>2026-09-13T15:35:01Z</time><speed>59.016</speed><sat>9</sat></trkpt>
  <trkpt lat="-33.67419167" lon="-70.56388333"><ele>984.400</ele><time>2026-09-13T15:35:02Z</time><speed>57.654</speed><sat>9</sat></trkpt>
  <trkpt lat="-33.67396000" lon="-70.56442667"><ele>984.700</ele><time>2026-09-13T15:35:03Z</time><speed>56.826</speed><sat>9</sat></trkpt>
  <trkpt lat="-33.67365833" lon="-70.56496500"><ele>981.400</ele><time>2026-09-13T15:35:04Z</time><speed>58.489</speed><sat>9</sat></trkpt>
  <trkpt lat="-33.67334833" lon="-70.56547000"><ele>982.700</ele><time>2026-09-13T15:35:05Z</time><speed>57.416</speed><sat>9</sat></trkpt>
  <trkpt lat="-33.67301167" lon="-70.56594167"><ele>981.300</ele><time>2026-09-13T15:35:06Z</time><speed>56.613</speed><sat>11</sat></trkpt>
  <trkpt lat="-33.67260833" lon="-70.56637000"><ele>980.900</ele><time>2026-09-13T15:35:07Z</time><speed>56.187</speed><sat>11</sat></trkpt>
  <trkpt lat="-33.67219000" lon="-70.56680167"><ele>980.300</ele><time>2026-09-13T15:35:08Z</time><speed>59.060</speed><sat>11</sat></trkpt>
  <trkpt lat="-33.67178667" lon="-70.56722667"><ele>979.300</ele><time>2026-09-13T15:35:09Z</time><speed>59.381</speed><sat>10</sat></trkpt>
  <trkpt lat="-33.67137500" lon="-70.56763667"><ele>979.500</ele><time>2026-09-13T15:35:10Z</time><speed>59.743</speed><sat>8</sat></trkpt>
  <trkpt lat="-33.67095167" lon="-70.56802000"><ele>976.500</ele><time>2026-09-13T15:35:11Z</time><speed>59.718</speed><sat>8</sat></trkpt>
  <trkpt lat="-33.67051000" lon="-70.56835833"><ele>976.800</ele><time>2026-09-13T15:35:12Z</time><speed>58.108</speed><sat>8</sat></trkpt>
  <trkpt lat="-33.67006833" lon="-70.56868833"><ele>974.200</ele><time>2026-09-13T15:35:13Z</time><speed>58.123</speed><sat>7</sat></trkpt>
  <trkpt lat="-33.66961667" lon="-70.56899167"><ele>972.000</ele><time>2026-09-13T15:35:14Z</time><speed>57.721</speed><sat>7</sat></trkpt>
  <trkpt lat="-33.66914333" lon="-70.56927667"><ele>972.300</ele><time>2026-09-13T15:35:15Z</time><speed>58.704</speed><sat>6</sat></trkpt>
  <trkpt lat="-33.66866000" lon="-70.56954500"><ele>972.400</ele><time>2026-09-13T15:35:16Z</time><speed>59.151</speed><sat>8</sat></trkpt>
  <trkpt lat="-33.66818167" lon="-70.56981000"><ele>965.900</ele><time>2026-09-13T15:35:17Z</time><speed>59.154</speed><sat>7</sat></trkpt>
  <trkpt lat="-33.66767333" lon="-70.56998167"><ele>973.500</ele><time>2026-09-13T15:35:18Z</time><speed>57.347</speed><sat>8</sat></trkpt>
  <trkpt lat="-33.66716667" lon="-70.57012500"><ele>979.600</ele><time>2026-09-13T15:35:19Z</time><speed>57.224</speed><sat>9</sat></trkpt>
  <trkpt lat="-33.66667833" lon="-70.57027500"><ele>977.200</ele><time>2026-09-13T15:35:20Z</time><speed>56.280</speed><sat>8</sat></trkpt>
  <trkpt lat="-33.66616333" lon="-70.57039000"><ele>981.400</ele><time>2026-09-13T15:35:21Z</time><speed>57.533</speed><sat>9</sat></trkpt>
  <trkpt lat="-33.66565167" lon="-70.57048833"><ele>981.500</ele><time>2026-09-13T15:35:22Z</time><speed>57.540</speed><sat>9</sat></trkpt>
  <trkpt lat="-33.66514333" lon="-70.57056167"><ele>980.300</ele><time>2026-09-13T15:35:23Z</time><speed>57.161</speed><sat>9</sat></trkpt>
  <trkpt lat="-33.66461833" lon="-70.57058667"><ele>984.200</ele><time>2026-09-13T15:35:24Z</time><speed>57.684</speed><sat>10</sat></trkpt>
  <trkpt lat="-33.66410667" lon="-70.57059000"><ele>987.900</ele><time>2026-09-13T15:35:25Z</time><speed>55.319</speed><sat>10</sat></trkpt>
  <trkpt lat="-33.66361000" lon="-70.57057500"><ele>989.600</ele><time>2026-09-13T15:35:26Z</time><speed>54.640</speed><sat>10</sat></trkpt>
  <trkpt lat="-33.66311167" lon="-70.57054167"><ele>989.800</ele><time>2026-09-13T15:35:27Z</time><speed>55.603</speed><sat>10</sat></trkpt>
  <trkpt lat="-33.66260833" lon="-70.57046167"><ele>991.400</ele><time>2026-09-13T15:35:28Z</time><speed>55.601</speed><sat>11</sat></trkpt>
  <trkpt lat="-33.66212167" lon="-70.57034333"><ele>993.500</ele><time>2026-09-13T15:35:29Z</time><speed>55.706</speed><sat>11</sat></trkpt>
  <trkpt lat="-33.66163167" lon="-70.57021833"><ele>993.000</ele><time>2026-09-13T15:35:30Z</time><speed>56.260</speed><sat>12</sat></trkpt>
  <trkpt lat="-33.66115000" lon="-70.57007333"><ele>991.900</ele><time>2026-09-13T15:35:31Z</time><speed>56.013</speed><sat>13</sat></trkpt>
  <trkpt lat="-33.66066667" lon="-70.56991667"><ele>991.100</ele><time>2026-09-13T15:35:32Z</time><speed>56.115</speed><sat>13</sat></trkpt>
  <trkpt lat="-33.66019000" lon="-70.56971833"><ele>992.700</ele><time>2026-09-13T15:35:33Z</time><speed>55.528</speed><sat>12</sat></trkpt>
  <trkpt lat="-33.65971167" lon="-70.56944167"><ele>1001.800</ele><time>2026-09-13T15:35:34Z</time><speed>56.576</speed><sat>11</sat></trkpt>
  <trkpt lat="-33.65928167" lon="-70.56923500"><ele>1000.200</ele><time>2026-09-13T15:35:35Z</time><speed>53.337</speed><sat>10</sat></trkpt>
  <trkpt lat="-33.65885833" lon="-70.56901500"><ele>999.300</ele><time>2026-09-13T15:35:36Z</time><speed>52.652</speed><sat>8</sat></trkpt>
  <trkpt lat="-33.65838500" lon="-70.56878667"><ele>999.100</ele><time>2026-09-13T15:35:37Z</time><speed>56.790</speed><sat>7</sat></trkpt>
  <trkpt lat="-33.65789667" lon="-70.56857333"><ele>1000.800</ele><time>2026-09-13T15:35:38Z</time><speed>57.247</speed><sat>7</sat></trkpt>
  <trkpt lat="-33.65741833" lon="-70.56836167"><ele>1005.100</ele><time>2026-09-13T15:35:39Z</time><speed>56.011</speed><sat>8</sat></trkpt>
  <trkpt lat="-33.65700000" lon="-70.56816333"><ele>1004.000</ele><time>2026-09-13T15:35:40Z</time><speed>53.130</speed><sat>10</sat></trkpt>
  <trkpt lat="-33.65651500" lon="-70.56792167"><ele>994.300</ele><time>2026-09-13T15:35:41Z</time><speed>54.644</speed><sat>12</sat></trkpt>
  <trkpt lat="-33.65606667" lon="-70.56766500"><ele>988.200</ele><time>2026-09-13T15:35:42Z</time><speed>54.082</speed><sat>13</sat></trkpt>
  <trkpt lat="-33.65556833" lon="-70.56736833"><ele>969.900</ele><time>2026-09-13T15:35:43Z</time><speed>55.035</speed><sat>14</sat></trkpt>
  <trkpt lat="-33.65520833" lon="-70.56705333"><ele>957.200</ele><time>2026-09-13T15:35:44Z</time><speed>53.059</speed><sat>14</sat></trkpt>
  <trkpt lat="-33.65484167" lon="-70.56672333"><ele>950.600</ele><time>2026-09-13T15:35:45Z</time><speed>52.134</speed><sat>14</sat></trkpt>
  <trkpt lat="-33.65450000" lon="-70.56636667"><ele>946.400</ele><time>2026-09-13T15:35:46Z</time><speed>51.905</speed><sat>14</sat></trkpt>
  <trkpt lat="-33.65417833" lon="-70.56597000"><ele>939.400</ele><time>2026-09-13T15:35:47Z</time><speed>53.531</speed><sat>14</sat></trkpt>
  <trkpt lat="-33.65388833" lon="-70.56555667"><ele>932.300</ele><time>2026-09-13T15:35:48Z</time><speed>51.865</speed><sat>14</sat></trkpt>
  <trkpt lat="-33.65362167" lon="-70.56511833"><ele>927.700</ele><time>2026-09-13T15:35:49Z</time><speed>50.347</speed><sat>15</sat></trkpt>
  <trkpt lat="-33.65336833" lon="-70.56466167"><ele>925.700</ele><time>2026-09-13T15:35:50Z</time><speed>50.934</speed><sat>15</sat></trkpt>
  <trkpt lat="-33.65312500" lon="-70.56418500"><ele>920.600</ele><time>2026-09-13T15:35:51Z</time><speed>51.273</speed><sat>15</sat></trkpt>
  <trkpt lat="-33.65291667" lon="-70.56370333"><ele>920.300</ele><time>2026-09-13T15:35:52Z</time><speed>49.413</speed><sat>14</sat></trkpt>
  <trkpt lat="-33.65272833" lon="-70.56321667"><ele>920.000</ele><time>2026-09-13T15:35:53Z</time><speed>48.783</speed><sat>14</sat></trkpt>
  <trkpt lat="-33.65255833" lon="-70.56270833"><ele>921.000</ele><time>2026-09-13T15:35:54Z</time><speed>50.356</speed><sat>14</sat></trkpt>
  <trkpt lat="-33.65248000" lon="-70.56214667"><ele>916.400</ele><time>2026-09-13T15:35:55Z</time><speed>53.104</speed><sat>13</sat></trkpt>
  <trkpt lat="-33.65243000" lon="-70.56159000"><ele>912.300</ele><time>2026-09-13T15:35:56Z</time><speed>53.123</speed><sat>13</sat></trkpt>
  <trkpt lat="-33.65239667" lon="-70.56102500"><ele>908.000</ele><time>2026-09-13T15:35:57Z</time><speed>53.012</speed><sat>12</sat></trkpt>
  <trkpt lat="-33.65237667" lon="-70.56046167"><ele>903.900</ele><time>2026-09-13T15:35:58Z</time><speed>52.306</speed><sat>12</sat></trkpt>
  <trkpt lat="-33.65237667" lon="-70.55989333"><ele>887.000</ele><time>2026-09-13T15:35:59Z</time><speed>53.042</speed><sat>13</sat></trkpt>
  <trkpt lat="-33.65237167" lon="-70.55932000"><ele>879.100</ele><time>2026-09-13T15:36:00Z</time><speed>53.169</speed><sat>13</sat></trkpt>
  <trkpt lat="-33.65237500" lon="-70.55874333"><ele>872.400</ele><time>2026-09-13T15:36:01Z</time><speed>54.270</speed><sat>13</sat></trkpt>
  <trkpt lat="-33.65238500" lon="-70.55815833"><ele>865.600</ele><time>2026-09-13T15:36:02Z</time><speed>54.270</speed><sat>13</sat></trkpt>
  <trkpt lat="-33.65239500" lon="-70.55752167"><ele>857.700</ele><time>2026-09-13T15:36:03Z</time><speed>58.834</speed><sat>10</sat></trkpt>
  <trkpt lat="-33.65243667" lon="-70.55687333"><ele>839.500</ele><time>2026-09-13T15:36:04Z</time><speed>59.562</speed><sat>8</sat></trkpt>
  <trkpt lat="-33.65243500" lon="-70.55621000"><ele>832.100</ele><time>2026-09-13T15:36:05Z</time><speed>60.041</speed><sat>8</sat></trkpt>
  <trkpt lat="-33.65243833" lon="-70.55556167"><ele>820.900</ele><time>2026-09-13T15:36:06Z</time><speed>60.041</speed><sat>10</sat></trkpt>
  <trkpt lat="-33.65244333" lon="-70.55491667"><ele>809.600</ele><time>2026-09-13T15:36:07Z</time><speed>60.041</speed><sat>10</sat></trkpt>
  <trkpt lat="-33.65237500" lon="-70.55434333"><ele>801.900</ele><time>2026-09-13T15:36:08Z</time><speed>56.350</speed><sat>10</sat></trkpt>
  <trkpt lat="-33.65238333" lon="-70.55376667"><ele>793.900</ele><time>2026-09-13T15:36:09Z</time><speed>55.049</speed><sat>9</sat></trkpt>
  <trkpt lat="-33.65243000" lon="-70.55325167"><ele>784.200</ele><time>2026-09-13T15:36:10Z</time><speed>54.736</speed><sat>9</sat></trkpt>
  <trkpt lat="-33.65249833" lon="-70.55273167"><ele>781.400</ele><time>2026-09-13T15:36:11Z</time><speed>53.571</speed><sat>9</sat></trkpt>
  <trkpt lat="-33.65260167" lon="-70.55218000"><ele>771.900</ele><time>2026-09-13T15:36:12Z</time><speed>54.060</speed><sat>9</sat></trkpt>
  <trkpt lat="-33.65277167" lon="-70.55166000"><ele>772.600</ele><time>2026-09-13T15:36:13Z</time><speed>51.958</speed><sat>7</sat></trkpt>
  <trkpt lat="-33.65300500" lon="-70.55119667"><ele>768.200</ele><time>2026-09-13T15:36:14Z</time><speed>52.093</speed><sat>7</sat></trkpt>
  <trkpt lat="-33.65326333" lon="-70.55076333"><ele>763.600</ele><time>2026-09-13T15:36:15Z</time><speed>51.028</speed><sat>6</sat></trkpt>
  <trkpt lat="-33.65353333" lon="-70.55032500"><ele>757.300</ele><time>2026-09-13T15:36:16Z</time><speed>51.029</speed><sat>6</sat></trkpt>
  <trkpt lat="-33.65383833" lon="-70.54991333"><ele>749.600</ele><time>2026-09-13T15:36:17Z</time><speed>51.224</speed><sat>6</sat></trkpt>
  <trkpt lat="-33.65434833" lon="-70.54970500"><ele>747.900</ele><time>2026-09-13T15:36:18Z</time><speed>53.901</speed><sat>8</sat></trkpt>
  <trkpt lat="-33.65477500" lon="-70.54944833"><ele>745.200</ele><time>2026-09-13T15:36:19Z</time><speed>53.546</speed><sat>8</sat></trkpt>
  <trkpt lat="-33.65520167" lon="-70.54924000"><ele>736.000</ele><time>2026-09-13T15:36:20Z</time><speed>51.969</speed><sat>7</sat></trkpt>
  <trkpt lat="-33.65565333" lon="-70.54906333"><ele>729.700</ele><time>2026-09-13T15:36:21Z</time><speed>52.630</speed><sat>6</sat></trkpt>
  <trkpt lat="-33.65611167" lon="-70.54897667"><ele>724.700</ele><time>2026-09-13T15:36:22Z</time><speed>50.703</speed><sat>6</sat></trkpt>
  <trkpt lat="-33.65656500" lon="-70.54892167"><ele>717.300</ele><time>2026-09-13T15:36:23Z</time><speed>51.518</speed><sat>8</sat></trkpt>
  <trkpt lat="-33.65701333" lon="-70.54877833"><ele>712.200</ele><time>2026-09-13T15:36:24Z</time><speed>51.518</speed><sat>9</sat></trkpt>
  <trkpt lat="-33.65748500" lon="-70.54885000"><ele>711.800</ele><time>2026-09-13T15:36:25Z</time><speed>50.594</speed><sat>8</sat></trkpt>
  <trkpt lat="-33.65798667" lon="-70.54890667"><ele>716.100</ele><time>2026-09-13T15:36:26Z</time><speed>53.012</speed><sat>8</sat></trkpt>
  <trkpt lat="-33.65844000" lon="-70.54898000"><ele>720.100</ele><time>2026-09-13T15:36:27Z</time><speed>52.529</speed><sat>7</sat></trkpt>
  <trkpt lat="-33.65890000" lon="-70.54903000"><ele>720.000</ele><time>2026-09-13T15:36:28Z</time><speed>52.048</speed><sat>7</sat></trkpt>
  <trkpt lat="-33.65937000" lon="-70.54904667"><ele>719.000</ele><time>2026-09-13T15:36:29Z</time><speed>53.884</speed><sat>7</sat></trkpt>
  <trkpt lat="-33.65983833" lon="-70.54905167"><ele>728.100</ele><time>2026-09-13T15:36:30Z</time><speed>51.905</speed><sat>7</sat></trkpt>
  <trkpt lat="-33.66032667" lon="-70.54904500"><ele>726.700</ele><time>2026-09-13T15:36:31Z</time><speed>53.522</speed><sat>6</sat></trkpt>
  <trkpt lat="-33.66081500" lon="-70.54899167"><ele>726.300</ele><time>2026-09-13T15:36:32Z</time><speed>54.214</speed><sat>5</sat></trkpt>
  <trkpt lat="-33.66129833" lon="-70.54894333"><ele>735.600</ele><time>2026-09-13T15:36:33Z</time><speed>54.190</speed><sat>5</sat></trkpt>
  <trkpt lat="-33.66178333" lon="-70.54889000"><ele>743.300</ele><time>2026-09-13T15:36:34Z</time><speed>54.029</speed><sat>5</sat></trkpt>
  <trkpt lat="-33.66223500" lon="-70.54883333"><ele>739.800</ele><time>2026-09-13T15:36:35Z</time><speed>51.783</speed><sat>5</sat></trkpt>
  <trkpt lat="-33.66270000" lon="-70.54882333"><ele>734.400</ele><time>2026-09-13T15:36:36Z</time><speed>51.592</speed><sat>6</sat></trkpt>
  <trkpt lat="-33.66313000" lon="-70.54881667"><ele>747.900</ele><time>2026-09-13T15:36:37Z</time><speed>49.802</speed><sat>7</sat></trkpt>
  <trkpt lat="-33.66362667" lon="-70.54881500"><ele>771.900</ele><time>2026-09-13T15:36:38Z</time><speed>53.025</speed><sat>7</sat></trkpt>
  <trkpt lat="-33.66407000" lon="-70.54877667"><ele>777.900</ele><time>2026-09-13T15:36:39Z</time><speed>51.703</speed><sat>7</sat></trkpt>
  <trkpt lat="-33.66454000" lon="-70.54874167"><ele>781.000</ele><time>2026-09-13T15:36:40Z</time><speed>52.236</speed><sat>6</sat></trkpt>
  <trkpt lat="-33.66499833" lon="-70.54872500"><ele>786.800</ele><time>2026-09-13T15:36:41Z</time><speed>51.487</speed><sat>7</sat></trkpt>
  <trkpt lat="-33.66543500" lon="-70.54871167"><ele>791.500</ele><time>2026-09-13T15:36:42Z</time><speed>49.561</speed><sat>7</sat></trkpt>
  <trkpt lat="-33.66586500" lon="-70.54869833"><ele>796.100</ele><time>2026-09-13T15:36:43Z</time><speed>48.678</speed><sat>7</sat></trkpt>
  <trkpt lat="-33.66632167" lon="-70.54869167"><ele>799.900</ele><time>2026-09-13T15:36:44Z</time><speed>50.371</speed><sat>7</sat></trkpt>
  <trkpt lat="-33.66677333" lon="-70.54867833"><ele>804.200</ele><time>2026-09-13T15:36:45Z</time><speed>50.386</speed><sat>7</sat></trkpt>
  <trkpt lat="-33.66722667" lon="-70.54864833"><ele>812.400</ele><time>2026-09-13T15:36:46Z</time><speed>50.270</speed><sat>7</sat></trkpt>
  <trkpt lat="-33.66767333" lon="-70.54860000"><ele>820.800</ele><time>2026-09-13T15:36:47Z</time><speed>50.473</speed><sat>8</sat></trkpt>
  <trkpt lat="-33.66812500" lon="-70.54855500"><ele>828.600</ele><time>2026-09-13T15:36:48Z</time><speed>50.104</speed><sat>7</sat></trkpt>
  <trkpt lat="-33.66857333" lon="-70.54850833"><ele>835.900</ele><time>2026-09-13T15:36:49Z</time><speed>49.620</speed><sat>8</sat></trkpt>
  <trkpt lat="-33.66904333" lon="-70.54846500"><ele>843.000</ele><time>2026-09-13T15:36:50Z</time><speed>51.606</speed><sat>8</sat></trkpt>
  <trkpt lat="-33.66948667" lon="-70.54842667"><ele>849.700</ele><time>2026-09-13T15:36:51Z</time><speed>49.762</speed><sat>7</sat></trkpt>
  <trkpt lat="-33.66997167" lon="-70.54839167"><ele>859.500</ele><time>2026-09-13T15:36:52Z</time><speed>50.445</speed><sat>9</sat></trkpt>
  <trkpt lat="-33.67042667" lon="-70.54835833"><ele>864.800</ele><time>2026-09-13T15:36:53Z</time><speed>49.295</speed><sat>9</sat></trkpt>
  <trkpt lat="-33.67089333" lon="-70.54835333"><ele>873.400</ele><time>2026-09-13T15:36:54Z</time><speed>49.843</speed><sat>9</sat></trkpt>
  <trkpt lat="-33.67131167" lon="-70.54829167"><ele>874.900</ele><time>2026-09-13T15:36:55Z</time><speed>49.451</speed><sat>10</sat></trkpt>
  <trkpt lat="-33.67174167" lon="-70.54823333"><ele>877.600</ele><time>2026-09-13T15:36:56Z</time><speed>48.876</speed><sat>10</sat></trkpt>
  <trkpt lat="-33.67214667" lon="-70.54817500"><ele>877.500</ele><time>2026-09-13T15:36:57Z</time><speed>45.906</speed><sat>11</sat></trkpt>
  <trkpt lat="-33.67257500" lon="-70.54810167"><ele>879.500</ele><time>2026-09-13T15:36:58Z</time><speed>48.217</speed><sat>11</sat></trkpt>
  <trkpt lat="-33.67301833" lon="-70.54800000"><ele>879.800</ele><time>2026-09-13T15:36:59Z</time><speed>50.421</speed><sat>11</sat></trkpt>
  <trkpt lat="-33.67344500" lon="-70.54788667"><ele>879.700</ele><time>2026-09-13T15:37:00Z</time><speed>48.845</speed><sat>12</sat></trkpt>
  <trkpt lat="-33.67388167" lon="-70.54775000"><ele>882.200</ele><time>2026-09-13T15:37:01Z</time><speed>49.447</speed><sat>12</sat></trkpt>
  <trkpt lat="-33.67431667" lon="-70.54759000"><ele>883.500</ele><time>2026-09-13T15:37:02Z</time><speed>49.889</speed><sat>11</sat></trkpt>
  <trkpt lat="-33.67473167" lon="-70.54742167"><ele>886.100</ele><time>2026-09-13T15:37:03Z</time><speed>46.442</speed><sat>10</sat></trkpt>
  <trkpt lat="-33.67515167" lon="-70.54723500"><ele>888.600</ele><time>2026-09-13T15:37:04Z</time><speed>47.155</speed><sat>11</sat></trkpt>
  <trkpt lat="-33.67566333" lon="-70.54698833"><ele>896.900</ele><time>2026-09-13T15:37:05Z</time><speed>50.746</speed><sat>11</sat></trkpt>
  <trkpt lat="-33.67612167" lon="-70.54675000"><ele>898.500</ele><time>2026-09-13T15:37:06Z</time><speed>50.714</speed><sat>13</sat></trkpt>
  <trkpt lat="-33.67654667" lon="-70.54650000"><ele>901.000</ele><time>2026-09-13T15:37:07Z</time><speed>50.014</speed><sat>13</sat></trkpt>
  <trkpt lat="-33.67694333" lon="-70.54625167"><ele>903.700</ele><time>2026-09-13T15:37:08Z</time><speed>49.526</speed><sat>13</sat></trkpt>
  <trkpt lat="-33.67733000" lon="-70.54599500"><ele>907.600</ele><time>2026-09-13T15:37:09Z</time><speed>48.765</speed><sat>12</sat></trkpt>
  <trkpt lat="-33.67772333" lon="-70.54573000"><ele>910.100</ele><time>2026-09-13T15:37:10Z</time><speed>50.738</speed><sat>12</sat></trkpt>
  <trkpt lat="-33.67812167" lon="-70.54545333"><ele>914.500</ele><time>2026-09-13T15:37:11Z</time><speed>51.389</speed><sat>12</sat></trkpt>
  <trkpt lat="-33.67852500" lon="-70.54518333"><ele>916.700</ele><time>2026-09-13T15:37:12Z</time><speed>51.353</speed><sat>11</sat></trkpt>
  <trkpt lat="-33.67891000" lon="-70.54490500"><ele>918.900</ele><time>2026-09-13T15:37:13Z</time><speed>50.125</speed><sat>11</sat></trkpt>
  <trkpt lat="-33.67928333" lon="-70.54463333"><ele>921.200</ele><time>2026-09-13T15:37:14Z</time><speed>48.878</speed><sat>11</sat></trkpt>
  <trkpt lat="-33.67965167" lon="-70.54435667"><ele>922.700</ele><time>2026-09-13T15:37:15Z</time><speed>48.698</speed><sat>12</sat></trkpt>
  <trkpt lat="-33.68003500" lon="-70.54407000"><ele>924.200</ele><time>2026-09-13T15:37:16Z</time><speed>48.669</speed><sat>13</sat></trkpt>
  <trkpt lat="-33.68041167" lon="-70.54377667"><ele>928.100</ele><time>2026-09-13T15:37:17Z</time><speed>48.698</speed><sat>13</sat></trkpt>
  <trkpt lat="-33.68085167" lon="-70.54344000"><ele>931.900</ele><time>2026-09-13T15:37:18Z</time><speed>53.477</speed><sat>12</sat></trkpt>
  <trkpt lat="-33.68125500" lon="-70.54311333"><ele>934.800</ele><time>2026-09-13T15:37:19Z</time><speed>53.275</speed><sat>12</sat></trkpt>
  <trkpt lat="-33.68171000" lon="-70.54274167"><ele>940.300</ele><time>2026-09-13T15:37:20Z</time><speed>55.665</speed><sat>12</sat></trkpt>
  <trkpt lat="-33.68212333" lon="-70.54238167"><ele>945.500</ele><time>2026-09-13T15:37:21Z</time><speed>53.349</speed><sat>10</sat></trkpt>
  <trkpt lat="-33.68248333" lon="-70.54204000"><ele>949.000</ele><time>2026-09-13T15:37:22Z</time><speed>51.000</speed><sat>10</sat></trkpt>
  <trkpt lat="-33.68282833" lon="-70.54168833"><ele>952.500</ele><time>2026-09-13T15:37:23Z</time><speed>50.416</speed><sat>10</sat></trkpt>
  <trkpt lat="-33.68318833" lon="-70.54134000"><ele>954.300</ele><time>2026-09-13T15:37:24Z</time><speed>52.202</speed><sat>11</sat></trkpt>
  <trkpt lat="-33.68354667" lon="-70.54098000"><ele>957.700</ele><time>2026-09-13T15:37:25Z</time><speed>51.771</speed><sat>12</sat></trkpt>
  <trkpt lat="-33.68388167" lon="-70.54064500"><ele>957.300</ele><time>2026-09-13T15:37:26Z</time><speed>50.144</speed><sat>14</sat></trkpt>
  <trkpt lat="-33.68420000" lon="-70.54030000"><ele>958.900</ele><time>2026-09-13T15:37:27Z</time><speed>48.702</speed><sat>14</sat></trkpt>
  <trkpt lat="-33.68437167" lon="-70.54000667"><ele>962.400</ele><time>2026-09-13T15:37:28Z</time><speed>49.450</speed><sat>14</sat></trkpt>
  <trkpt lat="-33.68468500" lon="-70.53962333"><ele>966.000</ele><time>2026-09-13T15:37:29Z</time><speed>50.794</speed><sat>13</sat></trkpt>
  <trkpt lat="-33.68499667" lon="-70.53925000"><ele>968.400</ele><time>2026-09-13T15:37:30Z</time><speed>49.258</speed><sat>11</sat></trkpt>
  <trkpt lat="-33.68534167" lon="-70.53885833"><ele>970.100</ele><time>2026-09-13T15:37:31Z</time><speed>47.502</speed><sat>10</sat></trkpt>
  <trkpt lat="-33.68565500" lon="-70.53847167"><ele>973.300</ele><time>2026-09-13T15:37:32Z</time><speed>50.184</speed><sat>11</sat></trkpt>
  <trkpt lat="-33.68596833" lon="-70.53807000"><ele>975.800</ele><time>2026-09-13T15:37:33Z</time><speed>51.008</speed><sat>11</sat></trkpt>
  <trkpt lat="-33.68628667" lon="-70.53765500"><ele>978.600</ele><time>2026-09-13T15:37:34Z</time><speed>52.414</speed><sat>11</sat></trkpt>
  <trkpt lat="-33.68652500" lon="-70.53724500"><ele>987.500</ele><time>2026-09-13T15:37:35Z</time><speed>51.444</speed><sat>10</sat></trkpt>
  <trkpt lat="-33.68681833" lon="-70.53681833"><ele>990.800</ele><time>2026-09-13T15:37:36Z</time><speed>50.369</speed><sat>10</sat></trkpt>
  <trkpt lat="-33.68711000" lon="-70.53637667"><ele>998.100</ele><time>2026-09-13T15:37:37Z</time><speed>50.506</speed><sat>11</sat></trkpt>
  <trkpt lat="-33.68740667" lon="-70.53595167"><ele>1003.000</ele><time>2026-09-13T15:37:38Z</time><speed>51.319</speed><sat>10</sat></trkpt>
  <trkpt lat="-33.68764500" lon="-70.53550000"><ele>1008.700</ele><time>2026-09-13T15:37:39Z</time><speed>48.311</speed><sat>10</sat></trkpt>
  <trkpt lat="-33.68787833" lon="-70.53504833"><ele>1013.100</ele><time>2026-09-13T15:37:40Z</time><speed>49.096</speed><sat>11</sat></trkpt>
  <trkpt lat="-33.68812000" lon="-70.53457500"><ele>1016.100</ele><time>2026-09-13T15:37:41Z</time><speed>51.689</speed><sat>11</sat></trkpt>
  <trkpt lat="-33.68836833" lon="-70.53409500"><ele>1017.300</ele><time>2026-09-13T15:37:42Z</time><speed>51.827</speed><sat>11</sat></trkpt>
  <trkpt lat="-33.68859833" lon="-70.53361500"><ele>1020.700</ele><time>2026-09-13T15:37:43Z</time><speed>51.093</speed><sat>10</sat></trkpt>
  <trkpt lat="-33.68884833" lon="-70.53315000"><ele>1015.500</ele><time>2026-09-13T15:37:44Z</time><speed>50.580</speed><sat>8</sat></trkpt>
  <trkpt lat="-33.68909000" lon="-70.53266667"><ele>1015.600</ele><time>2026-09-13T15:37:45Z</time><speed>52.097</speed><sat>8</sat></trkpt>
  <trkpt lat="-33.68936500" lon="-70.53219833"><ele>1007.300</ele><time>2026-09-13T15:37:46Z</time><speed>51.908</speed><sat>8</sat></trkpt>
  <trkpt lat="-33.68961000" lon="-70.53172167"><ele>1007.000</ele><time>2026-09-13T15:37:47Z</time><speed>51.383</speed><sat>7</sat></trkpt>
  <trkpt lat="-33.68983667" lon="-70.53125000"><ele>1007.400</ele><time>2026-09-13T15:37:48Z</time><speed>50.176</speed><sat>7</sat></trkpt>
  <trkpt lat="-33.69006333" lon="-70.53076000"><ele>1008.000</ele><time>2026-09-13T15:37:49Z</time><speed>52.307</speed><sat>6</sat></trkpt>
  <trkpt lat="-33.69030333" lon="-70.53025333"><ele>1008.700</ele><time>2026-09-13T15:37:50Z</time><speed>53.924</speed><sat>7</sat></trkpt>
  <trkpt lat="-33.69053500" lon="-70.52975667"><ele>1009.000</ele><time>2026-09-13T15:37:51Z</time><speed>51.881</speed><sat>7</sat></trkpt>
  <trkpt lat="-33.69078167" lon="-70.52929167"><ele>1008.800</ele><time>2026-09-13T15:37:52Z</time><speed>50.577</speed><sat>7</sat></trkpt>
  <trkpt lat="-33.69103000" lon="-70.52881000"><ele>1008.600</ele><time>2026-09-13T15:37:53Z</time><speed>52.282</speed><sat>7</sat></trkpt>
  <trkpt lat="-33.69126833" lon="-70.52832667"><ele>1009.100</ele><time>2026-09-13T15:37:54Z</time><speed>51.910</speed><sat>7</sat></trkpt>
  <trkpt lat="-33.69146000" lon="-70.52782833"><ele>1020.500</ele><time>2026-09-13T15:37:55Z</time><speed>51.624</speed><sat>8</sat></trkpt>
  <trkpt lat="-33.69168000" lon="-70.52734000"><ele>1025.100</ele><time>2026-09-13T15:37:56Z</time><speed>52.117</speed><sat>8</sat></trkpt>
  <trkpt lat="-33.69189667" lon="-70.52685167"><ele>1028.100</ele><time>2026-09-13T15:37:57Z</time><speed>51.001</speed><sat>8</sat></trkpt>
  <trkpt lat="-33.69213000" lon="-70.52635333"><ele>1030.000</ele><time>2026-09-13T15:37:58Z</time><speed>52.835</speed><sat>8</sat></trkpt>
  <trkpt lat="-33.69235167" lon="-70.52586167"><ele>1033.200</ele><time>2026-09-13T15:37:59Z</time><speed>53.065</speed><sat>8</sat></trkpt>
  <trkpt lat="-33.69258000" lon="-70.52534500"><ele>1035.500</ele><time>2026-09-13T15:38:00Z</time><speed>53.791</speed><sat>9</sat></trkpt>
  <trkpt lat="-33.69279833" lon="-70.52483167"><ele>1036.800</ele><time>2026-09-13T15:38:01Z</time><speed>52.583</speed><sat>9</sat></trkpt>
  <trkpt lat="-33.69303000" lon="-70.52431500"><ele>1038.700</ele><time>2026-09-13T15:38:02Z</time><speed>53.583</speed><sat>9</sat></trkpt>
  <trkpt lat="-33.69325000" lon="-70.52380833"><ele>1041.700</ele><time>2026-09-13T15:38:03Z</time><speed>52.425</speed><sat>10</sat></trkpt>
  <trkpt lat="-33.69346833" lon="-70.52329667"><ele>1045.600</ele><time>2026-09-13T15:38:04Z</time><speed>52.997</speed><sat>10</sat></trkpt>
  <trkpt lat="-33.69364667" lon="-70.52270333"><ele>1065.200</ele><time>2026-09-13T15:38:05Z</time><speed>54.512</speed><sat>10</sat></trkpt>
  <trkpt lat="-33.69385667" lon="-70.52213500"><ele>1071.300</ele><time>2026-09-13T15:38:06Z</time><speed>54.487</speed><sat>11</sat></trkpt>
  <trkpt lat="-33.69406000" lon="-70.52158333"><ele>1076.500</ele><time>2026-09-13T15:38:07Z</time><speed>53.840</speed><sat>10</sat></trkpt>
  <trkpt lat="-33.69427333" lon="-70.52103833"><ele>1081.400</ele><time>2026-09-13T15:38:08Z</time><speed>54.420</speed><sat>10</sat></trkpt>
  <trkpt lat="-33.69448833" lon="-70.52051500"><ele>1086.400</ele><time>2026-09-13T15:38:09Z</time><speed>53.746</speed><sat>12</sat></trkpt>
  <trkpt lat="-33.69471167" lon="-70.51998500"><ele>1088.200</ele><time>2026-09-13T15:38:10Z</time><speed>54.847</speed><sat>11</sat></trkpt>
  <trkpt lat="-33.69493167" lon="-70.51945833"><ele>1088.600</ele><time>2026-09-13T15:38:11Z</time><speed>53.693</speed><sat>11</sat></trkpt>
  <trkpt lat="-33.69514667" lon="-70.51894500"><ele>1088.400</ele><time>2026-09-13T15:38:12Z</time><speed>54.529</speed><sat>11</sat></trkpt>
  <trkpt lat="-33.69535500" lon="-70.51840500"><ele>1091.200</ele><time>2026-09-13T15:38:13Z</time><speed>54.945</speed><sat>12</sat></trkpt>
  <trkpt lat="-33.69555333" lon="-70.51788333"><ele>1095.200</ele><time>2026-09-13T15:38:14Z</time><speed>52.308</speed><sat>12</sat></trkpt>
  <trkpt lat="-33.69576667" lon="-70.51736500"><ele>1098.400</ele><time>2026-09-13T15:38:15Z</time><speed>53.788</speed><sat>11</sat></trkpt>
  <trkpt lat="-33.69595667" lon="-70.51682167"><ele>1109.600</ele><time>2026-09-13T15:38:16Z</time><speed>54.187</speed><sat>10</sat></trkpt>
  <trkpt lat="-33.69616500" lon="-70.51632167"><ele>1115.000</ele><time>2026-09-13T15:38:17Z</time><speed>50.633</speed><sat>11</sat></trkpt>
  <trkpt lat="-33.69638333" lon="-70.51584167"><ele>1119.600</ele><time>2026-09-13T15:38:18Z</time><speed>51.034</speed><sat>12</sat></trkpt>
  <trkpt lat="-33.69661833" lon="-70.51536167"><ele>1123.200</ele><time>2026-09-13T15:38:19Z</time><speed>51.931</speed><sat>12</sat></trkpt>
  <trkpt lat="-33.69684333" lon="-70.51486167"><ele>1135.700</ele><time>2026-09-13T15:38:20Z</time><speed>50.039</speed><sat>11</sat></trkpt>
  <trkpt lat="-33.69710500" lon="-70.51443500"><ele>1137.000</ele><time>2026-09-13T15:38:21Z</time><speed>48.716</speed><sat>11</sat></trkpt>
  <trkpt lat="-33.69737333" lon="-70.51402000"><ele>1137.900</ele><time>2026-09-13T15:38:22Z</time><speed>49.845</speed><sat>11</sat></trkpt>
  <trkpt lat="-33.69765500" lon="-70.51359833"><ele>1140.200</ele><time>2026-09-13T15:38:23Z</time><speed>50.356</speed><sat>10</sat></trkpt>
  <trkpt lat="-33.69795500" lon="-70.51321500"><ele>1139.800</ele><time>2026-09-13T15:38:24Z</time><speed>50.615</speed><sat>11</sat></trkpt>
  <trkpt lat="-33.69826333" lon="-70.51284667"><ele>1139.100</ele><time>2026-09-13T15:38:25Z</time><speed>50.622</speed><sat>10</sat></trkpt>
  <trkpt lat="-33.69859000" lon="-70.51246333"><ele>1136.500</ele><time>2026-09-13T15:38:26Z</time><speed>52.273</speed><sat>10</sat></trkpt>
  <trkpt lat="-33.69892833" lon="-70.51209833"><ele>1131.700</ele><time>2026-09-13T15:38:27Z</time><speed>52.004</speed><sat>9</sat></trkpt>
  <trkpt lat="-33.69925833" lon="-70.51171167"><ele>1133.100</ele><time>2026-09-13T15:38:28Z</time><speed>51.232</speed><sat>10</sat></trkpt>
  <trkpt lat="-33.69959333" lon="-70.51133500"><ele>1133.100</ele><time>2026-09-13T15:38:29Z</time><speed>51.322</speed><sat>11</sat></trkpt>
  <trkpt lat="-33.69994500" lon="-70.51097833"><ele>1129.000</ele><time>2026-09-13T15:38:30Z</time><speed>51.089</speed><sat>10</sat></trkpt>
  <trkpt lat="-33.70030833" lon="-70.51065000"><ele>1119.600</ele><time>2026-09-13T15:38:31Z</time><speed>50.659</speed><sat>10</sat></trkpt>
  <trkpt lat="-33.70067333" lon="-70.51031500"><ele>1111.300</ele><time>2026-09-13T15:38:32Z</time><speed>50.876</speed><sat>10</sat></trkpt>
  <trkpt lat="-33.70102667" lon="-70.50996167"><ele>1109.400</ele><time>2026-09-13T15:38:33Z</time><speed>49.471</speed><sat>10</sat></trkpt>
  <trkpt lat="-33.70139000" lon="-70.50964667"><ele>1101.600</ele><time>2026-09-13T15:38:34Z</time><speed>49.688</speed><sat>10</sat></trkpt>
  <trkpt lat="-33.70175000" lon="-70.50933167"><ele>1098.600</ele><time>2026-09-13T15:38:35Z</time><speed>50.384</speed><sat>10</sat></trkpt>
  <trkpt lat="-33.70212000" lon="-70.50901500"><ele>1095.200</ele><time>2026-09-13T15:38:36Z</time><speed>50.810</speed><sat>11</sat></trkpt>
  <trkpt lat="-33.70249000" lon="-70.50870000"><ele>1091.700</ele><time>2026-09-13T15:38:37Z</time><speed>50.106</speed><sat>10</sat></trkpt>
  <trkpt lat="-33.70285500" lon="-70.50841167"><ele>1088.100</ele><time>2026-09-13T15:38:38Z</time><speed>49.158</speed><sat>10</sat></trkpt>
  <trkpt lat="-33.70323000" lon="-70.50813333"><ele>1086.500</ele><time>2026-09-13T15:38:39Z</time><speed>49.349</speed><sat>10</sat></trkpt>
  <trkpt lat="-33.70364333" lon="-70.50782333"><ele>1085.300</ele><time>2026-09-13T15:38:40Z</time><speed>49.655</speed><sat>11</sat></trkpt>
  <trkpt lat="-33.70402833" lon="-70.50754333"><ele>1083.600</ele><time>2026-09-13T15:38:41Z</time><speed>49.358</speed><sat>12</sat></trkpt>
  <trkpt lat="-33.70440000" lon="-70.50727667"><ele>1080.400</ele><time>2026-09-13T15:38:42Z</time><speed>47.470</speed><sat>12</sat></trkpt>
  <trkpt lat="-33.70479000" lon="-70.50700833"><ele>1079.000</ele><time>2026-09-13T15:38:43Z</time><speed>49.582</speed><sat>14</sat></trkpt>
  <trkpt lat="-33.70519000" lon="-70.50672167"><ele>1079.100</ele><time>2026-09-13T15:38:44Z</time><speed>47.871</speed><sat>13</sat></trkpt>
  <trkpt lat="-33.70556500" lon="-70.50647500"><ele>1076.200</ele><time>2026-09-13T15:38:45Z</time><speed>47.787</speed><sat>13</sat></trkpt>
  <trkpt lat="-33.70593000" lon="-70.50625000"><ele>1071.400</ele><time>2026-09-13T15:38:46Z</time><speed>46.682</speed><sat>15</sat></trkpt>
  <trkpt lat="-33.70629000" lon="-70.50602333"><ele>1068.100</ele><time>2026-09-13T15:38:47Z</time><speed>46.128</speed><sat>15</sat></trkpt>
  <trkpt lat="-33.70665833" lon="-70.50578000"><ele>1065.700</ele><time>2026-09-13T15:38:48Z</time><speed>47.273</speed><sat>14</sat></trkpt>
  <trkpt lat="-33.70703500" lon="-70.50554167"><ele>1062.700</ele><time>2026-09-13T15:38:49Z</time><speed>47.255</speed><sat>14</sat></trkpt>
  <trkpt lat="-33.70740500" lon="-70.50530000"><ele>1062.000</ele><time>2026-09-13T15:38:50Z</time><speed>47.281</speed><sat>14</sat></trkpt>
  <trkpt lat="-33.70777333" lon="-70.50505667"><ele>1062.200</ele><time>2026-09-13T15:38:51Z</time><speed>46.814</speed><sat>14</sat></trkpt>
  <trkpt lat="-33.70814667" lon="-70.50481000"><ele>1060.900</ele><time>2026-09-13T15:38:52Z</time><speed>46.206</speed><sat>13</sat></trkpt>
  <trkpt lat="-33.70852167" lon="-70.50457667"><ele>1059.500</ele><time>2026-09-13T15:38:53Z</time><speed>46.977</speed><sat>13</sat></trkpt>
  <trkpt lat="-33.70890833" lon="-70.50434667"><ele>1057.500</ele><time>2026-09-13T15:38:54Z</time><speed>46.658</speed><sat>14</sat></trkpt>
  <trkpt lat="-33.70928833" lon="-70.50412000"><ele>1055.500</ele><time>2026-09-13T15:38:55Z</time><speed>46.652</speed><sat>14</sat></trkpt>
  <trkpt lat="-33.70964833" lon="-70.50388167"><ele>1056.200</ele><time>2026-09-13T15:38:56Z</time><speed>45.581</speed><sat>13</sat></trkpt>
  <trkpt lat="-33.71000667" lon="-70.50366333"><ele>1055.000</ele><time>2026-09-13T15:38:57Z</time><speed>44.669</speed><sat>14</sat></trkpt>
  <trkpt lat="-33.71035667" lon="-70.50345500"><ele>1052.000</ele><time>2026-09-13T15:38:58Z</time><speed>42.785</speed><sat>14</sat></trkpt>
  <trkpt lat="-33.71072833" lon="-70.50324500"><ele>1047.400</ele><time>2026-09-13T15:38:59Z</time><speed>44.404</speed><sat>15</sat></trkpt>
  <trkpt lat="-33.71112333" lon="-70.50304167"><ele>1039.300</ele><time>2026-09-13T15:39:00Z</time><speed>47.154</speed><sat>15</sat></trkpt>
  <trkpt lat="-33.71151333" lon="-70.50282333"><ele>1029.700</ele><time>2026-09-13T15:39:01Z</time><speed>46.446</speed><sat>15</sat></trkpt>
  <trkpt lat="-33.71188167" lon="-70.50257667"><ele>1027.000</ele><time>2026-09-13T15:39:02Z</time><speed>47.524</speed><sat>17</sat></trkpt>
  <trkpt lat="-33.71225500" lon="-70.50234500"><ele>1024.200</ele><time>2026-09-13T15:39:03Z</time><speed>46.393</speed><sat>16</sat></trkpt>
  <trkpt lat="-33.71260500" lon="-70.50213333"><ele>1021.100</ele><time>2026-09-13T15:39:04Z</time><speed>43.637</speed><sat>15</sat></trkpt>
  <trkpt lat="-33.71293667" lon="-70.50191500"><ele>1019.100</ele><time>2026-09-13T15:39:05Z</time><speed>41.838</speed><sat>12</sat></trkpt>
  <trkpt lat="-33.71326167" lon="-70.50168833"><ele>1017.900</ele><time>2026-09-13T15:39:06Z</time><speed>39.358</speed><sat>14</sat></trkpt>
  <trkpt lat="-33.71357500" lon="-70.50148000"><ele>1015.500</ele><time>2026-09-13T15:39:07Z</time><speed>39.370</speed><sat>16</sat></trkpt>
  <trkpt lat="-33.71388667" lon="-70.50126833"><ele>1014.200</ele><time>2026-09-13T15:39:08Z</time><speed>39.854</speed><sat>16</sat></trkpt>
  <trkpt lat="-33.71419500" lon="-70.50106333"><ele>1013.200</ele><time>2026-09-13T15:39:09Z</time><speed>39.491</speed><sat>17</sat></trkpt>
  <trkpt lat="-33.71450333" lon="-70.50085833"><ele>1010.900</ele><time>2026-09-13T15:39:10Z</time><speed>38.439</speed><sat>16</sat></trkpt>
  <trkpt lat="-33.71480833" lon="-70.50067167"><ele>1009.000</ele><time>2026-09-13T15:39:11Z</time><speed>38.876</speed><sat>16</sat></trkpt>
  <trkpt lat="-33.71512000" lon="-70.50049833"><ele>1006.500</ele><time>2026-09-13T15:39:12Z</time><speed>38.235</speed><sat>17</sat></trkpt>
  <trkpt lat="-33.71541833" lon="-70.50034167"><ele>1002.500</ele><time>2026-09-13T15:39:13Z</time><speed>37.772</speed><sat>18</sat></trkpt>
  <trkpt lat="-33.71572833" lon="-70.50017833"><ele>1000.800</ele><time>2026-09-13T15:39:14Z</time><speed>37.534</speed><sat>17</sat></trkpt>
  <trkpt lat="-33.71603833" lon="-70.50001833"><ele>997.600</ele><time>2026-09-13T15:39:15Z</time><speed>36.977</speed><sat>17</sat></trkpt>
  <trkpt lat="-33.71634667" lon="-70.49985167"><ele>998.700</ele><time>2026-09-13T15:39:16Z</time><speed>37.450</speed><sat>17</sat></trkpt>
  <trkpt lat="-33.71665500" lon="-70.49970333"><ele>996.800</ele><time>2026-09-13T15:39:17Z</time><speed>37.272</speed><sat>19</sat></trkpt>
  <trkpt lat="-33.71696833" lon="-70.49956833"><ele>994.900</ele><time>2026-09-13T15:39:18Z</time><speed>36.832</speed><sat>20</sat></trkpt>
  <trkpt lat="-33.71728000" lon="-70.49945833"><ele>992.700</ele><time>2026-09-13T15:39:19Z</time><speed>36.005</speed><sat>19</sat></trkpt>
  <trkpt lat="-33.71757833" lon="-70.49938500"><ele>990.100</ele><time>2026-09-13T15:39:20Z</time><speed>35.972</speed><sat>18</sat></trkpt>
  <trkpt lat="-33.71787833" lon="-70.49933167"><ele>984.600</ele><time>2026-09-13T15:39:21Z</time><speed>34.088</speed><sat>19</sat></trkpt>
  <trkpt lat="-33.71820333" lon="-70.49929167"><ele>976.000</ele><time>2026-09-13T15:39:22Z</time><speed>34.669</speed><sat>19</sat></trkpt>
  <trkpt lat="-33.71852167" lon="-70.49925667"><ele>975.700</ele><time>2026-09-13T15:39:23Z</time><speed>34.764</speed><sat>15</sat></trkpt>
  <trkpt lat="-33.71884000" lon="-70.49924667"><ele>974.400</ele><time>2026-09-13T15:39:24Z</time><speed>35.447</speed><sat>15</sat></trkpt>
  <trkpt lat="-33.71916167" lon="-70.49925667"><ele>973.800</ele><time>2026-09-13T15:39:25Z</time><speed>34.961</speed><sat>15</sat></trkpt>
  <trkpt lat="-33.71948500" lon="-70.49929000"><ele>972.700</ele><time>2026-09-13T15:39:26Z</time><speed>35.372</speed><sat>15</sat></trkpt>
  <trkpt lat="-33.71979167" lon="-70.49934000"><ele>971.000</ele><time>2026-09-13T15:39:27Z</time><speed>34.047</speed><sat>14</sat></trkpt>
  <trkpt lat="-33.72009500" lon="-70.49941500"><ele>969.400</ele><time>2026-09-13T15:39:28Z</time><speed>34.810</speed><sat>15</sat></trkpt>
  <trkpt lat="-33.72039167" lon="-70.49952833"><ele>967.800</ele><time>2026-09-13T15:39:29Z</time><speed>35.093</speed><sat>15</sat></trkpt>
  <trkpt lat="-33.72068833" lon="-70.49968000"><ele>965.600</ele><time>2026-09-13T15:39:30Z</time><speed>35.461</speed><sat>14</sat></trkpt>
  <trkpt lat="-33.72096833" lon="-70.49986333"><ele>963.900</ele><time>2026-09-13T15:39:31Z</time><speed>35.852</speed><sat>14</sat></trkpt>
  <trkpt lat="-33.72125000" lon="-70.50008000"><ele>961.700</ele><time>2026-09-13T15:39:32Z</time><speed>36.469</speed><sat>13</sat></trkpt>
  <trkpt lat="-33.72147167" lon="-70.50036000"><ele>961.000</ele><time>2026-09-13T15:39:33Z</time><speed>35.443</speed><sat>13</sat></trkpt>
  <trkpt lat="-33.72170167" lon="-70.50064333"><ele>961.000</ele><time>2026-09-13T15:39:34Z</time><speed>35.615</speed><sat>13</sat></trkpt>
  <trkpt lat="-33.72190333" lon="-70.50091500"><ele>959.300</ele><time>2026-09-13T15:39:35Z</time><speed>34.890</speed><sat>14</sat></trkpt>
  <trkpt lat="-33.72208333" lon="-70.50120667"><ele>957.700</ele><time>2026-09-13T15:39:36Z</time><speed>34.611</speed><sat>14</sat></trkpt>
  <trkpt lat="-33.72225500" lon="-70.50151333"><ele>956.200</ele><time>2026-09-13T15:39:37Z</time><speed>34.262</speed><sat>14</sat></trkpt>
  <trkpt lat="-33.72240500" lon="-70.50183333"><ele>954.600</ele><time>2026-09-13T15:39:38Z</time><speed>33.986</speed><sat>13</sat></trkpt>
  <trkpt lat="-33.72256833" lon="-70.50217833"><ele>948.500</ele><time>2026-09-13T15:39:39Z</time><speed>32.683</speed><sat>15</sat></trkpt>
  <trkpt lat="-33.72265167" lon="-70.50252500"><ele>945.400</ele><time>2026-09-13T15:39:40Z</time><speed>32.851</speed><sat>14</sat></trkpt>
  <trkpt lat="-33.72276167" lon="-70.50287833"><ele>942.900</ele><time>2026-09-13T15:39:41Z</time><speed>34.120</speed><sat>14</sat></trkpt>
  <trkpt lat="-33.72286000" lon="-70.50323500"><ele>940.000</ele><time>2026-09-13T15:39:42Z</time><speed>34.013</speed><sat>14</sat></trkpt>
  <trkpt lat="-33.72294500" lon="-70.50359333"><ele>937.000</ele><time>2026-09-13T15:39:43Z</time><speed>34.402</speed><sat>14</sat></trkpt>
  <trkpt lat="-33.72300833" lon="-70.50395500"><ele>934.900</ele><time>2026-09-13T15:39:44Z</time><speed>34.523</speed><sat>12</sat></trkpt>
  <trkpt lat="-33.72308500" lon="-70.50431667"><ele>932.400</ele><time>2026-09-13T15:39:45Z</time><speed>34.874</speed><sat>12</sat></trkpt>
  <trkpt lat="-33.72317833" lon="-70.50468500"><ele>930.200</ele><time>2026-09-13T15:39:46Z</time><speed>35.983</speed><sat>11</sat></trkpt>
  <trkpt lat="-33.72327000" lon="-70.50506500"><ele>928.000</ele><time>2026-09-13T15:39:47Z</time><speed>36.906</speed><sat>11</sat></trkpt>
  <trkpt lat="-33.72336500" lon="-70.50543833"><ele>925.800</ele><time>2026-09-13T15:39:48Z</time><speed>36.206</speed><sat>10</sat></trkpt>
  <trkpt lat="-33.72346667" lon="-70.50581667"><ele>923.500</ele><time>2026-09-13T15:39:49Z</time><speed>36.986</speed><sat>11</sat></trkpt>
  <trkpt lat="-33.72358000" lon="-70.50618500"><ele>921.500</ele><time>2026-09-13T15:39:50Z</time><speed>36.634</speed><sat>10</sat></trkpt>
  <trkpt lat="-33.72369167" lon="-70.50655167"><ele>919.500</ele><time>2026-09-13T15:39:51Z</time><speed>36.515</speed><sat>10</sat></trkpt>
  <trkpt lat="-33.72380167" lon="-70.50691833"><ele>917.500</ele><time>2026-09-13T15:39:52Z</time><speed>36.481</speed><sat>10</sat></trkpt>
  <trkpt lat="-33.72391000" lon="-70.50728833"><ele>915.900</ele><time>2026-09-13T15:39:53Z</time><speed>36.383</speed><sat>10</sat></trkpt>
  <trkpt lat="-33.72402667" lon="-70.50768500"><ele>915.400</ele><time>2026-09-13T15:39:54Z</time><speed>37.514</speed><sat>13</sat></trkpt>
  <trkpt lat="-33.72416333" lon="-70.50809833"><ele>914.400</ele><time>2026-09-13T15:39:55Z</time><speed>38.872</speed><sat>13</sat></trkpt>
  <trkpt lat="-33.72431667" lon="-70.50847667"><ele>914.200</ele><time>2026-09-13T15:39:56Z</time><speed>38.324</speed><sat>13</sat></trkpt>
  <trkpt lat="-33.72446000" lon="-70.50883833"><ele>914.100</ele><time>2026-09-13T15:39:57Z</time><speed>37.220</speed><sat>13</sat></trkpt>
  <trkpt lat="-33.72460667" lon="-70.50920667"><ele>914.000</ele><time>2026-09-13T15:39:58Z</time><speed>37.253</speed><sat>13</sat></trkpt>
  <trkpt lat="-33.72474500" lon="-70.50957167"><ele>913.500</ele><time>2026-09-13T15:39:59Z</time><speed>37.338</speed><sat>14</sat></trkpt>
  <trkpt lat="-33.72486833" lon="-70.50993833"><ele>912.700</ele><time>2026-09-13T15:40:00Z</time><speed>36.733</speed><sat>13</sat></trkpt>
  <trkpt lat="-33.72499167" lon="-70.51032000"><ele>912.000</ele><time>2026-09-13T15:40:01Z</time><speed>36.961</speed><sat>12</sat></trkpt>
  <trkpt lat="-33.72513000" lon="-70.51069667"><ele>911.600</ele><time>2026-09-13T15:40:02Z</time><speed>37.360</speed><sat>12</sat></trkpt>
  <trkpt lat="-33.72527667" lon="-70.51111833"><ele>905.700</ele><time>2026-09-13T15:40:03Z</time><speed>37.803</speed><sat>13</sat></trkpt>
  <trkpt lat="-33.72542167" lon="-70.51152000"><ele>900.400</ele><time>2026-09-13T15:40:04Z</time><speed>38.829</speed><sat>11</sat></trkpt>
  <trkpt lat="-33.72556833" lon="-70.51192000"><ele>896.200</ele><time>2026-09-13T15:40:05Z</time><speed>38.844</speed><sat>11</sat></trkpt>
  <trkpt lat="-33.72571333" lon="-70.51231333"><ele>893.100</ele><time>2026-09-13T15:40:06Z</time><speed>39.351</speed><sat>11</sat></trkpt>
  <trkpt lat="-33.72586667" lon="-70.51270833"><ele>892.400</ele><time>2026-09-13T15:40:07Z</time><speed>40.073</speed><sat>12</sat></trkpt>
  <trkpt lat="-33.72602000" lon="-70.51310833"><ele>891.700</ele><time>2026-09-13T15:40:08Z</time><speed>40.524</speed><sat>12</sat></trkpt>
  <trkpt lat="-33.72618000" lon="-70.51349667"><ele>889.300</ele><time>2026-09-13T15:40:09Z</time><speed>40.526</speed><sat>11</sat></trkpt>
  <trkpt lat="-33.72634167" lon="-70.51390167"><ele>888.700</ele><time>2026-09-13T15:40:10Z</time><speed>41.249</speed><sat>11</sat></trkpt>
  <trkpt lat="-33.72651167" lon="-70.51430333"><ele>888.500</ele><time>2026-09-13T15:40:11Z</time><speed>41.603</speed><sat>11</sat></trkpt>
  <trkpt lat="-33.72667500" lon="-70.51471833"><ele>888.400</ele><time>2026-09-13T15:40:12Z</time><speed>42.272</speed><sat>12</sat></trkpt>
  <trkpt lat="-33.72683500" lon="-70.51512667"><ele>888.700</ele><time>2026-09-13T15:40:13Z</time><speed>42.084</speed><sat>12</sat></trkpt>
  <trkpt lat="-33.72698833" lon="-70.51553167"><ele>888.600</ele><time>2026-09-13T15:40:14Z</time><speed>41.728</speed><sat>12</sat></trkpt>
  <trkpt lat="-33.72714000" lon="-70.51594000"><ele>888.600</ele><time>2026-09-13T15:40:15Z</time><speed>42.055</speed><sat>12</sat></trkpt>
  <trkpt lat="-33.72729167" lon="-70.51636000"><ele>888.400</ele><time>2026-09-13T15:40:16Z</time><speed>42.660</speed><sat>13</sat></trkpt>
  <trkpt lat="-33.72743167" lon="-70.51677000"><ele>888.600</ele><time>2026-09-13T15:40:17Z</time><speed>42.659</speed><sat>13</sat></trkpt>
  <trkpt lat="-33.72756000" lon="-70.51719333"><ele>888.600</ele><time>2026-09-13T15:40:18Z</time><speed>42.564</speed><sat>13</sat></trkpt>
  <trkpt lat="-33.72768000" lon="-70.51762667"><ele>889.400</ele><time>2026-09-13T15:40:19Z</time><speed>42.948</speed><sat>13</sat></trkpt>
  <trkpt lat="-33.72780500" lon="-70.51807167"><ele>889.200</ele><time>2026-09-13T15:40:20Z</time><speed>43.921</speed><sat>12</sat></trkpt>
  <trkpt lat="-33.72792000" lon="-70.51852167"><ele>889.100</ele><time>2026-09-13T15:40:21Z</time><speed>44.100</speed><sat>11</sat></trkpt>
  <trkpt lat="-33.72801500" lon="-70.51896500"><ele>888.900</ele><time>2026-09-13T15:40:22Z</time><speed>42.807</speed><sat>12</sat></trkpt>
  <trkpt lat="-33.72810333" lon="-70.51941833"><ele>888.900</ele><time>2026-09-13T15:40:23Z</time><speed>43.450</speed><sat>11</sat></trkpt>
  <trkpt lat="-33.72817833" lon="-70.51987333"><ele>889.100</ele><time>2026-09-13T15:40:24Z</time><speed>43.410</speed><sat>12</sat></trkpt>
  <trkpt lat="-33.72825500" lon="-70.52033333"><ele>889.100</ele><time>2026-09-13T15:40:25Z</time><speed>43.297</speed><sat>12</sat></trkpt>
  <trkpt lat="-33.72832333" lon="-70.52079333"><ele>889.100</ele><time>2026-09-13T15:40:26Z</time><speed>43.335</speed><sat>12</sat></trkpt>
  <trkpt lat="-33.72838167" lon="-70.52124833"><ele>889.100</ele><time>2026-09-13T15:40:27Z</time><speed>42.910</speed><sat>12</sat></trkpt>
  <trkpt lat="-33.72840500" lon="-70.52167833"><ele>892.400</ele><time>2026-09-13T15:40:28Z</time><speed>42.206</speed><sat>11</sat></trkpt>
  <trkpt lat="-33.72845333" lon="-70.52214833"><ele>892.900</ele><time>2026-09-13T15:40:29Z</time><speed>43.427</speed><sat>12</sat></trkpt>
  <trkpt lat="-33.72849500" lon="-70.52260000"><ele>893.300</ele><time>2026-09-13T15:40:30Z</time><speed>42.735</speed><sat>12</sat></trkpt>
  <trkpt lat="-33.72850667" lon="-70.52303333"><ele>899.900</ele><time>2026-09-13T15:40:31Z</time><speed>42.421</speed><sat>13</sat></trkpt>
  <trkpt lat="-33.72851000" lon="-70.52347167"><ele>906.500</ele><time>2026-09-13T15:40:32Z</time><speed>41.430</speed><sat>13</sat></trkpt>
  <trkpt lat="-33.72850333" lon="-70.52393333"><ele>911.200</ele><time>2026-09-13T15:40:33Z</time><speed>41.940</speed><sat>13</sat></trkpt>
  <trkpt lat="-33.72849500" lon="-70.52439500"><ele>914.800</ele><time>2026-09-13T15:40:34Z</time><speed>41.549</speed><sat>13</sat></trkpt>
  <trkpt lat="-33.72847167" lon="-70.52483167"><ele>915.600</ele><time>2026-09-13T15:40:35Z</time><speed>40.816</speed><sat>13</sat></trkpt>
  <trkpt lat="-33.72843667" lon="-70.52528000"><ele>916.600</ele><time>2026-09-13T15:40:36Z</time><speed>41.611</speed><sat>13</sat></trkpt>
  <trkpt lat="-33.72840000" lon="-70.52572000"><ele>917.600</ele><time>2026-09-13T15:40:37Z</time><speed>41.074</speed><sat>12</sat></trkpt>
  <trkpt lat="-33.72835833" lon="-70.52615667"><ele>918.600</ele><time>2026-09-13T15:40:38Z</time><speed>40.667</speed><sat>12</sat></trkpt>
  <trkpt lat="-33.72830000" lon="-70.52660500"><ele>919.500</ele><time>2026-09-13T15:40:39Z</time><speed>41.847</speed><sat>10</sat></trkpt>
  <trkpt lat="-33.72821833" lon="-70.52704000"><ele>920.500</ele><time>2026-09-13T15:40:40Z</time><speed>41.505</speed><sat>11</sat></trkpt>
  <trkpt lat="-33.72812000" lon="-70.52747500"><ele>921.400</ele><time>2026-09-13T15:40:41Z</time><speed>41.601</speed><sat>11</sat></trkpt>
  <trkpt lat="-33.72801500" lon="-70.52790833"><ele>922.200</ele><time>2026-09-13T15:40:42Z</time><speed>41.752</speed><sat>11</sat></trkpt>
  <trkpt lat="-33.72787667" lon="-70.52830167"><ele>923.000</ele><time>2026-09-13T15:40:43Z</time><speed>41.166</speed><sat>11</sat></trkpt>
  <trkpt lat="-33.72770333" lon="-70.52867500"><ele>927.600</ele><time>2026-09-13T15:40:44Z</time><speed>40.455</speed><sat>11</sat></trkpt>
  <trkpt lat="-33.72755000" lon="-70.52906167"><ele>928.400</ele><time>2026-09-13T15:40:45Z</time><speed>40.119</speed><sat>11</sat></trkpt>
  <trkpt lat="-33.72734167" lon="-70.52941000"><ele>933.200</ele><time>2026-09-13T15:40:46Z</time><speed>40.269</speed><sat>12</sat></trkpt>
  <trkpt lat="-33.72713833" lon="-70.52975667"><ele>938.200</ele><time>2026-09-13T15:40:47Z</time><speed>39.561</speed><sat>12</sat></trkpt>
  <trkpt lat="-33.72693500" lon="-70.53010833"><ele>942.800</ele><time>2026-09-13T15:40:48Z</time><speed>39.318</speed><sat>12</sat></trkpt>
  <trkpt lat="-33.72671833" lon="-70.53046167"><ele>947.300</ele><time>2026-09-13T15:40:49Z</time><speed>40.093</speed><sat>11</sat></trkpt>
  <trkpt lat="-33.72651167" lon="-70.53082667"><ele>948.600</ele><time>2026-09-13T15:40:50Z</time><speed>40.845</speed><sat>10</sat></trkpt>
  <trkpt lat="-33.72629500" lon="-70.53118000"><ele>949.800</ele><time>2026-09-13T15:40:51Z</time><speed>40.987</speed><sat>11</sat></trkpt>
  <trkpt lat="-33.72607167" lon="-70.53147000"><ele>954.800</ele><time>2026-09-13T15:40:52Z</time><speed>40.588</speed><sat>12</sat></trkpt>
  <trkpt lat="-33.72581667" lon="-70.53176500"><ele>960.000</ele><time>2026-09-13T15:40:53Z</time><speed>40.684</speed><sat>12</sat></trkpt>
  <trkpt lat="-33.72555167" lon="-70.53205667"><ele>964.900</ele><time>2026-09-13T15:40:54Z</time><speed>39.702</speed><sat>12</sat></trkpt>
  <trkpt lat="-33.72527667" lon="-70.53233833"><ele>970.200</ele><time>2026-09-13T15:40:55Z</time><speed>39.006</speed><sat>14</sat></trkpt>
  <trkpt lat="-33.72499667" lon="-70.53261833"><ele>975.300</ele><time>2026-09-13T15:40:56Z</time><speed>39.211</speed><sat>14</sat></trkpt>
  <trkpt lat="-33.72471167" lon="-70.53288833"><ele>978.400</ele><time>2026-09-13T15:40:57Z</time><speed>39.438</speed><sat>13</sat></trkpt>
  <trkpt lat="-33.72442833" lon="-70.53315333"><ele>982.200</ele><time>2026-09-13T15:40:58Z</time><speed>39.447</speed><sat>13</sat></trkpt>
  <trkpt lat="-33.72413500" lon="-70.53341000"><ele>986.000</ele><time>2026-09-13T15:40:59Z</time><speed>39.974</speed><sat>13</sat></trkpt>
  <trkpt lat="-33.72384000" lon="-70.53365833"><ele>989.800</ele><time>2026-09-13T15:41:00Z</time><speed>39.551</speed><sat>14</sat></trkpt>
  <trkpt lat="-33.72353500" lon="-70.53388000"><ele>996.500</ele><time>2026-09-13T15:41:01Z</time><speed>39.176</speed><sat>15</sat></trkpt>
  <trkpt lat="-33.72323333" lon="-70.53408500"><ele>1001.300</ele><time>2026-09-13T15:41:02Z</time><speed>38.720</speed><sat>16</sat></trkpt>
  <trkpt lat="-33.72292000" lon="-70.53427667"><ele>1005.300</ele><time>2026-09-13T15:41:03Z</time><speed>39.224</speed><sat>15</sat></trkpt>
  <trkpt lat="-33.72259667" lon="-70.53446833"><ele>1007.200</ele><time>2026-09-13T15:41:04Z</time><speed>39.754</speed><sat>14</sat></trkpt>
  <trkpt lat="-33.72227333" lon="-70.53466167"><ele>1012.100</ele><time>2026-09-13T15:41:05Z</time><speed>38.931</speed><sat>15</sat></trkpt>
  <trkpt lat="-33.72195833" lon="-70.53484833"><ele>1015.500</ele><time>2026-09-13T15:41:06Z</time><speed>38.685</speed><sat>14</sat></trkpt>
  <trkpt lat="-33.72162833" lon="-70.53503167"><ele>1021.400</ele><time>2026-09-13T15:41:07Z</time><speed>39.648</speed><sat>15</sat></trkpt>
  <trkpt lat="-33.72130500" lon="-70.53520667"><ele>1023.900</ele><time>2026-09-13T15:41:08Z</time><speed>39.976</speed><sat>15</sat></trkpt>
  <trkpt lat="-33.72097167" lon="-70.53536833"><ele>1027.100</ele><time>2026-09-13T15:41:09Z</time><speed>39.764</speed><sat>15</sat></trkpt>
  <trkpt lat="-33.72064500" lon="-70.53552833"><ele>1029.300</ele><time>2026-09-13T15:41:10Z</time><speed>38.746</speed><sat>14</sat></trkpt>
  <trkpt lat="-33.72030833" lon="-70.53567167"><ele>1030.800</ele><time>2026-09-13T15:41:11Z</time><speed>39.049</speed><sat>15</sat></trkpt>
  <trkpt lat="-33.71996333" lon="-70.53578833"><ele>1033.700</ele><time>2026-09-13T15:41:12Z</time><speed>39.275</speed><sat>15</sat></trkpt>
  <trkpt lat="-33.71961333" lon="-70.53589000"><ele>1036.600</ele><time>2026-09-13T15:41:13Z</time><speed>39.585</speed><sat>14</sat></trkpt>
  <trkpt lat="-33.71926333" lon="-70.53597500"><ele>1040.000</ele><time>2026-09-13T15:41:14Z</time><speed>39.181</speed><sat>13</sat></trkpt>
  <trkpt lat="-33.71892000" lon="-70.53606333"><ele>1042.800</ele><time>2026-09-13T15:41:15Z</time><speed>38.450</speed><sat>11</sat></trkpt>
  <trkpt lat="-33.71857000" lon="-70.53614500"><ele>1046.200</ele><time>2026-09-13T15:41:16Z</time><speed>38.630</speed><sat>11</sat></trkpt>
  <trkpt lat="-33.71821333" lon="-70.53621333"><ele>1050.600</ele><time>2026-09-13T15:41:17Z</time><speed>38.599</speed><sat>13</sat></trkpt>
  <trkpt lat="-33.71785500" lon="-70.53627500"><ele>1053.400</ele><time>2026-09-13T15:41:18Z</time><speed>38.636</speed><sat>14</sat></trkpt>
  <trkpt lat="-33.71750000" lon="-70.53632167"><ele>1055.200</ele><time>2026-09-13T15:41:19Z</time><speed>39.661</speed><sat>12</sat></trkpt>
  <trkpt lat="-33.71713500" lon="-70.53636167"><ele>1056.800</ele><time>2026-09-13T15:41:20Z</time><speed>40.577</speed><sat>12</sat></trkpt>
  <trkpt lat="-33.71677000" lon="-70.53640167"><ele>1058.300</ele><time>2026-09-13T15:41:21Z</time><speed>40.822</speed><sat>11</sat></trkpt>
  <trkpt lat="-33.71640167" lon="-70.53643000"><ele>1058.600</ele><time>2026-09-13T15:41:22Z</time><speed>40.789</speed><sat>12</sat></trkpt>
  <trkpt lat="-33.71602667" lon="-70.53644500"><ele>1059.000</ele><time>2026-09-13T15:41:23Z</time><speed>41.341</speed><sat>13</sat></trkpt>
  <trkpt lat="-33.71565500" lon="-70.53644667"><ele>1059.700</ele><time>2026-09-13T15:41:24Z</time><speed>41.130</speed><sat>14</sat></trkpt>
  <trkpt lat="-33.71527833" lon="-70.53644167"><ele>1060.600</ele><time>2026-09-13T15:41:25Z</time><speed>41.549</speed><sat>14</sat></trkpt>
  <trkpt lat="-33.71489833" lon="-70.53643167"><ele>1061.400</ele><time>2026-09-13T15:41:26Z</time><speed>42.301</speed><sat>12</sat></trkpt>
  <trkpt lat="-33.71451667" lon="-70.53641667"><ele>1062.400</ele><time>2026-09-13T15:41:27Z</time><speed>41.981</speed><sat>12</sat></trkpt>
  <trkpt lat="-33.71414500" lon="-70.53636667"><ele>1064.300</ele><time>2026-09-13T15:41:28Z</time><speed>41.174</speed><sat>11</sat></trkpt>
  <trkpt lat="-33.71377667" lon="-70.53632333"><ele>1065.600</ele><time>2026-09-13T15:41:29Z</time><speed>40.982</speed><sat>10</sat></trkpt>
  <trkpt lat="-33.71340667" lon="-70.53627000"><ele>1066.800</ele><time>2026-09-13T15:41:30Z</time><speed>41.216</speed><sat>10</sat></trkpt>
  <trkpt lat="-33.71302667" lon="-70.53620333"><ele>1068.000</ele><time>2026-09-13T15:41:31Z</time><speed>41.795</speed><sat>12</sat></trkpt>
  <trkpt lat="-33.71266167" lon="-70.53614000"><ele>1069.300</ele><time>2026-09-13T15:41:32Z</time><speed>40.683</speed><sat>12</sat></trkpt>
  <trkpt lat="-33.71228167" lon="-70.53608833"><ele>1082.200</ele><time>2026-09-13T15:41:33Z</time><speed>41.009</speed><sat>13</sat></trkpt>
  <trkpt lat="-33.71191333" lon="-70.53603167"><ele>1089.100</ele><time>2026-09-13T15:41:34Z</time><speed>40.880</speed><sat>12</sat></trkpt>
  <trkpt lat="-33.71154833" lon="-70.53597667"><ele>1090.400</ele><time>2026-09-13T15:41:35Z</time><speed>41.122</speed><sat>11</sat></trkpt>
  <trkpt lat="-33.71115833" lon="-70.53591667"><ele>1090.900</ele><time>2026-09-13T15:41:36Z</time><speed>43.396</speed><sat>12</sat></trkpt>
  <trkpt lat="-33.71077167" lon="-70.53585833"><ele>1091.400</ele><time>2026-09-13T15:41:37Z</time><speed>42.957</speed><sat>12</sat></trkpt>
  <trkpt lat="-33.71040333" lon="-70.53580667"><ele>1092.000</ele><time>2026-09-13T15:41:38Z</time><speed>41.469</speed><sat>12</sat></trkpt>
  <trkpt lat="-33.71003833" lon="-70.53575000"><ele>1092.600</ele><time>2026-09-13T15:41:39Z</time><speed>40.999</speed><sat>11</sat></trkpt>
  <trkpt lat="-33.70967667" lon="-70.53568500"><ele>1093.300</ele><time>2026-09-13T15:41:40Z</time><speed>40.986</speed><sat>11</sat></trkpt>
  <trkpt lat="-33.70931500" lon="-70.53561667"><ele>1093.900</ele><time>2026-09-13T15:41:41Z</time><speed>40.624</speed><sat>10</sat></trkpt>
  <trkpt lat="-33.70894833" lon="-70.53555000"><ele>1094.700</ele><time>2026-09-13T15:41:42Z</time><speed>41.320</speed><sat>10</sat></trkpt>
  <trkpt lat="-33.70858167" lon="-70.53548500"><ele>1095.300</ele><time>2026-09-13T15:41:43Z</time><speed>41.289</speed><sat>10</sat></trkpt>
  <trkpt lat="-33.70820167" lon="-70.53542500"><ele>1096.100</ele><time>2026-09-13T15:41:44Z</time><speed>42.346</speed><sat>10</sat></trkpt>
  <trkpt lat="-33.70782500" lon="-70.53536500"><ele>1097.100</ele><time>2026-09-13T15:41:45Z</time><speed>42.260</speed><sat>12</sat></trkpt>
  <trkpt lat="-33.70745167" lon="-70.53530833"><ele>1097.700</ele><time>2026-09-13T15:41:46Z</time><speed>42.562</speed><sat>11</sat></trkpt>
  <trkpt lat="-33.70707167" lon="-70.53525667"><ele>1098.500</ele><time>2026-09-13T15:41:47Z</time><speed>42.523</speed><sat>11</sat></trkpt>
  <trkpt lat="-33.70668333" lon="-70.53521000"><ele>1099.800</ele><time>2026-09-13T15:41:48Z</time><speed>42.975</speed><sat>11</sat></trkpt>
  <trkpt lat="-33.70631667" lon="-70.53517500"><ele>1115.200</ele><time>2026-09-13T15:41:49Z</time><speed>43.153</speed><sat>12</sat></trkpt>
  <trkpt lat="-33.70593500" lon="-70.53511833"><ele>1116.700</ele><time>2026-09-13T15:41:50Z</time><speed>42.508</speed><sat>12</sat></trkpt>
  <trkpt lat="-33.70556333" lon="-70.53506000"><ele>1120.400</ele><time>2026-09-13T15:41:51Z</time><speed>42.398</speed><sat>12</sat></trkpt>
  <trkpt lat="-33.70517667" lon="-70.53500333"><ele>1121.800</ele><time>2026-09-13T15:41:52Z</time><speed>42.858</speed><sat>11</sat></trkpt>
  <trkpt lat="-33.70479667" lon="-70.53494167"><ele>1123.200</ele><time>2026-09-13T15:41:53Z</time><speed>42.635</speed><sat>11</sat></trkpt>
  <trkpt lat="-33.70441333" lon="-70.53487667"><ele>1125.000</ele><time>2026-09-13T15:41:54Z</time><speed>42.900</speed><sat>12</sat></trkpt>
  <trkpt lat="-33.70403500" lon="-70.53481167"><ele>1126.900</ele><time>2026-09-13T15:41:55Z</time><speed>42.652</speed><sat>10</sat></trkpt>
  <trkpt lat="-33.70366833" lon="-70.53475167"><ele>1129.900</ele><time>2026-09-13T15:41:56Z</time><speed>41.318</speed><sat>9</sat></trkpt>
  <trkpt lat="-33.70329667" lon="-70.53469167"><ele>1133.100</ele><time>2026-09-13T15:41:57Z</time><speed>41.624</speed><sat>8</sat></trkpt>
  <trkpt lat="-33.70292167" lon="-70.53462333"><ele>1134.500</ele><time>2026-09-13T15:41:58Z</time><speed>41.725</speed><sat>8</sat></trkpt>
  <trkpt lat="-33.70255000" lon="-70.53456667"><ele>1136.400</ele><time>2026-09-13T15:41:59Z</time><speed>41.764</speed><sat>10</sat></trkpt>
  <trkpt lat="-33.70218000" lon="-70.53450333"><ele>1138.100</ele><time>2026-09-13T15:42:00Z</time><speed>40.867</speed><sat>11</sat></trkpt>
  <trkpt lat="-33.70183167" lon="-70.53446000"><ele>1139.900</ele><time>2026-09-13T15:42:01Z</time><speed>39.637</speed><sat>12</sat></trkpt>
  <trkpt lat="-33.70147500" lon="-70.53442167"><ele>1141.500</ele><time>2026-09-13T15:42:02Z</time><speed>39.743</speed><sat>12</sat></trkpt>
  <trkpt lat="-33.70111833" lon="-70.53438333"><ele>1143.200</ele><time>2026-09-13T15:42:03Z</time><speed>39.973</speed><sat>12</sat></trkpt>
  <trkpt lat="-33.70074167" lon="-70.53435333"><ele>1152.600</ele><time>2026-09-13T15:42:04Z</time><speed>40.163</speed><sat>14</sat></trkpt>
  <trkpt lat="-33.70037833" lon="-70.53430500"><ele>1154.800</ele><time>2026-09-13T15:42:05Z</time><speed>40.192</speed><sat>12</sat></trkpt>
  <trkpt lat="-33.70002333" lon="-70.53426333"><ele>1162.000</ele><time>2026-09-13T15:42:06Z</time><speed>39.377</speed><sat>11</sat></trkpt>
  <trkpt lat="-33.69966500" lon="-70.53421000"><ele>1164.400</ele><time>2026-09-13T15:42:07Z</time><speed>40.068</speed><sat>13</sat></trkpt>
  <trkpt lat="-33.69930500" lon="-70.53415333"><ele>1166.700</ele><time>2026-09-13T15:42:08Z</time><speed>40.418</speed><sat>13</sat></trkpt>
  <trkpt lat="-33.69895667" lon="-70.53410000"><ele>1168.900</ele><time>2026-09-13T15:42:09Z</time><speed>38.757</speed><sat>13</sat></trkpt>
  <trkpt lat="-33.69860833" lon="-70.53405167"><ele>1171.000</ele><time>2026-09-13T15:42:10Z</time><speed>38.993</speed><sat>14</sat></trkpt>
  <trkpt lat="-33.69825833" lon="-70.53400167"><ele>1173.300</ele><time>2026-09-13T15:42:11Z</time><speed>39.137</speed><sat>13</sat></trkpt>
  <trkpt lat="-33.69790500" lon="-70.53395167"><ele>1175.400</ele><time>2026-09-13T15:42:12Z</time><speed>39.536</speed><sat>13</sat></trkpt>
  <trkpt lat="-33.69755333" lon="-70.53389000"><ele>1176.300</ele><time>2026-09-13T15:42:13Z</time><speed>39.406</speed><sat>13</sat></trkpt>
  <trkpt lat="-33.69719833" lon="-70.53382500"><ele>1176.700</ele><time>2026-09-13T15:42:14Z</time><speed>39.907</speed><sat>11</sat></trkpt>
  <trkpt lat="-33.69683500" lon="-70.53376667"><ele>1177.200</ele><time>2026-09-13T15:42:15Z</time><speed>40.733</speed><sat>12</sat></trkpt>
  <trkpt lat="-33.69648500" lon="-70.53372000"><ele>1177.500</ele><time>2026-09-13T15:42:16Z</time><speed>39.814</speed><sat>12</sat></trkpt>
  <trkpt lat="-33.69612667" lon="-70.53367500"><ele>1177.800</ele><time>2026-09-13T15:42:17Z</time><speed>39.812</speed><sat>10</sat></trkpt>
  <trkpt lat="-33.69578000" lon="-70.53365667"><ele>1178.300</ele><time>2026-09-13T15:42:18Z</time><speed>39.968</speed><sat>10</sat></trkpt>
  <trkpt lat="-33.69543500" lon="-70.53362833"><ele>1178.800</ele><time>2026-09-13T15:42:19Z</time><speed>39.118</speed><sat>11</sat></trkpt>
  <trkpt lat="-33.69507833" lon="-70.53360000"><ele>1179.500</ele><time>2026-09-13T15:42:20Z</time><speed>40.222</speed><sat>13</sat></trkpt>
  <trkpt lat="-33.69471333" lon="-70.53356500"><ele>1179.900</ele><time>2026-09-13T15:42:21Z</time><speed>40.422</speed><sat>14</sat></trkpt>
  <trkpt lat="-33.69434667" lon="-70.53352667"><ele>1180.400</ele><time>2026-09-13T15:42:22Z</time><speed>40.384</speed><sat>14</sat></trkpt>
  <trkpt lat="-33.69397667" lon="-70.53348833"><ele>1181.000</ele><time>2026-09-13T15:42:23Z</time><speed>41.065</speed><sat>13</sat></trkpt>
  <trkpt lat="-33.69361667" lon="-70.53345667"><ele>1181.900</ele><time>2026-09-13T15:42:24Z</time><speed>40.031</speed><sat>13</sat></trkpt>
  <trkpt lat="-33.69325667" lon="-70.53342000"><ele>1182.900</ele><time>2026-09-13T15:42:25Z</time><speed>39.530</speed><sat>14</sat></trkpt>
  <trkpt lat="-33.69288500" lon="-70.53337833"><ele>1184.000</ele><time>2026-09-13T15:42:26Z</time><speed>40.453</speed><sat>13</sat></trkpt>
  <trkpt lat="-33.69250167" lon="-70.53334167"><ele>1184.900</ele><time>2026-09-13T15:42:27Z</time><speed>41.521</speed><sat>13</sat></trkpt>
  <trkpt lat="-33.69212833" lon="-70.53331000"><ele>1185.800</ele><time>2026-09-13T15:42:28Z</time><speed>41.152</speed><sat>13</sat></trkpt>
  <trkpt lat="-33.69175167" lon="-70.53327833"><ele>1186.600</ele><time>2026-09-13T15:42:29Z</time><speed>41.171</speed><sat>13</sat></trkpt>
  <trkpt lat="-33.69138667" lon="-70.53324833"><ele>1187.300</ele><time>2026-09-13T15:42:30Z</time><speed>40.809</speed><sat>13</sat></trkpt>
  <trkpt lat="-33.69102333" lon="-70.53321500"><ele>1187.900</ele><time>2026-09-13T15:42:31Z</time><speed>40.474</speed><sat>9</sat></trkpt>
  <trkpt lat="-33.69063333" lon="-70.53317333"><ele>1188.500</ele><time>2026-09-13T15:42:32Z</time><speed>42.216</speed><sat>9</sat></trkpt>
  <trkpt lat="-33.69024333" lon="-70.53313000"><ele>1189.000</ele><time>2026-09-13T15:42:33Z</time><speed>42.813</speed><sat>11</sat></trkpt>
  <trkpt lat="-33.68985000" lon="-70.53308333"><ele>1189.700</ele><time>2026-09-13T15:42:34Z</time><speed>42.298</speed><sat>13</sat></trkpt>
  <trkpt lat="-33.68946500" lon="-70.53303833"><ele>1190.600</ele><time>2026-09-13T15:42:35Z</time><speed>42.149</speed><sat>12</sat></trkpt>
  <trkpt lat="-33.68908833" lon="-70.53299500"><ele>1191.500</ele><time>2026-09-13T15:42:36Z</time><speed>41.571</speed><sat>13</sat></trkpt>
  <trkpt lat="-33.68871333" lon="-70.53295333"><ele>1192.400</ele><time>2026-09-13T15:42:37Z</time><speed>40.796</speed><sat>13</sat></trkpt>
  <trkpt lat="-33.68835500" lon="-70.53291000"><ele>1193.100</ele><time>2026-09-13T15:42:38Z</time><speed>40.015</speed><sat>12</sat></trkpt>
  <trkpt lat="-33.68798833" lon="-70.53286500"><ele>1193.900</ele><time>2026-09-13T15:42:39Z</time><speed>40.474</speed><sat>12</sat></trkpt>
  <trkpt lat="-33.68760667" lon="-70.53281667"><ele>1194.700</ele><time>2026-09-13T15:42:40Z</time><speed>41.385</speed><sat>12</sat></trkpt>
  <trkpt lat="-33.68721500" lon="-70.53277000"><ele>1195.600</ele><time>2026-09-13T15:42:41Z</time><speed>42.458</speed><sat>13</sat></trkpt>
  <trkpt lat="-33.68682000" lon="-70.53272167"><ele>1196.600</ele><time>2026-09-13T15:42:42Z</time><speed>43.057</speed><sat>13</sat></trkpt>
  <trkpt lat="-33.68643000" lon="-70.53267167"><ele>1197.900</ele><time>2026-09-13T15:42:43Z</time><speed>42.888</speed><sat>13</sat></trkpt>
  <trkpt lat="-33.68604167" lon="-70.53261500"><ele>1199.200</ele><time>2026-09-13T15:42:44Z</time><speed>42.988</speed><sat>11</sat></trkpt>
  <trkpt lat="-33.68564500" lon="-70.53255500"><ele>1200.600</ele><time>2026-09-13T15:42:45Z</time><speed>43.425</speed><sat>11</sat></trkpt>
  <trkpt lat="-33.68526000" lon="-70.53250500"><ele>1201.900</ele><time>2026-09-13T15:42:46Z</time><speed>43.076</speed><sat>12</sat></trkpt>
  <trkpt lat="-33.68488000" lon="-70.53244833"><ele>1203.400</ele><time>2026-09-13T15:42:47Z</time><speed>42.865</speed><sat>11</sat></trkpt>
  <trkpt lat="-33.68449167" lon="-70.53237833"><ele>1208.100</ele><time>2026-09-13T15:42:48Z</time><speed>43.592</speed><sat>10</sat></trkpt>
  <trkpt lat="-33.68410167" lon="-70.53231833"><ele>1209.500</ele><time>2026-09-13T15:42:49Z</time><speed>44.080</speed><sat>11</sat></trkpt>
  <trkpt lat="-33.68370500" lon="-70.53226000"><ele>1210.900</ele><time>2026-09-13T15:42:50Z</time><speed>43.870</speed><sat>11</sat></trkpt>
  <trkpt lat="-33.68331833" lon="-70.53220833"><ele>1212.300</ele><time>2026-09-13T15:42:51Z</time><speed>43.020</speed><sat>11</sat></trkpt>
  <trkpt lat="-33.68293833" lon="-70.53215333"><ele>1214.000</ele><time>2026-09-13T15:42:52Z</time><speed>43.045</speed><sat>10</sat></trkpt>
  <trkpt lat="-33.68254500" lon="-70.53209667"><ele>1215.600</ele><time>2026-09-13T15:42:53Z</time><speed>43.600</speed><sat>10</sat></trkpt>
  <trkpt lat="-33.68215333" lon="-70.53204167"><ele>1217.200</ele><time>2026-09-13T15:42:54Z</time><speed>43.512</speed><sat>10</sat></trkpt>
  <trkpt lat="-33.68176500" lon="-70.53199167"><ele>1218.700</ele><time>2026-09-13T15:42:55Z</time><speed>43.715</speed><sat>11</sat></trkpt>
  <trkpt lat="-33.68137667" lon="-70.53194333"><ele>1220.100</ele><time>2026-09-13T15:42:56Z</time><speed>43.465</speed><sat>10</sat></trkpt>
  <trkpt lat="-33.68100000" lon="-70.53189667"><ele>1221.700</ele><time>2026-09-13T15:42:57Z</time><speed>42.761</speed><sat>9</sat></trkpt>
  <trkpt lat="-33.68061333" lon="-70.53184167"><ele>1223.300</ele><time>2026-09-13T15:42:58Z</time><speed>43.417</speed><sat>9</sat></trkpt>
  <trkpt lat="-33.68022000" lon="-70.53178833"><ele>1224.800</ele><time>2026-09-13T15:42:59Z</time><speed>43.838</speed><sat>9</sat></trkpt>
  <trkpt lat="-33.67982833" lon="-70.53173833"><ele>1226.100</ele><time>2026-09-13T15:43:00Z</time><speed>43.825</speed><sat>9</sat></trkpt>
  <trkpt lat="-33.67942500" lon="-70.53169167"><ele>1227.400</ele><time>2026-09-13T15:43:01Z</time><speed>44.758</speed><sat>9</sat></trkpt>
  <trkpt lat="-33.67902833" lon="-70.53164167"><ele>1228.800</ele><time>2026-09-13T15:43:02Z</time><speed>44.558</speed><sat>8</sat></trkpt>
  <trkpt lat="-33.67863500" lon="-70.53158500"><ele>1230.100</ele><time>2026-09-13T15:43:03Z</time><speed>44.200</speed><sat>8</sat></trkpt>
  <trkpt lat="-33.67823500" lon="-70.53152000"><ele>1231.600</ele><time>2026-09-13T15:43:04Z</time><speed>44.549</speed><sat>10</sat></trkpt>
  <trkpt lat="-33.67782833" lon="-70.53144333"><ele>1233.100</ele><time>2026-09-13T15:43:05Z</time><speed>45.366</speed><sat>10</sat></trkpt>
  <trkpt lat="-33.67745667" lon="-70.53139167"><ele>1234.700</ele><time>2026-09-13T15:43:06Z</time><speed>43.421</speed><sat>10</sat></trkpt>
  <trkpt lat="-33.67706000" lon="-70.53133500"><ele>1236.200</ele><time>2026-09-13T15:43:07Z</time><speed>43.757</speed><sat>10</sat></trkpt>
  <trkpt lat="-33.67664667" lon="-70.53127667"><ele>1237.900</ele><time>2026-09-13T15:43:08Z</time><speed>44.757</speed><sat>10</sat></trkpt>
  <trkpt lat="-33.67621500" lon="-70.53121333"><ele>1239.600</ele><time>2026-09-13T15:43:09Z</time><speed>46.103</speed><sat>9</sat></trkpt>
  <trkpt lat="-33.67578500" lon="-70.53115000"><ele>1241.400</ele><time>2026-09-13T15:43:10Z</time><speed>46.680</speed><sat>8</sat></trkpt>
  <trkpt lat="-33.67537500" lon="-70.53109000"><ele>1243.200</ele><time>2026-09-13T15:43:11Z</time><speed>45.916</speed><sat>9</sat></trkpt>
  <trkpt lat="-33.67497833" lon="-70.53103500"><ele>1245.100</ele><time>2026-09-13T15:43:12Z</time><speed>44.968</speed><sat>9</sat></trkpt>
  <trkpt lat="-33.67459500" lon="-70.53098500"><ele>1247.000</ele><time>2026-09-13T15:43:13Z</time><speed>43.734</speed><sat>8</sat></trkpt>
  <trkpt lat="-33.67422333" lon="-70.53093667"><ele>1248.900</ele><time>2026-09-13T15:43:14Z</time><speed>42.951</speed><sat>8</sat></trkpt>
  <trkpt lat="-33.67384333" lon="-70.53088167"><ele>1250.800</ele><time>2026-09-13T15:43:15Z</time><speed>43.363</speed><sat>9</sat></trkpt>
  <trkpt lat="-33.67347333" lon="-70.53083167"><ele>1252.600</ele><time>2026-09-13T15:43:16Z</time><speed>42.726</speed><sat>9</sat></trkpt>
  <trkpt lat="-33.67310500" lon="-70.53078167"><ele>1254.600</ele><time>2026-09-13T15:43:17Z</time><speed>42.097</speed><sat>9</sat></trkpt>
  <trkpt lat="-33.67272667" lon="-70.53072500"><ele>1256.600</ele><time>2026-09-13T15:43:18Z</time><speed>42.203</speed><sat>8</sat></trkpt>
  <trkpt lat="-33.67234833" lon="-70.53067000"><ele>1258.500</ele><time>2026-09-13T15:43:19Z</time><speed>42.206</speed><sat>7</sat></trkpt>
  <trkpt lat="-33.67199333" lon="-70.53061833"><ele>1260.400</ele><time>2026-09-13T15:43:20Z</time><speed>41.558</speed><sat>8</sat></trkpt>
  <trkpt lat="-33.67162000" lon="-70.53056000"><ele>1262.100</ele><time>2026-09-13T15:43:21Z</time><speed>42.417</speed><sat>9</sat></trkpt>
  <trkpt lat="-33.67126833" lon="-70.53050000"><ele>1263.900</ele><time>2026-09-13T15:43:22Z</time><speed>41.665</speed><sat>9</sat></trkpt>
  <trkpt lat="-33.67092000" lon="-70.53044000"><ele>1265.700</ele><time>2026-09-13T15:43:23Z</time><speed>40.551</speed><sat>9</sat></trkpt>
  <trkpt lat="-33.67053500" lon="-70.53037667"><ele>1267.600</ele><time>2026-09-13T15:43:24Z</time><speed>42.299</speed><sat>9</sat></trkpt>
  <trkpt lat="-33.67015000" lon="-70.53030667"><ele>1269.300</ele><time>2026-09-13T15:43:25Z</time><speed>42.855</speed><sat>8</sat></trkpt>
  <trkpt lat="-33.66977833" lon="-70.53024000"><ele>1271.100</ele><time>2026-09-13T15:43:26Z</time><speed>41.940</speed><sat>9</sat></trkpt>
  <trkpt lat="-33.66940500" lon="-70.53017333"><ele>1272.900</ele><time>2026-09-13T15:43:27Z</time><speed>41.639</speed><sat>9</sat></trkpt>
  <trkpt lat="-33.66903333" lon="-70.53011333"><ele>1274.600</ele><time>2026-09-13T15:43:28Z</time><speed>41.361</speed><sat>9</sat></trkpt>
  <trkpt lat="-33.66865000" lon="-70.53004000"><ele>1276.500</ele><time>2026-09-13T15:43:29Z</time><speed>42.301</speed><sat>10</sat></trkpt>
  <trkpt lat="-33.66826833" lon="-70.52996667"><ele>1278.300</ele><time>2026-09-13T15:43:30Z</time><speed>42.854</speed><sat>10</sat></trkpt>
  <trkpt lat="-33.66788167" lon="-70.52989000"><ele>1280.000</ele><time>2026-09-13T15:43:31Z</time><speed>43.673</speed><sat>11</sat></trkpt>
  <trkpt lat="-33.66749500" lon="-70.52981833"><ele>1282.300</ele><time>2026-09-13T15:43:32Z</time><speed>44.101</speed><sat>11</sat></trkpt>
  <trkpt lat="-33.66711333" lon="-70.52974333"><ele>1284.100</ele><time>2026-09-13T15:43:33Z</time><speed>42.978</speed><sat>8</sat></trkpt>
  <trkpt lat="-33.66673500" lon="-70.52967667"><ele>1286.200</ele><time>2026-09-13T15:43:34Z</time><speed>42.006</speed><sat>10</sat></trkpt>
  <trkpt lat="-33.66634833" lon="-70.52961500"><ele>1288.100</ele><time>2026-09-13T15:43:35Z</time><speed>42.649</speed><sat>10</sat></trkpt>
  <trkpt lat="-33.66597000" lon="-70.52954333"><ele>1289.700</ele><time>2026-09-13T15:43:36Z</time><speed>42.649</speed><sat>11</sat></trkpt>
  <trkpt lat="-33.66559000" lon="-70.52947167"><ele>1291.300</ele><time>2026-09-13T15:43:37Z</time><speed>42.799</speed><sat>12</sat></trkpt>
  <trkpt lat="-33.66519167" lon="-70.52939667"><ele>1292.900</ele><time>2026-09-13T15:43:38Z</time><speed>43.602</speed><sat>10</sat></trkpt>
  <trkpt lat="-33.66479500" lon="-70.52931667"><ele>1294.100</ele><time>2026-09-13T15:43:39Z</time><speed>44.694</speed><sat>10</sat></trkpt>
  <trkpt lat="-33.66439667" lon="-70.52924333"><ele>1295.700</ele><time>2026-09-13T15:43:40Z</time><speed>44.689</speed><sat>10</sat></trkpt>
  <trkpt lat="-33.66397167" lon="-70.52916833"><ele>1297.300</ele><time>2026-09-13T15:43:41Z</time><speed>46.406</speed><sat>11</sat></trkpt>
  <trkpt lat="-33.66353167" lon="-70.52908000"><ele>1299.000</ele><time>2026-09-13T15:43:42Z</time><speed>47.805</speed><sat>12</sat></trkpt>
  <trkpt lat="-33.66309833" lon="-70.52898833"><ele>1300.700</ele><time>2026-09-13T15:43:43Z</time><speed>47.935</speed><sat>12</sat></trkpt>
  <trkpt lat="-33.66266667" lon="-70.52890000"><ele>1302.400</ele><time>2026-09-13T15:43:44Z</time><speed>48.883</speed><sat>13</sat></trkpt>
  <trkpt lat="-33.66221333" lon="-70.52881000"><ele>1304.400</ele><time>2026-09-13T15:43:45Z</time><speed>49.628</speed><sat>12</sat></trkpt>
  <trkpt lat="-33.66175167" lon="-70.52871500"><ele>1306.300</ele><time>2026-09-13T15:43:46Z</time><speed>50.094</speed><sat>13</sat></trkpt>
  <trkpt lat="-33.66129333" lon="-70.52862500"><ele>1307.800</ele><time>2026-09-13T15:43:47Z</time><speed>50.271</speed><sat>12</sat></trkpt>
  <trkpt lat="-33.66083500" lon="-70.52853167"><ele>1309.100</ele><time>2026-09-13T15:43:48Z</time><speed>50.919</speed><sat>12</sat></trkpt>
  <trkpt lat="-33.66037167" lon="-70.52844000"><ele>1310.300</ele><time>2026-09-13T15:43:49Z</time><speed>51.416</speed><sat>12</sat></trkpt>
  <trkpt lat="-33.65988833" lon="-70.52833500"><ele>1311.200</ele><time>2026-09-13T15:43:50Z</time><speed>53.764</speed><sat>12</sat></trkpt>
  <trkpt lat="-33.65940500" lon="-70.52822833"><ele>1311.800</ele><time>2026-09-13T15:43:51Z</time><speed>52.019</speed><sat>13</sat></trkpt>
  <trkpt lat="-33.65893500" lon="-70.52812167"><ele>1313.300</ele><time>2026-09-13T15:43:52Z</time><speed>52.165</speed><sat>12</sat></trkpt>
  <trkpt lat="-33.65846167" lon="-70.52801500"><ele>1313.700</ele><time>2026-09-13T15:43:53Z</time><speed>53.030</speed><sat>12</sat></trkpt>
  <trkpt lat="-33.65798500" lon="-70.52789833"><ele>1314.600</ele><time>2026-09-13T15:43:54Z</time><speed>53.628</speed><sat>11</sat></trkpt>
  <trkpt lat="-33.65750500" lon="-70.52778167"><ele>1316.500</ele><time>2026-09-13T15:43:55Z</time><speed>53.652</speed><sat>10</sat></trkpt>
  <trkpt lat="-33.65701000" lon="-70.52766500"><ele>1317.000</ele><time>2026-09-13T15:43:56Z</time><speed>55.366</speed><sat>11</sat></trkpt>
  <trkpt lat="-33.65651667" lon="-70.52753667"><ele>1316.200</ele><time>2026-09-13T15:43:57Z</time><speed>54.254</speed><sat>11</sat></trkpt>
  <trkpt lat="-33.65603333" lon="-70.52741500"><ele>1317.600</ele><time>2026-09-13T15:43:58Z</time><speed>54.264</speed><sat>11</sat></trkpt>
  <trkpt lat="-33.65554333" lon="-70.52730167"><ele>1320.700</ele><time>2026-09-13T15:43:59Z</time><speed>55.084</speed><sat>11</sat></trkpt>
  <trkpt lat="-33.65503833" lon="-70.52717667"><ele>1321.600</ele><time>2026-09-13T15:44:00Z</time><speed>56.432</speed><sat>11</sat></trkpt>
  <trkpt lat="-33.65454500" lon="-70.52706000"><ele>1323.200</ele><time>2026-09-13T15:44:01Z</time><speed>55.265</speed><sat>10</sat></trkpt>
  <trkpt lat="-33.65406167" lon="-70.52695333"><ele>1325.500</ele><time>2026-09-13T15:44:02Z</time><speed>54.840</speed><sat>10</sat></trkpt>
  <trkpt lat="-33.65358167" lon="-70.52684000"><ele>1328.300</ele><time>2026-09-13T15:44:03Z</time><speed>54.492</speed><sat>10</sat></trkpt>
  <trkpt lat="-33.65310667" lon="-70.52672500"><ele>1332.500</ele><time>2026-09-13T15:44:04Z</time><speed>54.332</speed><sat>10</sat></trkpt>
  <trkpt lat="-33.65261833" lon="-70.52660833"><ele>1335.100</ele><time>2026-09-13T15:44:05Z</time><speed>54.537</speed><sat>10</sat></trkpt>
  <trkpt lat="-33.65212333" lon="-70.52647500"><ele>1335.600</ele><time>2026-09-13T15:44:06Z</time><speed>56.168</speed><sat>10</sat></trkpt>
  <trkpt lat="-33.65162667" lon="-70.52634333"><ele>1338.800</ele><time>2026-09-13T15:44:07Z</time><speed>57.179</speed><sat>11</sat></trkpt>
  <trkpt lat="-33.65112667" lon="-70.52620167"><ele>1341.000</ele><time>2026-09-13T15:44:08Z</time><speed>57.299</speed><sat>11</sat></trkpt>
  <trkpt lat="-33.65063667" lon="-70.52605333"><ele>1342.600</ele><time>2026-09-13T15:44:09Z</time><speed>56.321</speed><sat>11</sat></trkpt>
  <trkpt lat="-33.65013500" lon="-70.52589667"><ele>1338.800</ele><time>2026-09-13T15:44:10Z</time><speed>57.099</speed><sat>11</sat></trkpt>
  <trkpt lat="-33.64964000" lon="-70.52575000"><ele>1339.200</ele><time>2026-09-13T15:44:11Z</time><speed>56.973</speed><sat>11</sat></trkpt>
  <trkpt lat="-33.64913167" lon="-70.52560167"><ele>1338.400</ele><time>2026-09-13T15:44:12Z</time><speed>57.903</speed><sat>11</sat></trkpt>
  <trkpt lat="-33.64862500" lon="-70.52545833"><ele>1339.000</ele><time>2026-09-13T15:44:13Z</time><speed>58.673</speed><sat>12</sat></trkpt>
  <trkpt lat="-33.64811167" lon="-70.52531500"><ele>1342.100</ele><time>2026-09-13T15:44:14Z</time><speed>58.673</speed><sat>12</sat></trkpt>
  <trkpt lat="-33.64760500" lon="-70.52517333"><ele>1346.400</ele><time>2026-09-13T15:44:15Z</time><speed>57.684</speed><sat>12</sat></trkpt>
  <trkpt lat="-33.64709333" lon="-70.52504333"><ele>1349.200</ele><time>2026-09-13T15:44:16Z</time><speed>58.020</speed><sat>12</sat></trkpt>
  <trkpt lat="-33.64657833" lon="-70.52491167"><ele>1351.700</ele><time>2026-09-13T15:44:17Z</time><speed>58.811</speed><sat>12</sat></trkpt>
  <trkpt lat="-33.64605500" lon="-70.52477000"><ele>1349.800</ele><time>2026-09-13T15:44:18Z</time><speed>59.437</speed><sat>12</sat></trkpt>
  <trkpt lat="-33.64552167" lon="-70.52462833"><ele>1352.400</ele><time>2026-09-13T15:44:19Z</time><speed>61.453</speed><sat>12</sat></trkpt>
  <trkpt lat="-33.64498667" lon="-70.52448000"><ele>1350.800</ele><time>2026-09-13T15:44:20Z</time><speed>60.699</speed><sat>12</sat></trkpt>
  <trkpt lat="-33.64445167" lon="-70.52433667"><ele>1352.000</ele><time>2026-09-13T15:44:21Z</time><speed>60.276</speed><sat>12</sat></trkpt>
  <trkpt lat="-33.64392333" lon="-70.52419333"><ele>1355.200</ele><time>2026-09-13T15:44:22Z</time><speed>60.476</speed><sat>12</sat></trkpt>
  <trkpt lat="-33.64338667" lon="-70.52404667"><ele>1354.700</ele><time>2026-09-13T15:44:23Z</time><speed>60.044</speed><sat>12</sat></trkpt>
  <trkpt lat="-33.64285167" lon="-70.52391333"><ele>1355.500</ele><time>2026-09-13T15:44:24Z</time><speed>59.772</speed><sat>12</sat></trkpt>
  <trkpt lat="-33.64231000" lon="-70.52379333"><ele>1357.600</ele><time>2026-09-13T15:44:25Z</time><speed>60.849</speed><sat>13</sat></trkpt>
  <trkpt lat="-33.64175667" lon="-70.52369667"><ele>1357.900</ele><time>2026-09-13T15:44:26Z</time><speed>61.686</speed><sat>13</sat></trkpt>
  <trkpt lat="-33.64119500" lon="-70.52361333"><ele>1357.200</ele><time>2026-09-13T15:44:27Z</time><speed>61.913</speed><sat>13</sat></trkpt>
  <trkpt lat="-33.64063667" lon="-70.52354833"><ele>1358.000</ele><time>2026-09-13T15:44:28Z</time><speed>62.420</speed><sat>13</sat></trkpt>
  <trkpt lat="-33.64008167" lon="-70.52350333"><ele>1361.000</ele><time>2026-09-13T15:44:29Z</time><speed>61.040</speed><sat>14</sat></trkpt>
  <trkpt lat="-33.63952500" lon="-70.52347833"><ele>1362.300</ele><time>2026-09-13T15:44:30Z</time><speed>60.897</speed><sat>14</sat></trkpt>
  <trkpt lat="-33.63897333" lon="-70.52347167"><ele>1363.600</ele><time>2026-09-13T15:44:31Z</time><speed>61.333</speed><sat>13</sat></trkpt>
  <trkpt lat="-33.63842500" lon="-70.52349333"><ele>1364.600</ele><time>2026-09-13T15:44:32Z</time><speed>60.758</speed><sat>11</sat></trkpt>
  <trkpt lat="-33.63788167" lon="-70.52354167"><ele>1366.600</ele><time>2026-09-13T15:44:33Z</time><speed>61.016</speed><sat>10</sat></trkpt>
  <trkpt lat="-33.63732667" lon="-70.52360333"><ele>1367.100</ele><time>2026-09-13T15:44:34Z</time><speed>61.835</speed><sat>9</sat></trkpt>
  <trkpt lat="-33.63676000" lon="-70.52367833"><ele>1367.400</ele><time>2026-09-13T15:44:35Z</time><speed>63.717</speed><sat>9</sat></trkpt>
  <trkpt lat="-33.63620000" lon="-70.52376000"><ele>1368.400</ele><time>2026-09-13T15:44:36Z</time><speed>62.549</speed><sat>10</sat></trkpt>
  <trkpt lat="-33.63563000" lon="-70.52384167"><ele>1367.100</ele><time>2026-09-13T15:44:37Z</time><speed>64.295</speed><sat>10</sat></trkpt>
  <trkpt lat="-33.63506000" lon="-70.52393833"><ele>1371.900</ele><time>2026-09-13T15:44:38Z</time><speed>64.070</speed><sat>11</sat></trkpt>
  <trkpt lat="-33.63451167" lon="-70.52405500"><ele>1382.700</ele><time>2026-09-13T15:44:39Z</time><speed>63.741</speed><sat>11</sat></trkpt>
  <trkpt lat="-33.63393333" lon="-70.52417000"><ele>1383.500</ele><time>2026-09-13T15:44:40Z</time><speed>65.611</speed><sat>11</sat></trkpt>
  <trkpt lat="-33.63336000" lon="-70.52427667"><ele>1381.500</ele><time>2026-09-13T15:44:41Z</time><speed>65.369</speed><sat>11</sat></trkpt>
  <trkpt lat="-33.63279000" lon="-70.52439167"><ele>1379.900</ele><time>2026-09-13T15:44:42Z</time><speed>64.273</speed><sat>12</sat></trkpt>
  <trkpt lat="-33.63223500" lon="-70.52451333"><ele>1379.300</ele><time>2026-09-13T15:44:43Z</time><speed>63.893</speed><sat>14</sat></trkpt>
  <trkpt lat="-33.63169500" lon="-70.52464167"><ele>1382.900</ele><time>2026-09-13T15:44:44Z</time><speed>64.129</speed><sat>14</sat></trkpt>
  <trkpt lat="-33.63111833" lon="-70.52476833"><ele>1387.000</ele><time>2026-09-13T15:44:45Z</time><speed>62.151</speed><sat>14</sat></trkpt>
  <trkpt lat="-33.63055000" lon="-70.52489667"><ele>1393.000</ele><time>2026-09-13T15:44:46Z</time><speed>62.640</speed><sat>14</sat></trkpt>
  <trkpt lat="-33.62997167" lon="-70.52501667"><ele>1397.100</ele><time>2026-09-13T15:44:47Z</time><speed>64.163</speed><sat>14</sat></trkpt>
  <trkpt lat="-33.62939667" lon="-70.52513167"><ele>1398.300</ele><time>2026-09-13T15:44:48Z</time><speed>64.933</speed><sat>14</sat></trkpt>
  <trkpt lat="-33.62882500" lon="-70.52526833"><ele>1403.900</ele><time>2026-09-13T15:44:49Z</time><speed>64.265</speed><sat>12</sat></trkpt>
  <trkpt lat="-33.62825000" lon="-70.52539667"><ele>1405.200</ele><time>2026-09-13T15:44:50Z</time><speed>63.857</speed><sat>11</sat></trkpt>
  <trkpt lat="-33.62769833" lon="-70.52552167"><ele>1404.100</ele><time>2026-09-13T15:44:51Z</time><speed>62.719</speed><sat>9</sat></trkpt>
  <trkpt lat="-33.62715000" lon="-70.52563833"><ele>1399.600</ele><time>2026-09-13T15:44:52Z</time><speed>62.468</speed><sat>9</sat></trkpt>
  <trkpt lat="-33.62659333" lon="-70.52575500"><ele>1395.600</ele><time>2026-09-13T15:44:53Z</time><speed>63.165</speed><sat>9</sat></trkpt>
  <trkpt lat="-33.62602333" lon="-70.52592000"><ele>1406.300</ele><time>2026-09-13T15:44:54Z</time><speed>62.593</speed><sat>12</sat></trkpt>
  <trkpt lat="-33.62547000" lon="-70.52607833"><ele>1413.600</ele><time>2026-09-13T15:44:55Z</time><speed>62.016</speed><sat>12</sat></trkpt>
  <trkpt lat="-33.62491500" lon="-70.52622500"><ele>1415.700</ele><time>2026-09-13T15:44:56Z</time><speed>63.164</speed><sat>12</sat></trkpt>
  <trkpt lat="-33.62437000" lon="-70.52638000"><ele>1424.300</ele><time>2026-09-13T15:44:57Z</time><speed>62.993</speed><sat>11</sat></trkpt>
  <trkpt lat="-33.62380667" lon="-70.52651167"><ele>1429.000</ele><time>2026-09-13T15:44:58Z</time><speed>63.462</speed><sat>11</sat></trkpt>
  <trkpt lat="-33.62324500" lon="-70.52663333"><ele>1432.400</ele><time>2026-09-13T15:44:59Z</time><speed>63.219</speed><sat>11</sat></trkpt>
  <trkpt lat="-33.62269500" lon="-70.52676000"><ele>1436.700</ele><time>2026-09-13T15:45:00Z</time><speed>62.413</speed><sat>11</sat></trkpt>
  <trkpt lat="-33.62214167" lon="-70.52687833"><ele>1436.800</ele><time>2026-09-13T15:45:01Z</time><speed>62.529</speed><sat>12</sat></trkpt>
  <trkpt lat="-33.62159333" lon="-70.52700833"><ele>1437.000</ele><time>2026-09-13T15:45:02Z</time><speed>62.112</speed><sat>11</sat></trkpt>
  <trkpt lat="-33.62105167" lon="-70.52714500"><ele>1435.600</ele><time>2026-09-13T15:45:03Z</time><speed>62.224</speed><sat>12</sat></trkpt>
  <trkpt lat="-33.62050167" lon="-70.52728167"><ele>1435.300</ele><time>2026-09-13T15:45:04Z</time><speed>62.100</speed><sat>11</sat></trkpt>
  <trkpt lat="-33.61994833" lon="-70.52742333"><ele>1435.100</ele><time>2026-09-13T15:45:05Z</time><speed>62.659</speed><sat>10</sat></trkpt>
  <trkpt lat="-33.61939667" lon="-70.52758000"><ele>1432.500</ele><time>2026-09-13T15:45:06Z</time><speed>63.458</speed><sat>9</sat></trkpt>
  <trkpt lat="-33.61883333" lon="-70.52774167"><ele>1431.600</ele><time>2026-09-13T15:45:07Z</time><speed>64.216</speed><sat>12</sat></trkpt>
  <trkpt lat="-33.61827000" lon="-70.52790500"><ele>1429.300</ele><time>2026-09-13T15:45:08Z</time><speed>63.679</speed><sat>12</sat></trkpt>
  <trkpt lat="-33.61771167" lon="-70.52806500"><ele>1426.300</ele><time>2026-09-13T15:45:09Z</time><speed>63.949</speed><sat>13</sat></trkpt>
  <trkpt lat="-33.61714000" lon="-70.52823833"><ele>1426.700</ele><time>2026-09-13T15:45:10Z</time><speed>63.730</speed><sat>13</sat></trkpt>
  <trkpt lat="-33.61659167" lon="-70.52842667"><ele>1427.100</ele><time>2026-09-13T15:45:11Z</time><speed>63.204</speed><sat>13</sat></trkpt>
  <trkpt lat="-33.61603000" lon="-70.52862000"><ele>1426.900</ele><time>2026-09-13T15:45:12Z</time><speed>65.619</speed><sat>12</sat></trkpt>
  <trkpt lat="-33.61543167" lon="-70.52880500"><ele>1431.900</ele><time>2026-09-13T15:45:13Z</time><speed>66.969</speed><sat>12</sat></trkpt>
  <trkpt lat="-33.61485667" lon="-70.52898333"><ele>1432.500</ele><time>2026-09-13T15:45:14Z</time><speed>66.112</speed><sat>11</sat></trkpt>
  <trkpt lat="-33.61428333" lon="-70.52916333"><ele>1432.300</ele><time>2026-09-13T15:45:15Z</time><speed>66.471</speed><sat>11</sat></trkpt>
  <trkpt lat="-33.61373333" lon="-70.52931167"><ele>1426.400</ele><time>2026-09-13T15:45:16Z</time><speed>66.587</speed><sat>12</sat></trkpt>
  <trkpt lat="-33.61319000" lon="-70.52944000"><ele>1426.300</ele><time>2026-09-13T15:45:17Z</time><speed>64.384</speed><sat>12</sat></trkpt>
  <trkpt lat="-33.61264000" lon="-70.52958833"><ele>1420.900</ele><time>2026-09-13T15:45:18Z</time><speed>65.371</speed><sat>13</sat></trkpt>
  <trkpt lat="-33.61209833" lon="-70.52973833"><ele>1412.500</ele><time>2026-09-13T15:45:19Z</time><speed>65.490</speed><sat>13</sat></trkpt>
  <trkpt lat="-33.61154333" lon="-70.52990500"><ele>1408.100</ele><time>2026-09-13T15:45:20Z</time><speed>64.226</speed><sat>13</sat></trkpt>
  <trkpt lat="-33.61100500" lon="-70.53007500"><ele>1405.600</ele><time>2026-09-13T15:45:21Z</time><speed>63.373</speed><sat>13</sat></trkpt>
  <trkpt lat="-33.61046000" lon="-70.53023833"><ele>1404.200</ele><time>2026-09-13T15:45:22Z</time><speed>62.283</speed><sat>14</sat></trkpt>
  <trkpt lat="-33.60991833" lon="-70.53038833"><ele>1401.800</ele><time>2026-09-13T15:45:23Z</time><speed>63.751</speed><sat>14</sat></trkpt>
  <trkpt lat="-33.60938500" lon="-70.53054000"><ele>1399.600</ele><time>2026-09-13T15:45:24Z</time><speed>63.110</speed><sat>14</sat></trkpt>
  <trkpt lat="-33.60883833" lon="-70.53069667"><ele>1398.600</ele><time>2026-09-13T15:45:25Z</time><speed>63.093</speed><sat>12</sat></trkpt>
  <trkpt lat="-33.60828833" lon="-70.53083000"><ele>1397.500</ele><time>2026-09-13T15:45:26Z</time><speed>62.978</speed><sat>11</sat></trkpt>
  <trkpt lat="-33.60775333" lon="-70.53094000"><ele>1387.000</ele><time>2026-09-13T15:45:27Z</time><speed>63.849</speed><sat>13</sat></trkpt>
  <trkpt lat="-33.60719000" lon="-70.53107333"><ele>1384.800</ele><time>2026-09-13T15:45:28Z</time><speed>63.494</speed><sat>13</sat></trkpt>
  <trkpt lat="-33.60662000" lon="-70.53120333"><ele>1382.300</ele><time>2026-09-13T15:45:29Z</time><speed>65.110</speed><sat>12</sat></trkpt>
  <trkpt lat="-33.60604833" lon="-70.53133333"><ele>1380.400</ele><time>2026-09-13T15:45:30Z</time><speed>63.810</speed><sat>12</sat></trkpt>
  <trkpt lat="-33.60548333" lon="-70.53145667"><ele>1369.400</ele><time>2026-09-13T15:45:31Z</time><speed>64.466</speed><sat>13</sat></trkpt>
  <trkpt lat="-33.60492167" lon="-70.53158000"><ele>1363.500</ele><time>2026-09-13T15:45:32Z</time><speed>63.394</speed><sat>14</sat></trkpt>
  <trkpt lat="-33.60436667" lon="-70.53170167"><ele>1361.700</ele><time>2026-09-13T15:45:33Z</time><speed>63.616</speed><sat>14</sat></trkpt>
  <trkpt lat="-33.60379000" lon="-70.53182167"><ele>1359.400</ele><time>2026-09-13T15:45:34Z</time><speed>65.023</speed><sat>14</sat></trkpt>
  <trkpt lat="-33.60320667" lon="-70.53194833"><ele>1368.000</ele><time>2026-09-13T15:45:35Z</time><speed>65.367</speed><sat>13</sat></trkpt>
  <trkpt lat="-33.60262167" lon="-70.53205333"><ele>1366.800</ele><time>2026-09-13T15:45:36Z</time><speed>65.737</speed><sat>11</sat></trkpt>
  <trkpt lat="-33.60203167" lon="-70.53213833"><ele>1365.200</ele><time>2026-09-13T15:45:37Z</time><speed>65.991</speed><sat>12</sat></trkpt>
  <trkpt lat="-33.60144167" lon="-70.53222667"><ele>1365.100</ele><time>2026-09-13T15:45:38Z</time><speed>66.108</speed><sat>11</sat></trkpt>
  <trkpt lat="-33.60088000" lon="-70.53235167"><ele>1376.300</ele><time>2026-09-13T15:45:39Z</time><speed>64.711</speed><sat>13</sat></trkpt>
  <trkpt lat="-33.60033500" lon="-70.53246833"><ele>1383.500</ele><time>2026-09-13T15:45:40Z</time><speed>63.675</speed><sat>11</sat></trkpt>
  <trkpt lat="-33.59977667" lon="-70.53257833"><ele>1388.400</ele><time>2026-09-13T15:45:41Z</time><speed>64.720</speed><sat>11</sat></trkpt>
  <trkpt lat="-33.59922000" lon="-70.53268500"><ele>1391.900</ele><time>2026-09-13T15:45:42Z</time><speed>62.498</speed><sat>11</sat></trkpt>
  <trkpt lat="-33.59866500" lon="-70.53278833"><ele>1393.500</ele><time>2026-09-13T15:45:43Z</time><speed>61.823</speed><sat>10</sat></trkpt>
  <trkpt lat="-33.59811833" lon="-70.53289333"><ele>1396.100</ele><time>2026-09-13T15:45:44Z</time><speed>61.541</speed><sat>10</sat></trkpt>
  <trkpt lat="-33.59756667" lon="-70.53298500"><ele>1398.800</ele><time>2026-09-13T15:45:45Z</time><speed>62.099</speed><sat>10</sat></trkpt>
  <trkpt lat="-33.59701667" lon="-70.53307833"><ele>1401.000</ele><time>2026-09-13T15:45:46Z</time><speed>61.419</speed><sat>10</sat></trkpt>
  <trkpt lat="-33.59647333" lon="-70.53317000"><ele>1402.600</ele><time>2026-09-13T15:45:47Z</time><speed>61.075</speed><sat>10</sat></trkpt>
  <trkpt lat="-33.59591833" lon="-70.53326167"><ele>1402.800</ele><time>2026-09-13T15:45:48Z</time><speed>62.764</speed><sat>10</sat></trkpt>
  <trkpt lat="-33.59535833" lon="-70.53335167"><ele>1403.100</ele><time>2026-09-13T15:45:49Z</time><speed>62.785</speed><sat>10</sat></trkpt>
  <trkpt lat="-33.59480667" lon="-70.53343500"><ele>1401.700</ele><time>2026-09-13T15:45:50Z</time><speed>61.188</speed><sat>10</sat></trkpt>
  <trkpt lat="-33.59424833" lon="-70.53352167"><ele>1400.300</ele><time>2026-09-13T15:45:51Z</time><speed>62.792</speed><sat>10</sat></trkpt>
  <trkpt lat="-33.59369167" lon="-70.53361167"><ele>1400.700</ele><time>2026-09-13T15:45:52Z</time><speed>62.132</speed><sat>10</sat></trkpt>
  <trkpt lat="-33.59313667" lon="-70.53370167"><ele>1401.700</ele><time>2026-09-13T15:45:53Z</time><speed>62.614</speed><sat>10</sat></trkpt>
  <trkpt lat="-33.59255667" lon="-70.53376167"><ele>1387.700</ele><time>2026-09-13T15:45:54Z</time><speed>63.113</speed><sat>10</sat></trkpt>
  <trkpt lat="-33.59199833" lon="-70.53383833"><ele>1386.200</ele><time>2026-09-13T15:45:55Z</time><speed>62.129</speed><sat>10</sat></trkpt>
  <trkpt lat="-33.59142667" lon="-70.53391333"><ele>1380.500</ele><time>2026-09-13T15:45:56Z</time><speed>63.586</speed><sat>9</sat></trkpt>
  <trkpt lat="-33.59087167" lon="-70.53399500"><ele>1380.200</ele><time>2026-09-13T15:45:57Z</time><speed>61.614</speed><sat>8</sat></trkpt>
  <trkpt lat="-33.59031167" lon="-70.53406333"><ele>1376.100</ele><time>2026-09-13T15:45:58Z</time><speed>62.885</speed><sat>9</sat></trkpt>
  <trkpt lat="-33.58975833" lon="-70.53413500"><ele>1376.300</ele><time>2026-09-13T15:45:59Z</time><speed>61.855</speed><sat>10</sat></trkpt>
  <trkpt lat="-33.58920667" lon="-70.53421333"><ele>1377.300</ele><time>2026-09-13T15:46:00Z</time><speed>62.034</speed><sat>10</sat></trkpt>
  <trkpt lat="-33.58865667" lon="-70.53428333"><ele>1378.200</ele><time>2026-09-13T15:46:01Z</time><speed>61.499</speed><sat>10</sat></trkpt>
  <trkpt lat="-33.58810833" lon="-70.53434667"><ele>1378.500</ele><time>2026-09-13T15:46:02Z</time><speed>61.065</speed><sat>10</sat></trkpt>
  <trkpt lat="-33.58756000" lon="-70.53441667"><ele>1379.700</ele><time>2026-09-13T15:46:03Z</time><speed>61.298</speed><sat>10</sat></trkpt>
  <trkpt lat="-33.57816667" lon="-70.53647333"><ele>1431.800</ele><time>2026-09-13T15:46:20Z</time><speed>61.133</speed><sat>7</sat></trkpt>
  <trkpt lat="-33.57763667" lon="-70.53657667"><ele>1431.100</ele><time>2026-09-13T15:46:21Z</time><speed>61.172</speed><sat>7</sat></trkpt>
  <trkpt lat="-33.57710167" lon="-70.53668667"><ele>1429.800</ele><time>2026-09-13T15:46:22Z</time><speed>60.932</speed><sat>7</sat></trkpt>
  <trkpt lat="-33.57656833" lon="-70.53678667"><ele>1426.700</ele><time>2026-09-13T15:46:23Z</time><speed>60.214</speed><sat>7</sat></trkpt>
  <trkpt lat="-33.57604167" lon="-70.53689333"><ele>1427.500</ele><time>2026-09-13T15:46:24Z</time><speed>60.604</speed><sat>7</sat></trkpt>
  <trkpt lat="-33.57343000" lon="-70.53737667"><ele>1432.200</ele><time>2026-09-13T15:46:29Z</time><speed>58.141</speed><sat>7</sat></trkpt>
  <trkpt lat="-33.57290167" lon="-70.53744500"><ele>1428.900</ele><time>2026-09-13T15:46:30Z</time><speed>58.428</speed><sat>7</sat></trkpt>
  <trkpt lat="-33.57237333" lon="-70.53750333"><ele>1425.900</ele><time>2026-09-13T15:46:31Z</time><speed>58.178</speed><sat>7</sat></trkpt>
  <trkpt lat="-33.57186167" lon="-70.53751500"><ele>1419.500</ele><time>2026-09-13T15:46:32Z</time><speed>57.491</speed><sat>8</sat></trkpt>
  <trkpt lat="-33.57136667" lon="-70.53750500"><ele>1409.700</ele><time>2026-09-13T15:46:33Z</time><speed>56.703</speed><sat>8</sat></trkpt>
  <trkpt lat="-33.57087667" lon="-70.53751667"><ele>1402.200</ele><time>2026-09-13T15:46:34Z</time><speed>56.806</speed><sat>8</sat></trkpt>
  <trkpt lat="-33.57037167" lon="-70.53754333"><ele>1395.900</ele><time>2026-09-13T15:46:35Z</time><speed>56.854</speed><sat>8</sat></trkpt>
  <trkpt lat="-33.56987000" lon="-70.53759167"><ele>1390.700</ele><time>2026-09-13T15:46:36Z</time><speed>56.940</speed><sat>8</sat></trkpt>
  <trkpt lat="-33.56937167" lon="-70.53764833"><ele>1387.500</ele><time>2026-09-13T15:46:37Z</time><speed>57.051</speed><sat>8</sat></trkpt>
  <trkpt lat="-33.56887500" lon="-70.53771167"><ele>1387.100</ele><time>2026-09-13T15:46:38Z</time><speed>56.182</speed><sat>8</sat></trkpt>
  <trkpt lat="-33.56839167" lon="-70.53777833"><ele>1387.400</ele><time>2026-09-13T15:46:39Z</time><speed>55.875</speed><sat>8</sat></trkpt>
  <trkpt lat="-33.56789000" lon="-70.53782000"><ele>1379.000</ele><time>2026-09-13T15:46:40Z</time><speed>56.196</speed><sat>9</sat></trkpt>
  <trkpt lat="-33.56740000" lon="-70.53788333"><ele>1382.400</ele><time>2026-09-13T15:46:41Z</time><speed>55.972</speed><sat>9</sat></trkpt>
  <trkpt lat="-33.56691667" lon="-70.53794667"><ele>1386.600</ele><time>2026-09-13T15:46:42Z</time><speed>55.047</speed><sat>9</sat></trkpt>
  <trkpt lat="-33.56643333" lon="-70.53800500"><ele>1391.300</ele><time>2026-09-13T15:46:43Z</time><speed>54.186</speed><sat>9</sat></trkpt>
  <trkpt lat="-33.56593167" lon="-70.53807333"><ele>1392.200</ele><time>2026-09-13T15:46:44Z</time><speed>56.173</speed><sat>8</sat></trkpt>
  <trkpt lat="-33.56543333" lon="-70.53813833"><ele>1392.900</ele><time>2026-09-13T15:46:45Z</time><speed>56.690</speed><sat>8</sat></trkpt>
  <trkpt lat="-33.56493500" lon="-70.53820333"><ele>1395.100</ele><time>2026-09-13T15:46:46Z</time><speed>55.610</speed><sat>8</sat></trkpt>
  <trkpt lat="-33.56443667" lon="-70.53827167"><ele>1396.100</ele><time>2026-09-13T15:46:47Z</time><speed>55.577</speed><sat>9</sat></trkpt>
  <trkpt lat="-33.56394167" lon="-70.53834000"><ele>1397.000</ele><time>2026-09-13T15:46:48Z</time><speed>55.605</speed><sat>9</sat></trkpt>
  <trkpt lat="-33.56344000" lon="-70.53841500"><ele>1399.000</ele><time>2026-09-13T15:46:49Z</time><speed>56.782</speed><sat>9</sat></trkpt>
  <trkpt lat="-33.56293833" lon="-70.53849000"><ele>1400.900</ele><time>2026-09-13T15:46:50Z</time><speed>55.907</speed><sat>9</sat></trkpt>
  <trkpt lat="-33.56244500" lon="-70.53856333"><ele>1402.300</ele><time>2026-09-13T15:46:51Z</time><speed>55.597</speed><sat>10</sat></trkpt>
  <trkpt lat="-33.56195333" lon="-70.53863000"><ele>1404.800</ele><time>2026-09-13T15:46:52Z</time><speed>55.077</speed><sat>11</sat></trkpt>
  <trkpt lat="-33.56145667" lon="-70.53870500"><ele>1406.100</ele><time>2026-09-13T15:46:53Z</time><speed>55.491</speed><sat>11</sat></trkpt>
  <trkpt lat="-33.56096000" lon="-70.53878667"><ele>1408.900</ele><time>2026-09-13T15:46:54Z</time><speed>55.920</speed><sat>11</sat></trkpt>
  <trkpt lat="-33.56048167" lon="-70.53885500"><ele>1410.500</ele><time>2026-09-13T15:46:55Z</time><speed>55.487</speed><sat>11</sat></trkpt>
  <trkpt lat="-33.55999167" lon="-70.53893333"><ele>1415.100</ele><time>2026-09-13T15:46:56Z</time><speed>54.238</speed><sat>11</sat></trkpt>
  <trkpt lat="-33.55951167" lon="-70.53901000"><ele>1416.500</ele><time>2026-09-13T15:46:57Z</time><speed>54.147</speed><sat>12</sat></trkpt>
  <trkpt lat="-33.55901667" lon="-70.53908833"><ele>1417.700</ele><time>2026-09-13T15:46:58Z</time><speed>55.950</speed><sat>13</sat></trkpt>
  <trkpt lat="-33.55853833" lon="-70.53915000"><ele>1418.200</ele><time>2026-09-13T15:46:59Z</time><speed>54.934</speed><sat>13</sat></trkpt>
  <trkpt lat="-33.55803833" lon="-70.53923167"><ele>1418.700</ele><time>2026-09-13T15:47:00Z</time><speed>56.610</speed><sat>13</sat></trkpt>
  <trkpt lat="-33.55753667" lon="-70.53931167"><ele>1418.500</ele><time>2026-09-13T15:47:01Z</time><speed>56.020</speed><sat>13</sat></trkpt>
  <trkpt lat="-33.55705167" lon="-70.53938333"><ele>1418.500</ele><time>2026-09-13T15:47:02Z</time><speed>53.594</speed><sat>13</sat></trkpt>
  <trkpt lat="-33.55655667" lon="-70.53945000"><ele>1419.100</ele><time>2026-09-13T15:47:03Z</time><speed>56.647</speed><sat>12</sat></trkpt>
  <trkpt lat="-33.55605833" lon="-70.53951000"><ele>1416.300</ele><time>2026-09-13T15:47:04Z</time><speed>54.907</speed><sat>12</sat></trkpt>
  <trkpt lat="-33.55557000" lon="-70.53954833"><ele>1414.900</ele><time>2026-09-13T15:47:05Z</time><speed>54.362</speed><sat>12</sat></trkpt>
  <trkpt lat="-33.55507667" lon="-70.53957667"><ele>1412.400</ele><time>2026-09-13T15:47:06Z</time><speed>55.047</speed><sat>10</sat></trkpt>
  <trkpt lat="-33.55458000" lon="-70.53958833"><ele>1410.500</ele><time>2026-09-13T15:47:07Z</time><speed>55.280</speed><sat>9</sat></trkpt>
  <trkpt lat="-33.55407500" lon="-70.53957833"><ele>1408.800</ele><time>2026-09-13T15:47:08Z</time><speed>56.211</speed><sat>10</sat></trkpt>
  <trkpt lat="-33.55407500" lon="-70.53957833"><ele>1408.800</ele><time>2026-09-13T15:47:09Z</time><speed>57.512</speed><sat>10</sat></trkpt>
  <trkpt lat="-33.55305000" lon="-70.53947167"><ele>1412.800</ele><time>2026-09-13T15:47:10Z</time><speed>57.151</speed><sat>10</sat></trkpt>
  <trkpt lat="-33.55253667" lon="-70.53940333"><ele>1414.500</ele><time>2026-09-13T15:47:11Z</time><speed>56.710</speed><sat>9</sat></trkpt>
  <trkpt lat="-33.55201833" lon="-70.53931667"><ele>1416.000</ele><time>2026-09-13T15:47:12Z</time><speed>58.460</speed><sat>7</sat></trkpt>
  <trkpt lat="-33.55150833" lon="-70.53922333"><ele>1416.900</ele><time>2026-09-13T15:47:13Z</time><speed>56.558</speed><sat>8</sat></trkpt>
  <trkpt lat="-33.55100333" lon="-70.53911833"><ele>1418.100</ele><time>2026-09-13T15:47:14Z</time><speed>56.566</speed><sat>8</sat></trkpt>
  <trkpt lat="-33.55052333" lon="-70.53899333"><ele>1421.100</ele><time>2026-09-13T15:47:15Z</time><speed>56.067</speed><sat>9</sat></trkpt>
  <trkpt lat="-33.55001167" lon="-70.53887333"><ele>1421.800</ele><time>2026-09-13T15:47:16Z</time><speed>57.359</speed><sat>8</sat></trkpt>
  <trkpt lat="-33.54950000" lon="-70.53875667"><ele>1422.900</ele><time>2026-09-13T15:47:17Z</time><speed>57.341</speed><sat>8</sat></trkpt>
  <trkpt lat="-33.54899333" lon="-70.53862833"><ele>1422.700</ele><time>2026-09-13T15:47:18Z</time><speed>56.802</speed><sat>8</sat></trkpt>
  <trkpt lat="-33.54846667" lon="-70.53849000"><ele>1423.200</ele><time>2026-09-13T15:47:19Z</time><speed>58.841</speed><sat>8</sat></trkpt>
  <trkpt lat="-33.54794167" lon="-70.53836000"><ele>1425.400</ele><time>2026-09-13T15:47:20Z</time><speed>58.372</speed><sat>9</sat></trkpt>
  <trkpt lat="-33.54742500" lon="-70.53822500"><ele>1426.800</ele><time>2026-09-13T15:47:21Z</time><speed>58.597</speed><sat>9</sat></trkpt>
  <trkpt lat="-33.54689167" lon="-70.53808000"><ele>1425.300</ele><time>2026-09-13T15:47:22Z</time><speed>60.402</speed><sat>10</sat></trkpt>
  <trkpt lat="-33.54636000" lon="-70.53793000"><ele>1422.300</ele><time>2026-09-13T15:47:23Z</time><speed>60.171</speed><sat>11</sat></trkpt>
  <trkpt lat="-33.54584167" lon="-70.53778500"><ele>1421.300</ele><time>2026-09-13T15:47:24Z</time><speed>59.643</speed><sat>10</sat></trkpt>
  <trkpt lat="-33.54533500" lon="-70.53764500"><ele>1422.200</ele><time>2026-09-13T15:47:25Z</time><speed>56.327</speed><sat>10</sat></trkpt>
  <trkpt lat="-33.54482667" lon="-70.53750667"><ele>1423.400</ele><time>2026-09-13T15:47:26Z</time><speed>58.265</speed><sat>10</sat></trkpt>
  <trkpt lat="-33.54432000" lon="-70.53736833"><ele>1423.800</ele><time>2026-09-13T15:47:27Z</time><speed>57.629</speed><sat>11</sat></trkpt>
  <trkpt lat="-33.54382333" lon="-70.53723000"><ele>1422.900</ele><time>2026-09-13T15:47:28Z</time><speed>57.396</speed><sat>10</sat></trkpt>
  <trkpt lat="-33.54331833" lon="-70.53708833"><ele>1422.100</ele><time>2026-09-13T15:47:29Z</time><speed>57.650</speed><sat>11</sat></trkpt>
  <trkpt lat="-33.54282000" lon="-70.53694333"><ele>1422.100</ele><time>2026-09-13T15:47:30Z</time><speed>57.191</speed><sat>12</sat></trkpt>
  <trkpt lat="-33.54232167" lon="-70.53679667"><ele>1423.300</ele><time>2026-09-13T15:47:31Z</time><speed>56.622</speed><sat>12</sat></trkpt>
  <trkpt lat="-33.54181833" lon="-70.53665500"><ele>1427.300</ele><time>2026-09-13T15:47:32Z</time><speed>57.928</speed><sat>12</sat></trkpt>
  <trkpt lat="-33.54130667" lon="-70.53651000"><ele>1429.600</ele><time>2026-09-13T15:47:33Z</time><speed>58.486</speed><sat>11</sat></trkpt>
  <trkpt lat="-33.54079500" lon="-70.53635833"><ele>1430.300</ele><time>2026-09-13T15:47:34Z</time><speed>58.269</speed><sat>11</sat></trkpt>
  <trkpt lat="-33.54028333" lon="-70.53619167"><ele>1423.900</ele><time>2026-09-13T15:47:35Z</time><speed>56.909</speed><sat>12</sat></trkpt>
  <trkpt lat="-33.53978333" lon="-70.53605500"><ele>1425.300</ele><time>2026-09-13T15:47:36Z</time><speed>57.110</speed><sat>12</sat></trkpt>
  <trkpt lat="-33.53929167" lon="-70.53591667"><ele>1426.900</ele><time>2026-09-13T15:47:37Z</time><speed>55.918</speed><sat>12</sat></trkpt>
  <trkpt lat="-33.53880333" lon="-70.53578000"><ele>1429.300</ele><time>2026-09-13T15:47:38Z</time><speed>56.191</speed><sat>13</sat></trkpt>
  <trkpt lat="-33.53831500" lon="-70.53564500"><ele>1431.200</ele><time>2026-09-13T15:47:39Z</time><speed>56.212</speed><sat>13</sat></trkpt>
  <trkpt lat="-33.53782667" lon="-70.53550833"><ele>1432.200</ele><time>2026-09-13T15:47:40Z</time><speed>55.768</speed><sat>13</sat></trkpt>
  <trkpt lat="-33.53733667" lon="-70.53537333"><ele>1432.100</ele><time>2026-09-13T15:47:41Z</time><speed>55.777</speed><sat>13</sat></trkpt>
  <trkpt lat="-33.53683500" lon="-70.53523167"><ele>1429.100</ele><time>2026-09-13T15:47:42Z</time><speed>57.555</speed><sat>14</sat></trkpt>
  <trkpt lat="-33.53633500" lon="-70.53509000"><ele>1429.200</ele><time>2026-09-13T15:47:43Z</time><speed>56.997</speed><sat>14</sat></trkpt>
  <trkpt lat="-33.53584000" lon="-70.53494500"><ele>1429.200</ele><time>2026-09-13T15:47:44Z</time><speed>56.664</speed><sat>14</sat></trkpt>
  <trkpt lat="-33.53533500" lon="-70.53478667"><ele>1427.700</ele><time>2026-09-13T15:47:45Z</time><speed>58.691</speed><sat>14</sat></trkpt>
  <trkpt lat="-33.53483500" lon="-70.53461833"><ele>1427.700</ele><time>2026-09-13T15:47:46Z</time><speed>57.476</speed><sat>14</sat></trkpt>
  <trkpt lat="-33.53434500" lon="-70.53445167"><ele>1426.100</ele><time>2026-09-13T15:47:47Z</time><speed>56.597</speed><sat>14</sat></trkpt>
  <trkpt lat="-33.53383667" lon="-70.53428667"><ele>1419.200</ele><time>2026-09-13T15:47:48Z</time><speed>57.918</speed><sat>15</sat></trkpt>
  <trkpt lat="-33.53334333" lon="-70.53410333"><ele>1420.100</ele><time>2026-09-13T15:47:49Z</time><speed>56.665</speed><sat>15</sat></trkpt>
  <trkpt lat="-33.53285333" lon="-70.53391333"><ele>1420.900</ele><time>2026-09-13T15:47:50Z</time><speed>58.076</speed><sat>16</sat></trkpt>
  <trkpt lat="-33.53235667" lon="-70.53372500"><ele>1419.300</ele><time>2026-09-13T15:47:51Z</time><speed>57.569</speed><sat>16</sat></trkpt>
  <trkpt lat="-33.53186667" lon="-70.53353833"><ele>1419.100</ele><time>2026-09-13T15:47:52Z</time><speed>57.535</speed><sat>16</sat></trkpt>
  <trkpt lat="-33.53138167" lon="-70.53334833"><ele>1418.700</ele><time>2026-09-13T15:47:53Z</time><speed>56.738</speed><sat>16</sat></trkpt>
  <trkpt lat="-33.53089833" lon="-70.53315833"><ele>1419.200</ele><time>2026-09-13T15:47:54Z</time><speed>57.217</speed><sat>16</sat></trkpt>
  <trkpt lat="-33.53040667" lon="-70.53296333"><ele>1417.800</ele><time>2026-09-13T15:47:55Z</time><speed>57.757</speed><sat>16</sat></trkpt>
  <trkpt lat="-33.52991167" lon="-70.53276833"><ele>1415.500</ele><time>2026-09-13T15:47:56Z</time><speed>58.272</speed><sat>16</sat></trkpt>
  <trkpt lat="-33.52940500" lon="-70.53257167"><ele>1407.500</ele><time>2026-09-13T15:47:57Z</time><speed>58.079</speed><sat>16</sat></trkpt>
  <trkpt lat="-33.52891167" lon="-70.53237333"><ele>1402.800</ele><time>2026-09-13T15:47:58Z</time><speed>56.308</speed><sat>16</sat></trkpt>
  <trkpt lat="-33.52842667" lon="-70.53217667"><ele>1399.500</ele><time>2026-09-13T15:47:59Z</time><speed>57.350</speed><sat>16</sat></trkpt>
  <trkpt lat="-33.52794000" lon="-70.53197500"><ele>1395.700</ele><time>2026-09-13T15:48:00Z</time><speed>57.084</speed><sat>16</sat></trkpt>
  <trkpt lat="-33.52745000" lon="-70.53176667"><ele>1391.700</ele><time>2026-09-13T15:48:01Z</time><speed>57.734</speed><sat>16</sat></trkpt>
  <trkpt lat="-33.52695833" lon="-70.53156333"><ele>1388.500</ele><time>2026-09-13T15:48:02Z</time><speed>57.695</speed><sat>16</sat></trkpt>
  <trkpt lat="-33.52647000" lon="-70.53136167"><ele>1385.400</ele><time>2026-09-13T15:48:03Z</time><speed>57.300</speed><sat>15</sat></trkpt>
  <trkpt lat="-33.52598833" lon="-70.53116000"><ele>1382.400</ele><time>2026-09-13T15:48:04Z</time><speed>56.000</speed><sat>14</sat></trkpt>
  <trkpt lat="-33.52550833" lon="-70.53098667"><ele>1395.200</ele><time>2026-09-13T15:48:05Z</time><speed>56.332</speed><sat>13</sat></trkpt>
  <trkpt lat="-33.52503167" lon="-70.53078000"><ele>1391.800</ele><time>2026-09-13T15:48:06Z</time><speed>56.605</speed><sat>14</sat></trkpt>
  <trkpt lat="-33.52455333" lon="-70.53057500"><ele>1387.300</ele><time>2026-09-13T15:48:07Z</time><speed>57.774</speed><sat>13</sat></trkpt>
  <trkpt lat="-33.52406833" lon="-70.53037333"><ele>1385.300</ele><time>2026-09-13T15:48:08Z</time><speed>56.317</speed><sat>12</sat></trkpt>
  <trkpt lat="-33.52359000" lon="-70.53017333"><ele>1382.800</ele><time>2026-09-13T15:48:09Z</time><speed>56.162</speed><sat>12</sat></trkpt>
  <trkpt lat="-33.52312000" lon="-70.52996667"><ele>1377.600</ele><time>2026-09-13T15:48:10Z</time><speed>55.619</speed><sat>13</sat></trkpt>
  <trkpt lat="-33.52263500" lon="-70.52975833"><ele>1372.100</ele><time>2026-09-13T15:48:11Z</time><speed>57.946</speed><sat>13</sat></trkpt>
  <trkpt lat="-33.52214000" lon="-70.52954667"><ele>1366.700</ele><time>2026-09-13T15:48:12Z</time><speed>58.038</speed><sat>14</sat></trkpt>
  <trkpt lat="-33.52164833" lon="-70.52933833"><ele>1361.100</ele><time>2026-09-13T15:48:13Z</time><speed>56.729</speed><sat>13</sat></trkpt>
  <trkpt lat="-33.52117333" lon="-70.52913167"><ele>1358.100</ele><time>2026-09-13T15:48:14Z</time><speed>55.812</speed><sat>13</sat></trkpt>
  <trkpt lat="-33.52069833" lon="-70.52892167"><ele>1353.600</ele><time>2026-09-13T15:48:15Z</time><speed>56.409</speed><sat>13</sat></trkpt>
  <trkpt lat="-33.52021833" lon="-70.52870333"><ele>1350.000</ele><time>2026-09-13T15:48:16Z</time><speed>57.555</speed><sat>12</sat></trkpt>
  <trkpt lat="-33.51973833" lon="-70.52848167"><ele>1344.100</ele><time>2026-09-13T15:48:17Z</time><speed>56.985</speed><sat>13</sat></trkpt>
  <trkpt lat="-33.51923667" lon="-70.52826167"><ele>1338.600</ele><time>2026-09-13T15:48:18Z</time><speed>60.303</speed><sat>13</sat></trkpt>
  <trkpt lat="-33.51873833" lon="-70.52804333"><ele>1335.300</ele><time>2026-09-13T15:48:19Z</time><speed>58.558</speed><sat>11</sat></trkpt>
  <trkpt lat="-33.51826167" lon="-70.52783167"><ele>1332.300</ele><time>2026-09-13T15:48:20Z</time><speed>56.237</speed><sat>11</sat></trkpt>
  <trkpt lat="-33.51778500" lon="-70.52762500"><ele>1331.000</ele><time>2026-09-13T15:48:21Z</time><speed>56.431</speed><sat>12</sat></trkpt>
  <trkpt lat="-33.51731667" lon="-70.52742333"><ele>1323.800</ele><time>2026-09-13T15:48:22Z</time><speed>56.066</speed><sat>13</sat></trkpt>
  <trkpt lat="-33.51684167" lon="-70.52722333"><ele>1317.800</ele><time>2026-09-13T15:48:23Z</time><speed>56.513</speed><sat>13</sat></trkpt>
  <trkpt lat="-33.51635333" lon="-70.52702167"><ele>1316.500</ele><time>2026-09-13T15:48:24Z</time><speed>57.610</speed><sat>13</sat></trkpt>
  <trkpt lat="-33.51588000" lon="-70.52681167"><ele>1319.500</ele><time>2026-09-13T15:48:25Z</time><speed>56.447</speed><sat>13</sat></trkpt>
  <trkpt lat="-33.51541000" lon="-70.52660167"><ele>1317.200</ele><time>2026-09-13T15:48:26Z</time><speed>55.629</speed><sat>12</sat></trkpt>
  <trkpt lat="-33.51494333" lon="-70.52638833"><ele>1317.500</ele><time>2026-09-13T15:48:27Z</time><speed>56.029</speed><sat>13</sat></trkpt>
  <trkpt lat="-33.51447667" lon="-70.52617333"><ele>1316.800</ele><time>2026-09-13T15:48:28Z</time><speed>55.682</speed><sat>13</sat></trkpt>
  <trkpt lat="-33.51401833" lon="-70.52596333"><ele>1317.200</ele><time>2026-09-13T15:48:29Z</time><speed>54.494</speed><sat>13</sat></trkpt>
  <trkpt lat="-33.51355333" lon="-70.52575333"><ele>1315.500</ele><time>2026-09-13T15:48:30Z</time><speed>55.516</speed><sat>13</sat></trkpt>
  <trkpt lat="-33.51308833" lon="-70.52553000"><ele>1313.100</ele><time>2026-09-13T15:48:31Z</time><speed>55.528</speed><sat>12</sat></trkpt>
  <trkpt lat="-33.51261333" lon="-70.52531333"><ele>1311.500</ele><time>2026-09-13T15:48:32Z</time><speed>56.722</speed><sat>13</sat></trkpt>
  <trkpt lat="-33.51213667" lon="-70.52510333"><ele>1309.100</ele><time>2026-09-13T15:48:33Z</time><speed>56.697</speed><sat>12</sat></trkpt>
  <trkpt lat="-33.51167333" lon="-70.52489333"><ele>1309.100</ele><time>2026-09-13T15:48:34Z</time><speed>55.156</speed><sat>13</sat></trkpt>
  <trkpt lat="-33.51121833" lon="-70.52468667"><ele>1309.000</ele><time>2026-09-13T15:48:35Z</time><speed>54.830</speed><sat>13</sat></trkpt>
  <trkpt lat="-33.51075333" lon="-70.52447333"><ele>1309.600</ele><time>2026-09-13T15:48:36Z</time><speed>56.539</speed><sat>13</sat></trkpt>
  <trkpt lat="-33.51027500" lon="-70.52426000"><ele>1306.400</ele><time>2026-09-13T15:48:37Z</time><speed>56.348</speed><sat>14</sat></trkpt>
  <trkpt lat="-33.50981000" lon="-70.52404833"><ele>1305.400</ele><time>2026-09-13T15:48:38Z</time><speed>55.137</speed><sat>14</sat></trkpt>
  <trkpt lat="-33.50934500" lon="-70.52383667"><ele>1303.200</ele><time>2026-09-13T15:48:39Z</time><speed>55.346</speed><sat>13</sat></trkpt>
  <trkpt lat="-33.50887667" lon="-70.52362333"><ele>1301.900</ele><time>2026-09-13T15:48:40Z</time><speed>56.149</speed><sat>13</sat></trkpt>
  <trkpt lat="-33.50843833" lon="-70.52341333"><ele>1307.300</ele><time>2026-09-13T15:48:41Z</time><speed>55.814</speed><sat>14</sat></trkpt>
  <trkpt lat="-33.50797000" lon="-70.52320167"><ele>1304.800</ele><time>2026-09-13T15:48:42Z</time><speed>55.221</speed><sat>14</sat></trkpt>
  <trkpt lat="-33.50752500" lon="-70.52300500"><ele>1303.000</ele><time>2026-09-13T15:48:43Z</time><speed>55.415</speed><sat>13</sat></trkpt>
  <trkpt lat="-33.50707500" lon="-70.52280833"><ele>1301.200</ele><time>2026-09-13T15:48:44Z</time><speed>55.438</speed><sat>13</sat></trkpt>
  <trkpt lat="-33.50661000" lon="-70.52261167"><ele>1298.800</ele><time>2026-09-13T15:48:45Z</time><speed>56.219</speed><sat>13</sat></trkpt>
  <trkpt lat="-33.50614500" lon="-70.52241500"><ele>1297.000</ele><time>2026-09-13T15:48:46Z</time><speed>54.721</speed><sat>13</sat></trkpt>
  <trkpt lat="-33.50568500" lon="-70.52222167"><ele>1296.300</ele><time>2026-09-13T15:48:47Z</time><speed>54.356</speed><sat>13</sat></trkpt>
  <trkpt lat="-33.50521833" lon="-70.52203500"><ele>1295.100</ele><time>2026-09-13T15:48:48Z</time><speed>54.960</speed><sat>13</sat></trkpt>
  <trkpt lat="-33.50474000" lon="-70.52185000"><ele>1290.400</ele><time>2026-09-13T15:48:49Z</time><speed>55.736</speed><sat>13</sat></trkpt>
  <trkpt lat="-33.50426000" lon="-70.52166500"><ele>1285.400</ele><time>2026-09-13T15:48:50Z</time><speed>55.569</speed><sat>13</sat></trkpt>
  <trkpt lat="-33.50378333" lon="-70.52148000"><ele>1282.500</ele><time>2026-09-13T15:48:51Z</time><speed>55.809</speed><sat>13</sat></trkpt>
  <trkpt lat="-33.50330667" lon="-70.52128833"><ele>1282.000</ele><time>2026-09-13T15:48:52Z</time><speed>56.121</speed><sat>13</sat></trkpt>
  <trkpt lat="-33.50282500" lon="-70.52109833"><ele>1280.300</ele><time>2026-09-13T15:48:53Z</time><speed>56.154</speed><sat>13</sat></trkpt>
  <trkpt lat="-33.50235000" lon="-70.52090833"><ele>1279.500</ele><time>2026-09-13T15:48:54Z</time><speed>54.790</speed><sat>13</sat></trkpt>
  <trkpt lat="-33.50187500" lon="-70.52072500"><ele>1279.200</ele><time>2026-09-13T15:48:55Z</time><speed>55.201</speed><sat>14</sat></trkpt>
  <trkpt lat="-33.50140333" lon="-70.52053667"><ele>1279.800</ele><time>2026-09-13T15:48:56Z</time><speed>55.194</speed><sat>14</sat></trkpt>
  <trkpt lat="-33.50093500" lon="-70.52035500"><ele>1278.500</ele><time>2026-09-13T15:48:57Z</time><speed>53.601</speed><sat>14</sat></trkpt>
  <trkpt lat="-33.50046000" lon="-70.52018000"><ele>1276.600</ele><time>2026-09-13T15:48:58Z</time><speed>54.601</speed><sat>15</sat></trkpt>
  <trkpt lat="-33.49998000" lon="-70.52001167"><ele>1274.100</ele><time>2026-09-13T15:48:59Z</time><speed>54.827</speed><sat>15</sat></trkpt>
  <trkpt lat="-33.49950167" lon="-70.51983833"><ele>1271.500</ele><time>2026-09-13T15:49:00Z</time><speed>54.827</speed><sat>15</sat></trkpt>
  <trkpt lat="-33.49901667" lon="-70.51966333"><ele>1268.900</ele><time>2026-09-13T15:49:01Z</time><speed>56.423</speed><sat>14</sat></trkpt>
  <trkpt lat="-33.49852167" lon="-70.51949500"><ele>1268.200</ele><time>2026-09-13T15:49:02Z</time><speed>56.962</speed><sat>14</sat></trkpt>
  <trkpt lat="-33.49803833" lon="-70.51931833"><ele>1266.300</ele><time>2026-09-13T15:49:03Z</time><speed>54.965</speed><sat>14</sat></trkpt>
  <trkpt lat="-33.49753167" lon="-70.51915500"><ele>1259.800</ele><time>2026-09-13T15:49:04Z</time><speed>56.105</speed><sat>14</sat></trkpt>
  <trkpt lat="-33.49701833" lon="-70.51901333"><ele>1249.200</ele><time>2026-09-13T15:49:05Z</time><speed>55.816</speed><sat>14</sat></trkpt>
  <trkpt lat="-33.49654000" lon="-70.51890167"><ele>1242.200</ele><time>2026-09-13T15:49:06Z</time><speed>52.927</speed><sat>10</sat></trkpt>
  <trkpt lat="-33.49605667" lon="-70.51880667"><ele>1241.000</ele><time>2026-09-13T15:49:07Z</time><speed>54.025</speed><sat>9</sat></trkpt>
  <trkpt lat="-33.49556500" lon="-70.51873667"><ele>1237.600</ele><time>2026-09-13T15:49:08Z</time><speed>54.207</speed><sat>9</sat></trkpt>
  <trkpt lat="-33.49507667" lon="-70.51867500"><ele>1233.800</ele><time>2026-09-13T15:49:09Z</time><speed>54.014</speed><sat>9</sat></trkpt>
  <trkpt lat="-33.49457833" lon="-70.51868333"><ele>1232.100</ele><time>2026-09-13T15:49:10Z</time><speed>55.448</speed><sat>10</sat></trkpt>
  <trkpt lat="-33.49407500" lon="-70.51872167"><ele>1233.700</ele><time>2026-09-13T15:49:11Z</time><speed>55.786</speed><sat>9</sat></trkpt>
  <trkpt lat="-33.49359000" lon="-70.51878333"><ele>1234.800</ele><time>2026-09-13T15:49:12Z</time><speed>52.835</speed><sat>9</sat></trkpt>
  <trkpt lat="-33.49312833" lon="-70.51888500"><ele>1237.000</ele><time>2026-09-13T15:49:13Z</time><speed>51.367</speed><sat>9</sat></trkpt>
  <trkpt lat="-33.49265500" lon="-70.51902667"><ele>1236.400</ele><time>2026-09-13T15:49:14Z</time><speed>54.917</speed><sat>8</sat></trkpt>
  <trkpt lat="-33.49217833" lon="-70.51919333"><ele>1236.100</ele><time>2026-09-13T15:49:15Z</time><speed>55.119</speed><sat>7</sat></trkpt>
  <trkpt lat="-33.49172167" lon="-70.51937667"><ele>1237.700</ele><time>2026-09-13T15:49:16Z</time><speed>53.194</speed><sat>7</sat></trkpt>
  <trkpt lat="-33.49127000" lon="-70.51956667"><ele>1236.500</ele><time>2026-09-13T15:49:17Z</time><speed>53.199</speed><sat>7</sat></trkpt>
  <trkpt lat="-33.49082000" lon="-70.51977167"><ele>1236.600</ele><time>2026-09-13T15:49:18Z</time><speed>53.322</speed><sat>7</sat></trkpt>
  <trkpt lat="-33.49036500" lon="-70.52001500"><ele>1247.000</ele><time>2026-09-13T15:49:19Z</time><speed>53.810</speed><sat>8</sat></trkpt>
  <trkpt lat="-33.48991167" lon="-70.52022500"><ele>1244.800</ele><time>2026-09-13T15:49:20Z</time><speed>53.410</speed><sat>9</sat></trkpt>
  <trkpt lat="-33.48947000" lon="-70.52044500"><ele>1244.700</ele><time>2026-09-13T15:49:21Z</time><speed>53.632</speed><sat>10</sat></trkpt>
  <trkpt lat="-33.48903333" lon="-70.52067000"><ele>1245.200</ele><time>2026-09-13T15:49:22Z</time><speed>52.634</speed><sat>8</sat></trkpt>
  <trkpt lat="-33.48858833" lon="-70.52090333"><ele>1244.600</ele><time>2026-09-13T15:49:23Z</time><speed>52.901</speed><sat>8</sat></trkpt>
  <trkpt lat="-33.48814333" lon="-70.52114000"><ele>1244.600</ele><time>2026-09-13T15:49:24Z</time><speed>53.489</speed><sat>9</sat></trkpt>
  <trkpt lat="-33.48768833" lon="-70.52135500"><ele>1243.900</ele><time>2026-09-13T15:49:25Z</time><speed>53.379</speed><sat>8</sat></trkpt>
  <trkpt lat="-33.48721500" lon="-70.52156500"><ele>1240.100</ele><time>2026-09-13T15:49:26Z</time><speed>55.043</speed><sat>8</sat></trkpt>
  <trkpt lat="-33.48672833" lon="-70.52178167"><ele>1237.000</ele><time>2026-09-13T15:49:27Z</time><speed>56.552</speed><sat>8</sat></trkpt>
  <trkpt lat="-33.48625167" lon="-70.52199667"><ele>1233.800</ele><time>2026-09-13T15:49:28Z</time><speed>55.494</speed><sat>9</sat></trkpt>
  <trkpt lat="-33.48579500" lon="-70.52222000"><ele>1230.800</ele><time>2026-09-13T15:49:29Z</time><speed>54.264</speed><sat>8</sat></trkpt>
  <trkpt lat="-33.48532167" lon="-70.52245333"><ele>1230.500</ele><time>2026-09-13T15:49:30Z</time><speed>57.486</speed><sat>8</sat></trkpt>
  <trkpt lat="-33.48484167" lon="-70.52270833"><ele>1226.100</ele><time>2026-09-13T15:49:31Z</time><speed>56.948</speed><sat>9</sat></trkpt>
  <trkpt lat="-33.48436667" lon="-70.52295333"><ele>1221.600</ele><time>2026-09-13T15:49:32Z</time><speed>56.620</speed><sat>9</sat></trkpt>
  <trkpt lat="-33.48388500" lon="-70.52315667"><ele>1213.500</ele><time>2026-09-13T15:49:33Z</time><speed>55.422</speed><sat>11</sat></trkpt>
  <trkpt lat="-33.48342500" lon="-70.52337833"><ele>1212.600</ele><time>2026-09-13T15:49:34Z</time><speed>55.398</speed><sat>11</sat></trkpt>
  <trkpt lat="-33.48291667" lon="-70.52351667"><ele>1187.200</ele><time>2026-09-13T15:49:35Z</time><speed>56.194</speed><sat>10</sat></trkpt>
  <trkpt lat="-33.48243833" lon="-70.52369000"><ele>1177.000</ele><time>2026-09-13T15:49:36Z</time><speed>54.520</speed><sat>12</sat></trkpt>
  <trkpt lat="-33.48196833" lon="-70.52384167"><ele>1154.900</ele><time>2026-09-13T15:49:37Z</time><speed>54.025</speed><sat>11</sat></trkpt>
  <trkpt lat="-33.48149833" lon="-70.52404833"><ele>1150.900</ele><time>2026-09-13T15:49:38Z</time><speed>55.751</speed><sat>11</sat></trkpt>
  <trkpt lat="-33.48103167" lon="-70.52427333"><ele>1146.600</ele><time>2026-09-13T15:49:39Z</time><speed>54.600</speed><sat>11</sat></trkpt>
  <trkpt lat="-33.48056333" lon="-70.52449667"><ele>1144.200</ele><time>2026-09-13T15:49:40Z</time><speed>54.883</speed><sat>11</sat></trkpt>
  <trkpt lat="-33.48011333" lon="-70.52471667"><ele>1142.000</ele><time>2026-09-13T15:49:41Z</time><speed>52.869</speed><sat>11</sat></trkpt>
  <trkpt lat="-33.47966833" lon="-70.52488167"><ele>1145.700</ele><time>2026-09-13T15:49:42Z</time><speed>51.957</speed><sat>10</sat></trkpt>
  <trkpt lat="-33.47921167" lon="-70.52505000"><ele>1144.900</ele><time>2026-09-13T15:49:43Z</time><speed>55.080</speed><sat>10</sat></trkpt>
  <trkpt lat="-33.47875000" lon="-70.52525667"><ele>1143.700</ele><time>2026-09-13T15:49:44Z</time><speed>54.463</speed><sat>10</sat></trkpt>
  <trkpt lat="-33.47830833" lon="-70.52546167"><ele>1143.900</ele><time>2026-09-13T15:49:45Z</time><speed>52.453</speed><sat>9</sat></trkpt>
  <trkpt lat="-33.47788500" lon="-70.52568500"><ele>1143.600</ele><time>2026-09-13T15:49:46Z</time><speed>52.038</speed><sat>8</sat></trkpt>
  <trkpt lat="-33.47746667" lon="-70.52592500"><ele>1144.500</ele><time>2026-09-13T15:49:47Z</time><speed>51.754</speed><sat>10</sat></trkpt>
  <trkpt lat="-33.47704333" lon="-70.52614667"><ele>1143.900</ele><time>2026-09-13T15:49:48Z</time><speed>51.771</speed><sat>10</sat></trkpt>
  <trkpt lat="-33.47661167" lon="-70.52636667"><ele>1144.200</ele><time>2026-09-13T15:49:49Z</time><speed>52.486</speed><sat>10</sat></trkpt>
  <trkpt lat="-33.47618667" lon="-70.52656667"><ele>1148.900</ele><time>2026-09-13T15:49:50Z</time><speed>51.126</speed><sat>10</sat></trkpt>
  <trkpt lat="-33.47574833" lon="-70.52676833"><ele>1148.000</ele><time>2026-09-13T15:49:51Z</time><speed>53.276</speed><sat>9</sat></trkpt>
  <trkpt lat="-33.47529167" lon="-70.52695833"><ele>1148.800</ele><time>2026-09-13T15:49:52Z</time><speed>54.385</speed><sat>8</sat></trkpt>
  <trkpt lat="-33.47483667" lon="-70.52714167"><ele>1150.100</ele><time>2026-09-13T15:49:53Z</time><speed>53.490</speed><sat>9</sat></trkpt>
  <trkpt lat="-33.47438333" lon="-70.52731333"><ele>1151.700</ele><time>2026-09-13T15:49:54Z</time><speed>52.595</speed><sat>11</sat></trkpt>
  <trkpt lat="-33.47392000" lon="-70.52746667"><ele>1153.100</ele><time>2026-09-13T15:49:55Z</time><speed>53.466</speed><sat>11</sat></trkpt>
  <trkpt lat="-33.47346667" lon="-70.52760500"><ele>1152.100</ele><time>2026-09-13T15:49:56Z</time><speed>51.631</speed><sat>10</sat></trkpt>
  <trkpt lat="-33.47301667" lon="-70.52773167"><ele>1158.800</ele><time>2026-09-13T15:49:57Z</time><speed>52.122</speed><sat>12</sat></trkpt>
  <trkpt lat="-33.47253667" lon="-70.52780500"><ele>1178.200</ele><time>2026-09-13T15:49:58Z</time><speed>52.027</speed><sat>13</sat></trkpt>
  <trkpt lat="-33.47206000" lon="-70.52789333"><ele>1184.300</ele><time>2026-09-13T15:49:59Z</time><speed>52.463</speed><sat>14</sat></trkpt>
  <trkpt lat="-33.47159667" lon="-70.52797500"><ele>1187.700</ele><time>2026-09-13T15:50:00Z</time><speed>50.768</speed><sat>14</sat></trkpt>
  <trkpt lat="-33.47114000" lon="-70.52805000"><ele>1186.400</ele><time>2026-09-13T15:50:01Z</time><speed>51.503</speed><sat>14</sat></trkpt>
  <trkpt lat="-33.47069500" lon="-70.52810333"><ele>1186.500</ele><time>2026-09-13T15:50:02Z</time><speed>49.590</speed><sat>15</sat></trkpt>
  <trkpt lat="-33.47024667" lon="-70.52815500"><ele>1184.300</ele><time>2026-09-13T15:50:03Z</time><speed>49.959</speed><sat>15</sat></trkpt>
  <trkpt lat="-33.46975333" lon="-70.52821333"><ele>1181.300</ele><time>2026-09-13T15:50:04Z</time><speed>51.708</speed><sat>15</sat></trkpt>
  <trkpt lat="-33.46930000" lon="-70.52824500"><ele>1178.300</ele><time>2026-09-13T15:50:05Z</time><speed>50.547</speed><sat>16</sat></trkpt>
  <trkpt lat="-33.46885000" lon="-70.52826333"><ele>1176.900</ele><time>2026-09-13T15:50:06Z</time><speed>49.287</speed><sat>16</sat></trkpt>
  <trkpt lat="-33.46841167" lon="-70.52827000"><ele>1176.700</ele><time>2026-09-13T15:50:07Z</time><speed>48.030</speed><sat>16</sat></trkpt>
  <trkpt lat="-33.46795333" lon="-70.52826500"><ele>1175.500</ele><time>2026-09-13T15:50:08Z</time><speed>50.000</speed><sat>15</sat></trkpt>
  <trkpt lat="-33.46748167" lon="-70.52824167"><ele>1172.900</ele><time>2026-09-13T15:50:09Z</time><speed>50.568</speed><sat>15</sat></trkpt>
  <trkpt lat="-33.46702667" lon="-70.52820667"><ele>1170.500</ele><time>2026-09-13T15:50:10Z</time><speed>49.903</speed><sat>14</sat></trkpt>
  <trkpt lat="-33.46656667" lon="-70.52817667"><ele>1170.100</ele><time>2026-09-13T15:50:11Z</time><speed>51.485</speed><sat>14</sat></trkpt>
  <trkpt lat="-33.46610333" lon="-70.52814833"><ele>1168.300</ele><time>2026-09-13T15:50:12Z</time><speed>51.176</speed><sat>13</sat></trkpt>
  <trkpt lat="-33.46563833" lon="-70.52811667"><ele>1165.300</ele><time>2026-09-13T15:50:13Z</time><speed>50.929</speed><sat>13</sat></trkpt>
  <trkpt lat="-33.46517333" lon="-70.52808167"><ele>1162.400</ele><time>2026-09-13T15:50:14Z</time><speed>51.370</speed><sat>13</sat></trkpt>
  <trkpt lat="-33.46471667" lon="-70.52804833"><ele>1158.100</ele><time>2026-09-13T15:50:15Z</time><speed>49.272</speed><sat>13</sat></trkpt>
  <trkpt lat="-33.46427333" lon="-70.52801167"><ele>1155.700</ele><time>2026-09-13T15:50:16Z</time><speed>49.366</speed><sat>12</sat></trkpt>
  <trkpt lat="-33.46383000" lon="-70.52797500"><ele>1153.900</ele><time>2026-09-13T15:50:17Z</time><speed>49.951</speed><sat>13</sat></trkpt>
  <trkpt lat="-33.46336833" lon="-70.52793000"><ele>1151.400</ele><time>2026-09-13T15:50:18Z</time><speed>52.169</speed><sat>14</sat></trkpt>
  <trkpt lat="-33.46291000" lon="-70.52787667"><ele>1148.900</ele><time>2026-09-13T15:50:19Z</time><speed>50.878</speed><sat>13</sat></trkpt>
  <trkpt lat="-33.46246500" lon="-70.52784167"><ele>1148.000</ele><time>2026-09-13T15:50:20Z</time><speed>49.894</speed><sat>13</sat></trkpt>
  <trkpt lat="-33.46201333" lon="-70.52779833"><ele>1145.900</ele><time>2026-09-13T15:50:21Z</time><speed>50.316</speed><sat>13</sat></trkpt>
  <trkpt lat="-33.46155333" lon="-70.52774667"><ele>1144.000</ele><time>2026-09-13T15:50:22Z</time><speed>51.915</speed><sat>13</sat></trkpt>
  <trkpt lat="-33.46108333" lon="-70.52769000"><ele>1143.000</ele><time>2026-09-13T15:50:23Z</time><speed>53.061</speed><sat>13</sat></trkpt>
  <trkpt lat="-33.46060833" lon="-70.52763167"><ele>1143.600</ele><time>2026-09-13T15:50:24Z</time><speed>52.837</speed><sat>13</sat></trkpt>
  <trkpt lat="-33.46012833" lon="-70.52757333"><ele>1144.800</ele><time>2026-09-13T15:50:25Z</time><speed>53.553</speed><sat>13</sat></trkpt>
  <trkpt lat="-33.45965500" lon="-70.52749833"><ele>1145.600</ele><time>2026-09-13T15:50:26Z</time><speed>53.114</speed><sat>15</sat></trkpt>
  <trkpt lat="-33.45918833" lon="-70.52742333"><ele>1149.100</ele><time>2026-09-13T15:50:27Z</time><speed>53.079</speed><sat>16</sat></trkpt>
  <trkpt lat="-33.45872667" lon="-70.52735333"><ele>1154.700</ele><time>2026-09-13T15:50:28Z</time><speed>53.550</speed><sat>15</sat></trkpt>
  <trkpt lat="-33.45826000" lon="-70.52726667"><ele>1155.900</ele><time>2026-09-13T15:50:29Z</time><speed>51.793</speed><sat>15</sat></trkpt>
  <trkpt lat="-33.45781000" lon="-70.52720000"><ele>1163.400</ele><time>2026-09-13T15:50:30Z</time><speed>52.003</speed><sat>13</sat></trkpt>
  <trkpt lat="-33.45735333" lon="-70.52712833"><ele>1168.900</ele><time>2026-09-13T15:50:31Z</time><speed>52.149</speed><sat>13</sat></trkpt>
  <trkpt lat="-33.45689167" lon="-70.52704667"><ele>1171.100</ele><time>2026-09-13T15:50:32Z</time><speed>52.048</speed><sat>15</sat></trkpt>
  <trkpt lat="-33.45640167" lon="-70.52696167"><ele>1171.000</ele><time>2026-09-13T15:50:33Z</time><speed>54.085</speed><sat>13</sat></trkpt>
  <trkpt lat="-33.45590667" lon="-70.52688667"><ele>1171.000</ele><time>2026-09-13T15:50:34Z</time><speed>54.109</speed><sat>13</sat></trkpt>
  <trkpt lat="-33.45542167" lon="-70.52682333"><ele>1172.600</ele><time>2026-09-13T15:50:35Z</time><speed>53.579</speed><sat>16</sat></trkpt>
  <trkpt lat="-33.45493500" lon="-70.52676667"><ele>1175.100</ele><time>2026-09-13T15:50:36Z</time><speed>54.463</speed><sat>17</sat></trkpt>
  <trkpt lat="-33.45445167" lon="-70.52671667"><ele>1177.000</ele><time>2026-09-13T15:50:37Z</time><speed>53.281</speed><sat>17</sat></trkpt>
  <trkpt lat="-33.45397333" lon="-70.52666500"><ele>1179.500</ele><time>2026-09-13T15:50:38Z</time><speed>53.657</speed><sat>17</sat></trkpt>
  <trkpt lat="-33.45349000" lon="-70.52659500"><ele>1181.600</ele><time>2026-09-13T15:50:39Z</time><speed>53.972</speed><sat>17</sat></trkpt>
  <trkpt lat="-33.45300667" lon="-70.52650833"><ele>1185.000</ele><time>2026-09-13T15:50:40Z</time><speed>54.615</speed><sat>17</sat></trkpt>
  <trkpt lat="-33.45253500" lon="-70.52641667"><ele>1189.400</ele><time>2026-09-13T15:50:41Z</time><speed>53.076</speed><sat>17</sat></trkpt>
  <trkpt lat="-33.45207667" lon="-70.52631000"><ele>1179.500</ele><time>2026-09-13T15:50:42Z</time><speed>52.415</speed><sat>15</sat></trkpt>
  <trkpt lat="-33.45161000" lon="-70.52620167"><ele>1178.700</ele><time>2026-09-13T15:50:43Z</time><speed>53.287</speed><sat>15</sat></trkpt>
  <trkpt lat="-33.45114333" lon="-70.52609833"><ele>1181.000</ele><time>2026-09-13T15:50:44Z</time><speed>53.314</speed><sat>15</sat></trkpt>
  <trkpt lat="-33.45066667" lon="-70.52599000"><ele>1182.500</ele><time>2026-09-13T15:50:45Z</time><speed>53.903</speed><sat>15</sat></trkpt>
  <trkpt lat="-33.45019500" lon="-70.52587667"><ele>1185.200</ele><time>2026-09-13T15:50:46Z</time><speed>53.287</speed><sat>15</sat></trkpt>
  <trkpt lat="-33.44972333" lon="-70.52576000"><ele>1188.300</ele><time>2026-09-13T15:50:47Z</time><speed>53.595</speed><sat>15</sat></trkpt>
  <trkpt lat="-33.44926333" lon="-70.52564000"><ele>1190.900</ele><time>2026-09-13T15:50:48Z</time><speed>51.423</speed><sat>17</sat></trkpt>
  <trkpt lat="-33.44880500" lon="-70.52552000"><ele>1193.600</ele><time>2026-09-13T15:50:49Z</time><speed>51.675</speed><sat>17</sat></trkpt>
  <trkpt lat="-33.44835333" lon="-70.52539500"><ele>1201.100</ele><time>2026-09-13T15:50:50Z</time><speed>50.275</speed><sat>18</sat></trkpt>
  <trkpt lat="-33.44791333" lon="-70.52526500"><ele>1207.000</ele><time>2026-09-13T15:50:51Z</time><speed>50.729</speed><sat>16</sat></trkpt>
  <trkpt lat="-33.44747167" lon="-70.52513500"><ele>1210.500</ele><time>2026-09-13T15:50:52Z</time><speed>50.500</speed><sat>12</sat></trkpt>
  <trkpt lat="-33.44702500" lon="-70.52500667"><ele>1213.200</ele><time>2026-09-13T15:50:53Z</time><speed>50.408</speed><sat>14</sat></trkpt>
  <trkpt lat="-33.44658167" lon="-70.52488667"><ele>1215.400</ele><time>2026-09-13T15:50:54Z</time><speed>50.073</speed><sat>12</sat></trkpt>
  <trkpt lat="-33.44612500" lon="-70.52476333"><ele>1217.400</ele><time>2026-09-13T15:50:55Z</time><speed>51.257</speed><sat>13</sat></trkpt>
  <trkpt lat="-33.44567333" lon="-70.52463667"><ele>1219.300</ele><time>2026-09-13T15:50:56Z</time><speed>50.697</speed><sat>13</sat></trkpt>
  <trkpt lat="-33.44522000" lon="-70.52451333"><ele>1219.100</ele><time>2026-09-13T15:50:57Z</time><speed>52.019</speed><sat>14</sat></trkpt>
  <trkpt lat="-33.44477167" lon="-70.52439500"><ele>1210.100</ele><time>2026-09-13T15:50:58Z</time><speed>52.001</speed><sat>14</sat></trkpt>
  <trkpt lat="-33.44436333" lon="-70.52429167"><ele>1210.600</ele><time>2026-09-13T15:50:59Z</time><speed>52.157</speed><sat>15</sat></trkpt>
  <trkpt lat="-33.44390000" lon="-70.52418500"><ele>1208.500</ele><time>2026-09-13T15:51:00Z</time><speed>53.336</speed><sat>13</sat></trkpt>
  <trkpt lat="-33.44343333" lon="-70.52409500"><ele>1208.000</ele><time>2026-09-13T15:51:01Z</time><speed>52.826</speed><sat>13</sat></trkpt>
  <trkpt lat="-33.44296500" lon="-70.52401667"><ele>1210.400</ele><time>2026-09-13T15:51:02Z</time><speed>52.728</speed><sat>12</sat></trkpt>
  <trkpt lat="-33.44250333" lon="-70.52394167"><ele>1214.900</ele><time>2026-09-13T15:51:03Z</time><speed>51.327</speed><sat>13</sat></trkpt>
  <trkpt lat="-33.44203833" lon="-70.52386333"><ele>1217.000</ele><time>2026-09-13T15:51:04Z</time><speed>51.641</speed><sat>14</sat></trkpt>
  <trkpt lat="-33.44157167" lon="-70.52378000"><ele>1217.400</ele><time>2026-09-13T15:51:05Z</time><speed>52.302</speed><sat>13</sat></trkpt>
  <trkpt lat="-33.44110000" lon="-70.52370667"><ele>1217.400</ele><time>2026-09-13T15:51:06Z</time><speed>52.307</speed><sat>10</sat></trkpt>
  <trkpt lat="-33.44063167" lon="-70.52367500"><ele>1223.600</ele><time>2026-09-13T15:51:07Z</time><speed>52.968</speed><sat>9</sat></trkpt>
  <trkpt lat="-33.44014500" lon="-70.52363667"><ele>1226.700</ele><time>2026-09-13T15:51:08Z</time><speed>54.924</speed><sat>8</sat></trkpt>
  <trkpt lat="-33.43967833" lon="-70.52357167"><ele>1232.200</ele><time>2026-09-13T15:51:09Z</time><speed>54.129</speed><sat>8</sat></trkpt>
  <trkpt lat="-33.43921000" lon="-70.52348333"><ele>1231.100</ele><time>2026-09-13T15:51:10Z</time><speed>51.938</speed><sat>9</sat></trkpt>
  <trkpt lat="-33.43875500" lon="-70.52339667"><ele>1228.700</ele><time>2026-09-13T15:51:11Z</time><speed>49.549</speed><sat>8</sat></trkpt>
  <trkpt lat="-33.43829500" lon="-70.52333833"><ele>1230.900</ele><time>2026-09-13T15:51:12Z</time><speed>51.102</speed><sat>8</sat></trkpt>
  <trkpt lat="-33.43779667" lon="-70.52328833"><ele>1227.600</ele><time>2026-09-13T15:51:13Z</time><speed>52.148</speed><sat>8</sat></trkpt>
  <trkpt lat="-33.43733500" lon="-70.52321167"><ele>1227.900</ele><time>2026-09-13T15:51:14Z</time><speed>52.623</speed><sat>9</sat></trkpt>
  <trkpt lat="-33.43690667" lon="-70.52314167"><ele>1236.500</ele><time>2026-09-13T15:51:15Z</time><speed>52.250</speed><sat>9</sat></trkpt>
  <trkpt lat="-33.43647167" lon="-70.52305667"><ele>1239.700</ele><time>2026-09-13T15:51:16Z</time><speed>51.170</speed><sat>9</sat></trkpt>
  <trkpt lat="-33.43602000" lon="-70.52298000"><ele>1242.300</ele><time>2026-09-13T15:51:17Z</time><speed>51.279</speed><sat>8</sat></trkpt>
  <trkpt lat="-33.43557500" lon="-70.52290500"><ele>1245.400</ele><time>2026-09-13T15:51:18Z</time><speed>50.777</speed><sat>8</sat></trkpt>
  <trkpt lat="-33.43513000" lon="-70.52284333"><ele>1248.200</ele><time>2026-09-13T15:51:19Z</time><speed>49.939</speed><sat>8</sat></trkpt>
  <trkpt lat="-33.43467833" lon="-70.52279333"><ele>1251.900</ele><time>2026-09-13T15:51:20Z</time><speed>50.182</speed><sat>9</sat></trkpt>
  <trkpt lat="-33.43422500" lon="-70.52274167"><ele>1254.200</ele><time>2026-09-13T15:51:21Z</time><speed>50.175</speed><sat>10</sat></trkpt>
  <trkpt lat="-33.43376667" lon="-70.52268667"><ele>1253.700</ele><time>2026-09-13T15:51:22Z</time><speed>49.737</speed><sat>10</sat></trkpt>
  <trkpt lat="-33.43330833" lon="-70.52265000"><ele>1255.800</ele><time>2026-09-13T15:51:23Z</time><speed>50.117</speed><sat>10</sat></trkpt>
  <trkpt lat="-33.43286667" lon="-70.52261500"><ele>1257.600</ele><time>2026-09-13T15:51:24Z</time><speed>50.586</speed><sat>10</sat></trkpt>
  <trkpt lat="-33.43240500" lon="-70.52258000"><ele>1258.300</ele><time>2026-09-13T15:51:25Z</time><speed>50.439</speed><sat>9</sat></trkpt>
  <trkpt lat="-33.43195833" lon="-70.52254833"><ele>1256.600</ele><time>2026-09-13T15:51:26Z</time><speed>48.962</speed><sat>9</sat></trkpt>
  <trkpt lat="-33.43151500" lon="-70.52252000"><ele>1256.100</ele><time>2026-09-13T15:51:27Z</time><speed>50.443</speed><sat>10</sat></trkpt>
  <trkpt lat="-33.43107167" lon="-70.52249500"><ele>1256.100</ele><time>2026-09-13T15:51:28Z</time><speed>50.006</speed><sat>11</sat></trkpt>
  <trkpt lat="-33.43062833" lon="-70.52247667"><ele>1255.700</ele><time>2026-09-13T15:51:29Z</time><speed>49.869</speed><sat>12</sat></trkpt>
  <trkpt lat="-33.43018000" lon="-70.52246500"><ele>1254.600</ele><time>2026-09-13T15:51:30Z</time><speed>49.628</speed><sat>12</sat></trkpt>
  <trkpt lat="-33.42972833" lon="-70.52245667"><ele>1251.600</ele><time>2026-09-13T15:51:31Z</time><speed>50.204</speed><sat>12</sat></trkpt>
  <trkpt lat="-33.42926833" lon="-70.52244833"><ele>1249.100</ele><time>2026-09-13T15:51:32Z</time><speed>51.711</speed><sat>12</sat></trkpt>
  <trkpt lat="-33.42881000" lon="-70.52243667"><ele>1247.000</ele><time>2026-09-13T15:51:33Z</time><speed>51.151</speed><sat>11</sat></trkpt>
  <trkpt lat="-33.42835000" lon="-70.52241333"><ele>1244.800</ele><time>2026-09-13T15:51:34Z</time><speed>51.666</speed><sat>11</sat></trkpt>
  <trkpt lat="-33.42789667" lon="-70.52238667"><ele>1243.900</ele><time>2026-09-13T15:51:35Z</time><speed>50.723</speed><sat>10</sat></trkpt>
  <trkpt lat="-33.42743833" lon="-70.52237000"><ele>1241.700</ele><time>2026-09-13T15:51:36Z</time><speed>50.685</speed><sat>10</sat></trkpt>
  <trkpt lat="-33.42696667" lon="-70.52234667"><ele>1239.600</ele><time>2026-09-13T15:51:37Z</time><speed>52.005</speed><sat>10</sat></trkpt>
  <trkpt lat="-33.42649833" lon="-70.52233167"><ele>1239.100</ele><time>2026-09-13T15:51:38Z</time><speed>51.095</speed><sat>10</sat></trkpt>
  <trkpt lat="-33.42604333" lon="-70.52232167"><ele>1236.200</ele><time>2026-09-13T15:51:39Z</time><speed>50.363</speed><sat>10</sat></trkpt>
  <trkpt lat="-33.42557833" lon="-70.52232500"><ele>1235.900</ele><time>2026-09-13T15:51:40Z</time><speed>51.246</speed><sat>10</sat></trkpt>
  <trkpt lat="-33.42512000" lon="-70.52232833"><ele>1233.100</ele><time>2026-09-13T15:51:41Z</time><speed>49.916</speed><sat>10</sat></trkpt>
  <trkpt lat="-33.42465667" lon="-70.52229333"><ele>1217.500</ele><time>2026-09-13T15:51:42Z</time><speed>50.196</speed><sat>11</sat></trkpt>
  <trkpt lat="-33.42420500" lon="-70.52229000"><ele>1213.400</ele><time>2026-09-13T15:51:43Z</time><speed>50.466</speed><sat>11</sat></trkpt>
  <trkpt lat="-33.42376167" lon="-70.52229333"><ele>1210.900</ele><time>2026-09-13T15:51:44Z</time><speed>48.802</speed><sat>10</sat></trkpt>
  <trkpt lat="-33.42332333" lon="-70.52229000"><ele>1205.600</ele><time>2026-09-13T15:51:45Z</time><speed>48.381</speed><sat>10</sat></trkpt>
  <trkpt lat="-33.42293500" lon="-70.52231833"><ele>1203.600</ele><time>2026-09-13T15:51:46Z</time><speed>47.276</speed><sat>11</sat></trkpt>
  <trkpt lat="-33.42251167" lon="-70.52233500"><ele>1200.600</ele><time>2026-09-13T15:51:47Z</time><speed>47.786</speed><sat>11</sat></trkpt>
  <trkpt lat="-33.42208333" lon="-70.52236167"><ele>1197.900</ele><time>2026-09-13T15:51:48Z</time><speed>47.913</speed><sat>11</sat></trkpt>
  <trkpt lat="-33.42168500" lon="-70.52238833"><ele>1202.100</ele><time>2026-09-13T15:51:49Z</time><speed>44.186</speed><sat>11</sat></trkpt>
  <trkpt lat="-33.42128167" lon="-70.52241167"><ele>1204.600</ele><time>2026-09-13T15:51:50Z</time><speed>46.946</speed><sat>11</sat></trkpt>
  <trkpt lat="-33.42085500" lon="-70.52243167"><ele>1202.800</ele><time>2026-09-13T15:51:51Z</time><speed>47.942</speed><sat>11</sat></trkpt>
  <trkpt lat="-33.42042167" lon="-70.52245667"><ele>1199.600</ele><time>2026-09-13T15:51:52Z</time><speed>47.659</speed><sat>9</sat></trkpt>
  <trkpt lat="-33.41999333" lon="-70.52250500"><ele>1196.100</ele><time>2026-09-13T15:51:53Z</time><speed>47.211</speed><sat>9</sat></trkpt>
  <trkpt lat="-33.41956667" lon="-70.52252833"><ele>1188.500</ele><time>2026-09-13T15:51:54Z</time><speed>46.045</speed><sat>10</sat></trkpt>
  <trkpt lat="-33.41915167" lon="-70.52257000"><ele>1188.500</ele><time>2026-09-13T15:51:55Z</time><speed>47.324</speed><sat>10</sat></trkpt>
  <trkpt lat="-33.41872667" lon="-70.52262000"><ele>1187.600</ele><time>2026-09-13T15:51:56Z</time><speed>48.163</speed><sat>10</sat></trkpt>
  <trkpt lat="-33.41828000" lon="-70.52266500"><ele>1182.300</ele><time>2026-09-13T15:51:57Z</time><speed>48.863</speed><sat>10</sat></trkpt>
  <trkpt lat="-33.41784167" lon="-70.52271500"><ele>1178.000</ele><time>2026-09-13T15:51:58Z</time><speed>47.562</speed><sat>10</sat></trkpt>
  <trkpt lat="-33.41741833" lon="-70.52281833"><ele>1175.900</ele><time>2026-09-13T15:51:59Z</time><speed>47.457</speed><sat>9</sat></trkpt>
  <trkpt lat="-33.41700167" lon="-70.52293167"><ele>1171.500</ele><time>2026-09-13T15:52:00Z</time><speed>46.837</speed><sat>9</sat></trkpt>
  <trkpt lat="-33.41655833" lon="-70.52303167"><ele>1156.900</ele><time>2026-09-13T15:52:01Z</time><speed>49.093</speed><sat>9</sat></trkpt>
  <trkpt lat="-33.41612667" lon="-70.52314333"><ele>1141.900</ele><time>2026-09-13T15:52:02Z</time><speed>47.858</speed><sat>9</sat></trkpt>
  <trkpt lat="-33.41571833" lon="-70.52329667"><ele>1135.500</ele><time>2026-09-13T15:52:03Z</time><speed>47.276</speed><sat>10</sat></trkpt>
  <trkpt lat="-33.41532333" lon="-70.52346500"><ele>1130.600</ele><time>2026-09-13T15:52:04Z</time><speed>46.583</speed><sat>10</sat></trkpt>
  <trkpt lat="-33.41495667" lon="-70.52369833"><ele>1136.300</ele><time>2026-09-13T15:52:05Z</time><speed>45.540</speed><sat>10</sat></trkpt>
  <trkpt lat="-33.41456667" lon="-70.52396667"><ele>1136.000</ele><time>2026-09-13T15:52:06Z</time><speed>48.812</speed><sat>10</sat></trkpt>
  <trkpt lat="-33.41419500" lon="-70.52425167"><ele>1132.500</ele><time>2026-09-13T15:52:07Z</time><speed>49.423</speed><sat>11</sat></trkpt>
  <trkpt lat="-33.41384667" lon="-70.52455333"><ele>1129.400</ele><time>2026-09-13T15:52:08Z</time><speed>48.261</speed><sat>10</sat></trkpt>
  <trkpt lat="-33.41351833" lon="-70.52485667"><ele>1126.600</ele><time>2026-09-13T15:52:09Z</time><speed>47.513</speed><sat>9</sat></trkpt>
  <trkpt lat="-33.41321167" lon="-70.52518667"><ele>1124.900</ele><time>2026-09-13T15:52:10Z</time><speed>47.145</speed><sat>8</sat></trkpt>
  <trkpt lat="-33.41294833" lon="-70.52551833"><ele>1121.600</ele><time>2026-09-13T15:52:11Z</time><speed>43.505</speed><sat>10</sat></trkpt>
  <trkpt lat="-33.41271500" lon="-70.52584167"><ele>1116.000</ele><time>2026-09-13T15:52:12Z</time><speed>41.818</speed><sat>11</sat></trkpt>
  <trkpt lat="-33.41251667" lon="-70.52615000"><ele>1110.200</ele><time>2026-09-13T15:52:13Z</time><speed>40.039</speed><sat>11</sat></trkpt>
  <trkpt lat="-33.41235833" lon="-70.52651833"><ele>1112.600</ele><time>2026-09-13T15:52:14Z</time><speed>39.878</speed><sat>11</sat></trkpt>
  <trkpt lat="-33.41217833" lon="-70.52686333"><ele>1106.000</ele><time>2026-09-13T15:52:15Z</time><speed>38.783</speed><sat>13</sat></trkpt>
  <trkpt lat="-33.41201833" lon="-70.52721667"><ele>1099.600</ele><time>2026-09-13T15:52:16Z</time><speed>38.270</speed><sat>11</sat></trkpt>
  <trkpt lat="-33.41187500" lon="-70.52758000"><ele>1094.100</ele><time>2026-09-13T15:52:17Z</time><speed>39.178</speed><sat>11</sat></trkpt>
  <trkpt lat="-33.41173167" lon="-70.52796667"><ele>1090.100</ele><time>2026-09-13T15:52:18Z</time><speed>39.893</speed><sat>11</sat></trkpt>
  <trkpt lat="-33.41160167" lon="-70.52836000"><ele>1087.000</ele><time>2026-09-13T15:52:19Z</time><speed>39.197</speed><sat>11</sat></trkpt>
  <trkpt lat="-33.41148500" lon="-70.52875833"><ele>1083.900</ele><time>2026-09-13T15:52:20Z</time><speed>39.167</speed><sat>11</sat></trkpt>
  <trkpt lat="-33.41138333" lon="-70.52916500"><ele>1080.900</ele><time>2026-09-13T15:52:21Z</time><speed>39.744</speed><sat>11</sat></trkpt>
  <trkpt lat="-33.41129167" lon="-70.52956333"><ele>1076.800</ele><time>2026-09-13T15:52:22Z</time><speed>39.716</speed><sat>11</sat></trkpt>
  <trkpt lat="-33.41122500" lon="-70.52998833"><ele>1075.600</ele><time>2026-09-13T15:52:23Z</time><speed>40.772</speed><sat>11</sat></trkpt>
  <trkpt lat="-33.41117500" lon="-70.53040000"><ele>1071.300</ele><time>2026-09-13T15:52:24Z</time><speed>39.754</speed><sat>10</sat></trkpt>
  <trkpt lat="-33.41116167" lon="-70.53081333"><ele>1068.900</ele><time>2026-09-13T15:52:25Z</time><speed>39.450</speed><sat>10</sat></trkpt>
  <trkpt lat="-33.41115833" lon="-70.53121333"><ele>1066.000</ele><time>2026-09-13T15:52:26Z</time><speed>37.657</speed><sat>10</sat></trkpt>
  <trkpt lat="-33.41118000" lon="-70.53161333"><ele>1063.500</ele><time>2026-09-13T15:52:27Z</time><speed>37.309</speed><sat>9</sat></trkpt>
  <trkpt lat="-33.41122333" lon="-70.53200833"><ele>1060.800</ele><time>2026-09-13T15:52:28Z</time><speed>37.026</speed><sat>10</sat></trkpt>
  <trkpt lat="-33.41129333" lon="-70.53239333"><ele>1058.500</ele><time>2026-09-13T15:52:29Z</time><speed>36.314</speed><sat>8</sat></trkpt>
  <trkpt lat="-33.41137833" lon="-70.53275500"><ele>1053.800</ele><time>2026-09-13T15:52:30Z</time><speed>34.813</speed><sat>8</sat></trkpt>
  <trkpt lat="-33.41147500" lon="-70.53310833"><ele>1048.700</ele><time>2026-09-13T15:52:31Z</time><speed>34.262</speed><sat>8</sat></trkpt>
  <trkpt lat="-33.41160000" lon="-70.53346500"><ele>1042.600</ele><time>2026-09-13T15:52:32Z</time><speed>34.024</speed><sat>10</sat></trkpt>
  <trkpt lat="-33.41174167" lon="-70.53379000"><ele>1039.400</ele><time>2026-09-13T15:52:33Z</time><speed>34.316</speed><sat>11</sat></trkpt>
  <trkpt lat="-33.41191333" lon="-70.53410667"><ele>1037.200</ele><time>2026-09-13T15:52:34Z</time><speed>34.670</speed><sat>11</sat></trkpt>
  <trkpt lat="-33.41210167" lon="-70.53442500"><ele>1034.500</ele><time>2026-09-13T15:52:35Z</time><speed>35.855</speed><sat>12</sat></trkpt>
  <trkpt lat="-33.41230000" lon="-70.53473833"><ele>1031.700</ele><time>2026-09-13T15:52:36Z</time><speed>36.445</speed><sat>12</sat></trkpt>
  <trkpt lat="-33.41254667" lon="-70.53501500"><ele>1033.300</ele><time>2026-09-13T15:52:37Z</time><speed>36.461</speed><sat>10</sat></trkpt>
  <trkpt lat="-33.41280000" lon="-70.53529000"><ele>1034.000</ele><time>2026-09-13T15:52:38Z</time><speed>38.294</speed><sat>11</sat></trkpt>
  <trkpt lat="-33.41306667" lon="-70.53553000"><ele>1037.300</ele><time>2026-09-13T15:52:39Z</time><speed>36.040</speed><sat>11</sat></trkpt>
  <trkpt lat="-33.41333833" lon="-70.53568333"><ele>1062.200</ele><time>2026-09-13T15:52:40Z</time><speed>34.809</speed><sat>10</sat></trkpt>
  <trkpt lat="-33.41360667" lon="-70.53581500"><ele>1054.500</ele><time>2026-09-13T15:52:41Z</time><speed>33.304</speed><sat>8</sat></trkpt>
  <trkpt lat="-33.41388500" lon="-70.53589333"><ele>1051.800</ele><time>2026-09-13T15:52:42Z</time><speed>31.964</speed><sat>9</sat></trkpt>
  <trkpt lat="-33.41417000" lon="-70.53597333"><ele>1049.500</ele><time>2026-09-13T15:52:43Z</time><speed>32.949</speed><sat>12</sat></trkpt>
  <trkpt lat="-33.41445833" lon="-70.53604833"><ele>1048.300</ele><time>2026-09-13T15:52:44Z</time><speed>33.135</speed><sat>12</sat></trkpt>
  <trkpt lat="-33.41475333" lon="-70.53611833"><ele>1046.600</ele><time>2026-09-13T15:52:45Z</time><speed>33.808</speed><sat>11</sat></trkpt>
  <trkpt lat="-33.41505500" lon="-70.53618333"><ele>1044.600</ele><time>2026-09-13T15:52:46Z</time><speed>33.773</speed><sat>12</sat></trkpt>
  <trkpt lat="-33.41535667" lon="-70.53625333"><ele>1040.700</ele><time>2026-09-13T15:52:47Z</time><speed>33.743</speed><sat>12</sat></trkpt>
  <trkpt lat="-33.41565500" lon="-70.53632667"><ele>1035.600</ele><time>2026-09-13T15:52:48Z</time><speed>33.900</speed><sat>12</sat></trkpt>
  <trkpt lat="-33.41595333" lon="-70.53639667"><ele>1031.100</ele><time>2026-09-13T15:52:49Z</time><speed>33.875</speed><sat>12</sat></trkpt>
  <trkpt lat="-33.41626000" lon="-70.53647500"><ele>1025.300</ele><time>2026-09-13T15:52:50Z</time><speed>35.093</speed><sat>12</sat></trkpt>
  <trkpt lat="-33.41656167" lon="-70.53656333"><ele>1018.700</ele><time>2026-09-13T15:52:51Z</time><speed>33.967</speed><sat>12</sat></trkpt>
  <trkpt lat="-33.41686167" lon="-70.53666833"><ele>1004.600</ele><time>2026-09-13T15:52:52Z</time><speed>34.521</speed><sat>14</sat></trkpt>
  <trkpt lat="-33.41717500" lon="-70.53674333"><ele>1000.700</ele><time>2026-09-13T15:52:53Z</time><speed>33.863</speed><sat>15</sat></trkpt>
  <trkpt lat="-33.41748000" lon="-70.53681500"><ele>996.600</ele><time>2026-09-13T15:52:54Z</time><speed>34.317</speed><sat>14</sat></trkpt>
  <trkpt lat="-33.41778000" lon="-70.53688500"><ele>992.800</ele><time>2026-09-13T15:52:55Z</time><speed>33.106</speed><sat>14</sat></trkpt>
  <trkpt lat="-33.41808167" lon="-70.53694333"><ele>995.800</ele><time>2026-09-13T15:52:56Z</time><speed>33.492</speed><sat>14</sat></trkpt>
  <trkpt lat="-33.41837833" lon="-70.53700833"><ele>997.100</ele><time>2026-09-13T15:52:57Z</time><speed>32.986</speed><sat>14</sat></trkpt>
  <trkpt lat="-33.41866333" lon="-70.53706167"><ele>994.000</ele><time>2026-09-13T15:52:58Z</time><speed>31.631</speed><sat>14</sat></trkpt>
  <trkpt lat="-33.41895167" lon="-70.53712500"><ele>987.600</ele><time>2026-09-13T15:52:59Z</time><speed>32.473</speed><sat>14</sat></trkpt>
  <trkpt lat="-33.41923667" lon="-70.53718833"><ele>983.800</ele><time>2026-09-13T15:53:00Z</time><speed>32.444</speed><sat>14</sat></trkpt>
  <trkpt lat="-33.41951500" lon="-70.53725000"><ele>980.700</ele><time>2026-09-13T15:53:01Z</time><speed>31.702</speed><sat>13</sat></trkpt>
  <trkpt lat="-33.41978333" lon="-70.53730167"><ele>977.300</ele><time>2026-09-13T15:53:02Z</time><speed>31.731</speed><sat>13</sat></trkpt>
  <trkpt lat="-33.42005167" lon="-70.53737000"><ele>975.200</ele><time>2026-09-13T15:53:03Z</time><speed>31.124</speed><sat>13</sat></trkpt>
  <trkpt lat="-33.42031000" lon="-70.53742500"><ele>977.300</ele><time>2026-09-13T15:53:04Z</time><speed>30.378</speed><sat>14</sat></trkpt>
  <trkpt lat="-33.42058167" lon="-70.53750500"><ele>973.400</ele><time>2026-09-13T15:53:05Z</time><speed>30.239</speed><sat>15</sat></trkpt>
  <trkpt lat="-33.42085000" lon="-70.53758333"><ele>970.000</ele><time>2026-09-13T15:53:06Z</time><speed>30.607</speed><sat>17</sat></trkpt>
  <trkpt lat="-33.42112000" lon="-70.53766167"><ele>966.500</ele><time>2026-09-13T15:53:07Z</time><speed>30.576</speed><sat>17</sat></trkpt>
  <trkpt lat="-33.42138167" lon="-70.53773333"><ele>961.700</ele><time>2026-09-13T15:53:08Z</time><speed>31.099</speed><sat>17</sat></trkpt>
  <trkpt lat="-33.42164667" lon="-70.53781000"><ele>956.200</ele><time>2026-09-13T15:53:09Z</time><speed>29.987</speed><sat>15</sat></trkpt>
  <trkpt lat="-33.42191000" lon="-70.53787333"><ele>953.000</ele><time>2026-09-13T15:53:10Z</time><speed>29.789</speed><sat>13</sat></trkpt>
  <trkpt lat="-33.42216333" lon="-70.53793167"><ele>953.200</ele><time>2026-09-13T15:53:11Z</time><speed>29.122</speed><sat>15</sat></trkpt>
  <trkpt lat="-33.42241833" lon="-70.53800000"><ele>951.400</ele><time>2026-09-13T15:53:12Z</time><speed>29.150</speed><sat>12</sat></trkpt>
  <trkpt lat="-33.42267167" lon="-70.53808667"><ele>947.300</ele><time>2026-09-13T15:53:13Z</time><speed>29.397</speed><sat>12</sat></trkpt>
  <trkpt lat="-33.42294333" lon="-70.53817333"><ele>941.900</ele><time>2026-09-13T15:53:14Z</time><speed>30.985</speed><sat>11</sat></trkpt>
  <trkpt lat="-33.42322167" lon="-70.53823833"><ele>931.000</ele><time>2026-09-13T15:53:15Z</time><speed>31.364</speed><sat>16</sat></trkpt>
  <trkpt lat="-33.42348667" lon="-70.53830667"><ele>924.600</ele><time>2026-09-13T15:53:16Z</time><speed>30.215</speed><sat>16</sat></trkpt>
  <trkpt lat="-33.42376333" lon="-70.53838000"><ele>921.100</ele><time>2026-09-13T15:53:17Z</time><speed>30.479</speed><sat>10</sat></trkpt>
  <trkpt lat="-33.42403333" lon="-70.53843667"><ele>918.900</ele><time>2026-09-13T15:53:18Z</time><speed>30.747</speed><sat>10</sat></trkpt>
  <trkpt lat="-33.42430000" lon="-70.53850833"><ele>916.600</ele><time>2026-09-13T15:53:19Z</time><speed>30.418</speed><sat>10</sat></trkpt>
  <trkpt lat="-33.42456500" lon="-70.53857667"><ele>914.400</ele><time>2026-09-13T15:53:20Z</time><speed>30.048</speed><sat>10</sat></trkpt>
  <trkpt lat="-33.42483333" lon="-70.53864333"><ele>912.200</ele><time>2026-09-13T15:53:21Z</time><speed>29.842</speed><sat>9</sat></trkpt>
  <trkpt lat="-33.42509500" lon="-70.53871333"><ele>911.700</ele><time>2026-09-13T15:53:22Z</time><speed>29.641</speed><sat>10</sat></trkpt>
  <trkpt lat="-33.42536167" lon="-70.53878500"><ele>910.200</ele><time>2026-09-13T15:53:23Z</time><speed>29.666</speed><sat>10</sat></trkpt>
  <trkpt lat="-33.42564500" lon="-70.53885167"><ele>908.800</ele><time>2026-09-13T15:53:24Z</time><speed>30.114</speed><sat>10</sat></trkpt>
  <trkpt lat="-33.42592333" lon="-70.53891167"><ele>907.300</ele><time>2026-09-13T15:53:25Z</time><speed>29.863</speed><sat>10</sat></trkpt>
  <trkpt lat="-33.42619667" lon="-70.53898667"><ele>905.700</ele><time>2026-09-13T15:53:26Z</time><speed>30.061</speed><sat>10</sat></trkpt>
  <trkpt lat="-33.42646667" lon="-70.53906333"><ele>904.000</ele><time>2026-09-13T15:53:27Z</time><speed>30.041</speed><sat>10</sat></trkpt>
  <trkpt lat="-33.42677500" lon="-70.53913500"><ele>900.000</ele><time>2026-09-13T15:53:28Z</time><speed>31.561</speed><sat>11</sat></trkpt>
  <trkpt lat="-33.42706000" lon="-70.53921333"><ele>898.300</ele><time>2026-09-13T15:53:29Z</time><speed>32.248</speed><sat>13</sat></trkpt>
  <trkpt lat="-33.42734333" lon="-70.53929000"><ele>896.100</ele><time>2026-09-13T15:53:30Z</time><speed>31.181</speed><sat>13</sat></trkpt>
  <trkpt lat="-33.42762000" lon="-70.53936333"><ele>894.300</ele><time>2026-09-13T15:53:31Z</time><speed>31.438</speed><sat>14</sat></trkpt>
  <trkpt lat="-33.42790167" lon="-70.53942833"><ele>892.500</ele><time>2026-09-13T15:53:32Z</time><speed>31.874</speed><sat>13</sat></trkpt>
  <trkpt lat="-33.42818333" lon="-70.53947833"><ele>891.500</ele><time>2026-09-13T15:53:33Z</time><speed>31.222</speed><sat>13</sat></trkpt>
  <trkpt lat="-33.42845667" lon="-70.53952000"><ele>890.300</ele><time>2026-09-13T15:53:34Z</time><speed>30.462</speed><sat>13</sat></trkpt>
  <trkpt lat="-33.42873667" lon="-70.53956000"><ele>890.600</ele><time>2026-09-13T15:53:35Z</time><speed>30.314</speed><sat>13</sat></trkpt>
  <trkpt lat="-33.42899833" lon="-70.53958333"><ele>888.700</ele><time>2026-09-13T15:53:36Z</time><speed>30.063</speed><sat>14</sat></trkpt>
  <trkpt lat="-33.42929000" lon="-70.53961500"><ele>886.700</ele><time>2026-09-13T15:53:37Z</time><speed>31.151</speed><sat>14</sat></trkpt>
  <trkpt lat="-33.42958000" lon="-70.53964500"><ele>884.200</ele><time>2026-09-13T15:53:38Z</time><speed>31.663</speed><sat>14</sat></trkpt>
  <trkpt lat="-33.42987500" lon="-70.53967500"><ele>882.200</ele><time>2026-09-13T15:53:39Z</time><speed>31.752</speed><sat>14</sat></trkpt>
  <trkpt lat="-33.43017000" lon="-70.53970667"><ele>880.100</ele><time>2026-09-13T15:53:40Z</time><speed>32.191</speed><sat>13</sat></trkpt>
  <trkpt lat="-33.43047000" lon="-70.53975000"><ele>878.200</ele><time>2026-09-13T15:53:41Z</time><speed>33.327</speed><sat>13</sat></trkpt>
  <trkpt lat="-33.43077167" lon="-70.53980333"><ele>876.800</ele><time>2026-09-13T15:53:42Z</time><speed>33.656</speed><sat>13</sat></trkpt>
  <trkpt lat="-33.43106167" lon="-70.53984000"><ele>876.600</ele><time>2026-09-13T15:53:43Z</time><speed>33.169</speed><sat>14</sat></trkpt>
  <trkpt lat="-33.43135833" lon="-70.53988500"><ele>875.800</ele><time>2026-09-13T15:53:44Z</time><speed>33.844</speed><sat>14</sat></trkpt>
  <trkpt lat="-33.43165667" lon="-70.53992833"><ele>875.200</ele><time>2026-09-13T15:53:45Z</time><speed>33.961</speed><sat>14</sat></trkpt>
  <trkpt lat="-33.43194500" lon="-70.53996500"><ele>873.900</ele><time>2026-09-13T15:53:46Z</time><speed>32.569</speed><sat>13</sat></trkpt>
  <trkpt lat="-33.43224333" lon="-70.54001167"><ele>872.500</ele><time>2026-09-13T15:53:47Z</time><speed>33.472</speed><sat>13</sat></trkpt>
  <trkpt lat="-33.43253667" lon="-70.54006500"><ele>872.000</ele><time>2026-09-13T15:53:48Z</time><speed>33.284</speed><sat>13</sat></trkpt>
  <trkpt lat="-33.43282500" lon="-70.54010500"><ele>873.500</ele><time>2026-09-13T15:53:49Z</time><speed>32.708</speed><sat>15</sat></trkpt>
  <trkpt lat="-33.43311833" lon="-70.54015333"><ele>872.500</ele><time>2026-09-13T15:53:50Z</time><speed>32.900</speed><sat>15</sat></trkpt>
  <trkpt lat="-33.43341000" lon="-70.54019667"><ele>871.200</ele><time>2026-09-13T15:53:51Z</time><speed>32.411</speed><sat>16</sat></trkpt>
  <trkpt lat="-33.43369667" lon="-70.54024167"><ele>868.100</ele><time>2026-09-13T15:53:52Z</time><speed>31.262</speed><sat>16</sat></trkpt>
  <trkpt lat="-33.43398500" lon="-70.54030000"><ele>863.900</ele><time>2026-09-13T15:53:53Z</time><speed>31.844</speed><sat>16</sat></trkpt>
  <trkpt lat="-33.43427167" lon="-70.54036000"><ele>859.600</ele><time>2026-09-13T15:53:54Z</time><speed>31.704</speed><sat>16</sat></trkpt>
  <trkpt lat="-33.43455000" lon="-70.54042000"><ele>855.400</ele><time>2026-09-13T15:53:55Z</time><speed>30.675</speed><sat>16</sat></trkpt>
  <trkpt lat="-33.43483000" lon="-70.54048000"><ele>850.900</ele><time>2026-09-13T15:53:56Z</time><speed>32.008</speed><sat>16</sat></trkpt>
  <trkpt lat="-33.43512000" lon="-70.54055500"><ele>845.800</ele><time>2026-09-13T15:53:57Z</time><speed>32.328</speed><sat>17</sat></trkpt>
  <trkpt lat="-33.43540333" lon="-70.54063000"><ele>841.400</ele><time>2026-09-13T15:53:58Z</time><speed>32.309</speed><sat>18</sat></trkpt>
  <trkpt lat="-33.43568333" lon="-70.54071500"><ele>836.200</ele><time>2026-09-13T15:53:59Z</time><speed>31.765</speed><sat>17</sat></trkpt>
  <trkpt lat="-33.43595667" lon="-70.54079500"><ele>831.400</ele><time>2026-09-13T15:54:00Z</time><speed>31.338</speed><sat>16</sat></trkpt>
  <trkpt lat="-33.43623167" lon="-70.54087833"><ele>826.700</ele><time>2026-09-13T15:54:01Z</time><speed>31.516</speed><sat>16</sat></trkpt>
  <trkpt lat="-33.43650500" lon="-70.54095500"><ele>823.300</ele><time>2026-09-13T15:54:02Z</time><speed>31.556</speed><sat>16</sat></trkpt>
  <trkpt lat="-33.43677333" lon="-70.54102667"><ele>821.100</ele><time>2026-09-13T15:54:03Z</time><speed>31.019</speed><sat>17</sat></trkpt>
  <trkpt lat="-33.43704000" lon="-70.54109833"><ele>817.900</ele><time>2026-09-13T15:54:04Z</time><speed>30.196</speed><sat>17</sat></trkpt>
  <trkpt lat="-33.43730333" lon="-70.54116667"><ele>814.900</ele><time>2026-09-13T15:54:05Z</time><speed>30.506</speed><sat>17</sat></trkpt>
  <trkpt lat="-33.43757333" lon="-70.54124000"><ele>811.600</ele><time>2026-09-13T15:54:06Z</time><speed>31.129</speed><sat>18</sat></trkpt>
  <trkpt lat="-33.43784167" lon="-70.54132333"><ele>808.800</ele><time>2026-09-13T15:54:07Z</time><speed>31.108</speed><sat>18</sat></trkpt>
  <trkpt lat="-33.43810667" lon="-70.54141000"><ele>805.700</ele><time>2026-09-13T15:54:08Z</time><speed>30.777</speed><sat>18</sat></trkpt>
  <trkpt lat="-33.43837500" lon="-70.54149833"><ele>803.900</ele><time>2026-09-13T15:54:09Z</time><speed>31.302</speed><sat>18</sat></trkpt>
  <trkpt lat="-33.43864333" lon="-70.54159000"><ele>802.300</ele><time>2026-09-13T15:54:10Z</time><speed>31.196</speed><sat>18</sat></trkpt>
  <trkpt lat="-33.43889667" lon="-70.54167667"><ele>800.300</ele><time>2026-09-13T15:54:11Z</time><speed>28.775</speed><sat>17</sat></trkpt>
  <trkpt lat="-33.43915667" lon="-70.54176500"><ele>797.200</ele><time>2026-09-13T15:54:12Z</time><speed>30.330</speed><sat>17</sat></trkpt>
  <trkpt lat="-33.43941667" lon="-70.54185500"><ele>794.300</ele><time>2026-09-13T15:54:13Z</time><speed>29.944</speed><sat>17</sat></trkpt>
  <trkpt lat="-33.43967333" lon="-70.54193667"><ele>795.100</ele><time>2026-09-13T15:54:14Z</time><speed>30.076</speed><sat>17</sat></trkpt>
  <trkpt lat="-33.43993333" lon="-70.54202167"><ele>793.200</ele><time>2026-09-13T15:54:15Z</time><speed>30.096</speed><sat>16</sat></trkpt>
  <trkpt lat="-33.44019167" lon="-70.54210167"><ele>789.900</ele><time>2026-09-13T15:54:16Z</time><speed>30.912</speed><sat>16</sat></trkpt>
  <trkpt lat="-33.44046167" lon="-70.54218667"><ele>788.200</ele><time>2026-09-13T15:54:17Z</time><speed>30.940</speed><sat>16</sat></trkpt>
  <trkpt lat="-33.44073833" lon="-70.54227000"><ele>786.600</ele><time>2026-09-13T15:54:18Z</time><speed>31.755</speed><sat>17</sat></trkpt>
  <trkpt lat="-33.44101167" lon="-70.54235167"><ele>785.000</ele><time>2026-09-13T15:54:19Z</time><speed>30.821</speed><sat>17</sat></trkpt>
  <trkpt lat="-33.44127667" lon="-70.54243333"><ele>783.200</ele><time>2026-09-13T15:54:20Z</time><speed>29.971</speed><sat>17</sat></trkpt>
  <trkpt lat="-33.44154667" lon="-70.54251333"><ele>781.500</ele><time>2026-09-13T15:54:21Z</time><speed>30.954</speed><sat>17</sat></trkpt>
  <trkpt lat="-33.44181833" lon="-70.54259500"><ele>779.900</ele><time>2026-09-13T15:54:22Z</time><speed>30.965</speed><sat>17</sat></trkpt>
  <trkpt lat="-33.44208333" lon="-70.54267833"><ele>778.000</ele><time>2026-09-13T15:54:23Z</time><speed>29.746</speed><sat>18</sat></trkpt>
  <trkpt lat="-33.44235167" lon="-70.54276333"><ele>775.200</ele><time>2026-09-13T15:54:24Z</time><speed>29.662</speed><sat>18</sat></trkpt>
  <trkpt lat="-33.44261667" lon="-70.54284333"><ele>770.900</ele><time>2026-09-13T15:54:25Z</time><speed>29.676</speed><sat>17</sat></trkpt>
  <trkpt lat="-33.44288667" lon="-70.54291333"><ele>768.300</ele><time>2026-09-13T15:54:26Z</time><speed>30.818</speed><sat>18</sat></trkpt>
  <trkpt lat="-33.44316000" lon="-70.54298333"><ele>766.100</ele><time>2026-09-13T15:54:27Z</time><speed>30.900</speed><sat>17</sat></trkpt>
  <trkpt lat="-33.44344000" lon="-70.54306000"><ele>763.600</ele><time>2026-09-13T15:54:28Z</time><speed>31.698</speed><sat>17</sat></trkpt>
  <trkpt lat="-33.44372333" lon="-70.54314333"><ele>761.500</ele><time>2026-09-13T15:54:29Z</time><speed>32.687</speed><sat>17</sat></trkpt>
  <trkpt lat="-33.44400667" lon="-70.54323167"><ele>758.700</ele><time>2026-09-13T15:54:30Z</time><speed>32.059</speed><sat>17</sat></trkpt>
  <trkpt lat="-33.44427833" lon="-70.54332500"><ele>755.300</ele><time>2026-09-13T15:54:31Z</time><speed>31.456</speed><sat>17</sat></trkpt>
  <trkpt lat="-33.44455000" lon="-70.54342167"><ele>749.500</ele><time>2026-09-13T15:54:32Z</time><speed>31.571</speed><sat>17</sat></trkpt>
  <trkpt lat="-33.44482333" lon="-70.54350167"><ele>751.000</ele><time>2026-09-13T15:54:33Z</time><speed>31.357</speed><sat>17</sat></trkpt>
  <trkpt lat="-33.44510000" lon="-70.54357833"><ele>749.000</ele><time>2026-09-13T15:54:34Z</time><speed>32.520</speed><sat>17</sat></trkpt>
  <trkpt lat="-33.44538000" lon="-70.54365167"><ele>747.500</ele><time>2026-09-13T15:54:35Z</time><speed>32.136</speed><sat>17</sat></trkpt>
  <trkpt lat="-33.44566667" lon="-70.54371667"><ele>745.800</ele><time>2026-09-13T15:54:36Z</time><speed>33.160</speed><sat>17</sat></trkpt>
  <trkpt lat="-33.44596000" lon="-70.54379500"><ele>743.600</ele><time>2026-09-13T15:54:37Z</time><speed>33.479</speed><sat>16</sat></trkpt>
  <trkpt lat="-33.44626500" lon="-70.54388333"><ele>741.300</ele><time>2026-09-13T15:54:38Z</time><speed>34.427</speed><sat>16</sat></trkpt>
  <trkpt lat="-33.44656833" lon="-70.54397000"><ele>739.800</ele><time>2026-09-13T15:54:39Z</time><speed>34.671</speed><sat>16</sat></trkpt>
  <trkpt lat="-33.44686333" lon="-70.54404333"><ele>739.100</ele><time>2026-09-13T15:54:40Z</time><speed>33.406</speed><sat>16</sat></trkpt>
  <trkpt lat="-33.44715833" lon="-70.54411833"><ele>738.400</ele><time>2026-09-13T15:54:41Z</time><speed>33.492</speed><sat>16</sat></trkpt>
  <trkpt lat="-33.44746000" lon="-70.54419000"><ele>738.200</ele><time>2026-09-13T15:54:42Z</time><speed>34.425</speed><sat>16</sat></trkpt>
  <trkpt lat="-33.44776000" lon="-70.54427167"><ele>736.700</ele><time>2026-09-13T15:54:43Z</time><speed>33.656</speed><sat>16</sat></trkpt>
  <trkpt lat="-33.44806167" lon="-70.54435333"><ele>734.900</ele><time>2026-09-13T15:54:44Z</time><speed>33.851</speed><sat>15</sat></trkpt>
  <trkpt lat="-33.44836167" lon="-70.54442667"><ele>733.100</ele><time>2026-09-13T15:54:45Z</time><speed>33.404</speed><sat>16</sat></trkpt>
  <trkpt lat="-33.44865667" lon="-70.54450833"><ele>731.700</ele><time>2026-09-13T15:54:46Z</time><speed>33.587</speed><sat>16</sat></trkpt>
  <trkpt lat="-33.44894333" lon="-70.54458500"><ele>729.800</ele><time>2026-09-13T15:54:47Z</time><speed>33.223</speed><sat>17</sat></trkpt>
  <trkpt lat="-33.44924500" lon="-70.54469667"><ele>724.000</ele><time>2026-09-13T15:54:48Z</time><speed>32.624</speed><sat>17</sat></trkpt>
  <trkpt lat="-33.44954167" lon="-70.54479000"><ele>718.800</ele><time>2026-09-13T15:54:49Z</time><speed>32.322</speed><sat>17</sat></trkpt>
  <trkpt lat="-33.44982833" lon="-70.54488167"><ele>714.000</ele><time>2026-09-13T15:54:50Z</time><speed>32.231</speed><sat>17</sat></trkpt>
  <trkpt lat="-33.45010500" lon="-70.54495500"><ele>711.100</ele><time>2026-09-13T15:54:51Z</time><speed>31.976</speed><sat>17</sat></trkpt>
  <trkpt lat="-33.45038167" lon="-70.54503000"><ele>708.800</ele><time>2026-09-13T15:54:52Z</time><speed>32.175</speed><sat>16</sat></trkpt>
  <trkpt lat="-33.45065667" lon="-70.54510500"><ele>706.300</ele><time>2026-09-13T15:54:53Z</time><speed>31.118</speed><sat>16</sat></trkpt>
  <trkpt lat="-33.45092667" lon="-70.54517667"><ele>703.300</ele><time>2026-09-13T15:54:54Z</time><speed>30.994</speed><sat>16</sat></trkpt>
  <trkpt lat="-33.45119667" lon="-70.54524667"><ele>703.800</ele><time>2026-09-13T15:54:55Z</time><speed>31.416</speed><sat>14</sat></trkpt>
  <trkpt lat="-33.45147667" lon="-70.54533000"><ele>701.700</ele><time>2026-09-13T15:54:56Z</time><speed>32.022</speed><sat>15</sat></trkpt>
  <trkpt lat="-33.45175500" lon="-70.54541667"><ele>698.900</ele><time>2026-09-13T15:54:57Z</time><speed>31.721</speed><sat>16</sat></trkpt>
  <trkpt lat="-33.45203333" lon="-70.54549500"><ele>696.300</ele><time>2026-09-13T15:54:58Z</time><speed>31.822</speed><sat>16</sat></trkpt>
  <trkpt lat="-33.45231333" lon="-70.54557167"><ele>694.300</ele><time>2026-09-13T15:54:59Z</time><speed>32.111</speed><sat>16</sat></trkpt>
  <trkpt lat="-33.45258667" lon="-70.54564000"><ele>692.200</ele><time>2026-09-13T15:55:00Z</time><speed>31.188</speed><sat>16</sat></trkpt>
  <trkpt lat="-33.45286000" lon="-70.54571333"><ele>690.700</ele><time>2026-09-13T15:55:01Z</time><speed>31.065</speed><sat>17</sat></trkpt>
  <trkpt lat="-33.45312833" lon="-70.54579333"><ele>689.100</ele><time>2026-09-13T15:55:02Z</time><speed>30.708</speed><sat>17</sat></trkpt>
  <trkpt lat="-33.45338833" lon="-70.54587000"><ele>688.700</ele><time>2026-09-13T15:55:03Z</time><speed>29.941</speed><sat>17</sat></trkpt>
  <trkpt lat="-33.45364500" lon="-70.54593667"><ele>687.800</ele><time>2026-09-13T15:55:04Z</time><speed>29.413</speed><sat>17</sat></trkpt>
  <trkpt lat="-33.45391000" lon="-70.54601500"><ele>687.200</ele><time>2026-09-13T15:55:05Z</time><speed>29.613</speed><sat>17</sat></trkpt>
  <trkpt lat="-33.45416500" lon="-70.54609333"><ele>685.800</ele><time>2026-09-13T15:55:06Z</time><speed>28.840</speed><sat>17</sat></trkpt>
  <trkpt lat="-33.45441000" lon="-70.54616667"><ele>684.300</ele><time>2026-09-13T15:55:07Z</time><speed>27.701</speed><sat>16</sat></trkpt>
  <trkpt lat="-33.45465000" lon="-70.54623333"><ele>682.600</ele><time>2026-09-13T15:55:08Z</time><speed>27.147</speed><sat>16</sat></trkpt>
  <trkpt lat="-33.45489500" lon="-70.54629833"><ele>680.100</ele><time>2026-09-13T15:55:09Z</time><speed>27.333</speed><sat>14</sat></trkpt>
  <trkpt lat="-33.45513000" lon="-70.54636167"><ele>678.600</ele><time>2026-09-13T15:55:10Z</time><speed>26.582</speed><sat>13</sat></trkpt>
  <trkpt lat="-33.45536333" lon="-70.54642833"><ele>677.100</ele><time>2026-09-13T15:55:11Z</time><speed>26.417</speed><sat>12</sat></trkpt>
  <trkpt lat="-33.45558333" lon="-70.54648667"><ele>675.200</ele><time>2026-09-13T15:55:12Z</time><speed>25.415</speed><sat>14</sat></trkpt>
  <trkpt lat="-33.45579833" lon="-70.54654833"><ele>673.600</ele><time>2026-09-13T15:55:13Z</time><speed>24.341</speed><sat>15</sat></trkpt>
  <trkpt lat="-33.45599833" lon="-70.54661000"><ele>672.200</ele><time>2026-09-13T15:55:14Z</time><speed>22.362</speed><sat>17</sat></trkpt>
  <trkpt lat="-33.45620667" lon="-70.54668167"><ele>670.800</ele><time>2026-09-13T15:55:15Z</time><speed>22.122</speed><sat>16</sat></trkpt>
  <trkpt lat="-33.45638833" lon="-70.54673667"><ele>669.300</ele><time>2026-09-13T15:55:16Z</time><speed>19.938</speed><sat>16</sat></trkpt>
  <trkpt lat="-33.45656000" lon="-70.54679000"><ele>667.900</ele><time>2026-09-13T15:55:17Z</time><speed>19.213</speed><sat>16</sat></trkpt>
  <trkpt lat="-33.45672167" lon="-70.54684000"><ele>666.400</ele><time>2026-09-13T15:55:18Z</time><speed>17.975</speed><sat>16</sat></trkpt>
  <trkpt lat="-33.45687500" lon="-70.54688667"><ele>665.100</ele><time>2026-09-13T15:55:19Z</time><speed>17.112</speed><sat>16</sat></trkpt>
  <trkpt lat="-33.45703667" lon="-70.54693667"><ele>667.600</ele><time>2026-09-13T15:55:20Z</time><speed>16.361</speed><sat>16</sat></trkpt>
  <trkpt lat="-33.45716333" lon="-70.54697333"><ele>666.400</ele><time>2026-09-13T15:55:21Z</time><speed>13.873</speed><sat>16</sat></trkpt>
  <trkpt lat="-33.45727000" lon="-70.54701167"><ele>667.300</ele><time>2026-09-13T15:55:22Z</time><speed>12.207</speed><sat>15</sat></trkpt>
  <trkpt lat="-33.45735833" lon="-70.54704667"><ele>667.000</ele><time>2026-09-13T15:55:23Z</time><speed>10.571</speed><sat>15</sat></trkpt>
  <trkpt lat="-33.45743167" lon="-70.54708167"><ele>666.300</ele><time>2026-09-13T15:55:24Z</time><speed>9.271</speed><sat>15</sat></trkpt>
  <trkpt lat="-33.45749333" lon="-70.54711000"><ele>666.100</ele><time>2026-09-13T15:55:25Z</time><speed>7.975</speed><sat>15</sat></trkpt>
  <trkpt lat="-33.45754833" lon="-70.54713833"><ele>666.100</ele><time>2026-09-13T15:55:26Z</time><speed>7.155</speed><sat>14</sat></trkpt>
  <trkpt lat="-33.45760167" lon="-70.54716500"><ele>666.000</ele><time>2026-09-13T15:55:27Z</time><speed>6.803</speed><sat>14</sat></trkpt>
  <trkpt lat="-33.45765167" lon="-70.54719500"><ele>665.900</ele><time>2026-09-13T15:55:28Z</time><speed>6.488</speed><sat>14</sat></trkpt>
  <trkpt lat="-33.45769167" lon="-70.54722500"><ele>665.700</ele><time>2026-09-13T15:55:29Z</time><speed>5.424</speed><sat>13</sat></trkpt>
  <trkpt lat="-33.45772833" lon="-70.54725333"><ele>665.300</ele><time>2026-09-13T15:55:30Z</time><speed>5.059</speed><sat>14</sat></trkpt>
  <trkpt lat="-33.45776333" lon="-70.54729000"><ele>664.500</ele><time>2026-09-13T15:55:31Z</time><speed>5.287</speed><sat>14</sat></trkpt>
  <trkpt lat="-33.45779333" lon="-70.54732333"><ele>664.800</ele><time>2026-09-13T15:55:32Z</time><speed>4.827</speed><sat>14</sat></trkpt>
  <trkpt lat="-33.45781667" lon="-70.54735333"><ele>664.900</ele><time>2026-09-13T15:55:33Z</time><speed>4.188</speed><sat>13</sat></trkpt>
  <trkpt lat="-33.45783833" lon="-70.54738667"><ele>664.400</ele><time>2026-09-13T15:55:34Z</time><speed>4.201</speed><sat>12</sat></trkpt>
  <trkpt lat="-33.45784833" lon="-70.54740333"><ele>664.100</ele><time>2026-09-13T15:55:35Z</time><speed>2.919</speed><sat>10</sat></trkpt>
  <trkpt lat="-33.45785333" lon="-70.54741833"><ele>664.200</ele><time>2026-09-13T15:55:36Z</time><speed>2.369</speed><sat>10</sat></trkpt>
  <trkpt lat="-33.45786000" lon="-70.54743000"><ele>663.800</ele><time>2026-09-13T15:55:37Z</time><speed>1.739</speed><sat>12</sat></trkpt>
  <trkpt lat="-33.45787000" lon="-70.54744833"><ele>663.500</ele><time>2026-09-13T15:55:38Z</time><speed>1.986</speed><sat>12</sat></trkpt>
  <trkpt lat="-33.45787667" lon="-70.54745833"><ele>663.400</ele><time>2026-09-13T15:55:39Z</time><speed>1.903</speed><sat>13</sat></trkpt>
  <trkpt lat="-33.45788500" lon="-70.54747833"><ele>663.000</ele><time>2026-09-13T15:55:40Z</time><speed>2.352</speed><sat>12</sat></trkpt>
  <trkpt lat="-33.45789833" lon="-70.54750167"><ele>662.600</ele><time>2026-09-13T15:55:41Z</time><speed>2.702</speed><sat>13</sat></trkpt>
  <trkpt lat="-33.45790667" lon="-70.54752167"><ele>662.200</ele><time>2026-09-13T15:55:42Z</time><speed>2.362</speed><sat>13</sat></trkpt>
  <trkpt lat="-33.45791667" lon="-70.54754667"><ele>661.900</ele><time>2026-09-13T15:55:43Z</time><speed>2.825</speed><sat>13</sat></trkpt>
  <trkpt lat="-33.45793167" lon="-70.54757333"><ele>661.600</ele><time>2026-09-13T15:55:44Z</time><speed>3.018</speed><sat>13</sat></trkpt>
  <trkpt lat="-33.45794667" lon="-70.54760333"><ele>661.200</ele><time>2026-09-13T15:55:45Z</time><speed>3.258</speed><sat>13</sat></trkpt>
  <trkpt lat="-33.45796500" lon="-70.54763833"><ele>660.800</ele><time>2026-09-13T15:55:46Z</time><speed>3.928</speed><sat>13</sat></trkpt>
  <trkpt lat="-33.45798333" lon="-70.54767833"><ele>660.500</ele><time>2026-09-13T15:55:47Z</time><speed>4.081</speed><sat>15</sat></trkpt>
  <trkpt lat="-33.45801667" lon="-70.54773167"><ele>660.100</ele><time>2026-09-13T15:55:48Z</time><speed>4.722</speed><sat>15</sat></trkpt>
  <trkpt lat="-33.45803000" lon="-70.54775833"><ele>659.600</ele><time>2026-09-13T15:55:49Z</time><speed>4.007</speed><sat>13</sat></trkpt>
  <trkpt lat="-33.45805667" lon="-70.54779833"><ele>659.500</ele><time>2026-09-13T15:55:50Z</time><speed>4.556</speed><sat>14</sat></trkpt>
  <trkpt lat="-33.45807833" lon="-70.54783333"><ele>659.100</ele><time>2026-09-13T15:55:51Z</time><speed>4.181</speed><sat>15</sat></trkpt>
  <trkpt lat="-33.45809500" lon="-70.54786333"><ele>658.800</ele><time>2026-09-13T15:55:52Z</time><speed>3.108</speed><sat>14</sat></trkpt>
  <trkpt lat="-33.45811000" lon="-70.54789167"><ele>659.200</ele><time>2026-09-13T15:55:53Z</time><speed>2.326</speed><sat>13</sat></trkpt>
  <trkpt lat="-33.45811333" lon="-70.54790667"><ele>658.800</ele><time>2026-09-13T15:55:54Z</time><speed>1.249</speed><sat>13</sat></trkpt>
  <trkpt lat="-33.45811667" lon="-70.54792000"><ele>658.800</ele><time>2026-09-13T15:55:55Z</time><speed>0.000</speed><sat>13</sat></trkpt>
  <trkpt lat="-33.45812000" lon="-70.54793500"><ele>658.500</ele><time>2026-09-13T15:55:56Z</time><speed>0.000</speed><sat>13</sat></trkpt>
  <trkpt lat="-33.45812000" lon="-70.54794000"><ele>658.300</ele><time>2026-09-13T15:55:57Z</time><speed>0.000</speed><sat>12</sat></trkpt>
  <trkpt lat="-33.45812000" lon="-70.54794000"><ele>658.300</ele><time>2026-09-13T15:55:58Z</time><speed>0.000</speed><sat>12</sat></trkpt>
  <trkpt lat="-33.45812000" lon="-70.54794000"><ele>658.300</ele><time>2026-09-13T15:55:59Z</time><speed>0.000</speed><sat>13</sat></trkpt>
  <trkpt lat="-33.45812000" lon="-70.54794000"><ele>658.300</ele><time>2026-09-13T15:56:00Z</time><speed>0.000</speed><sat>13</sat></trkpt>
  <trkpt lat="-33.45812000" lon="-70.54794000"><ele>658.300</ele><time>2026-09-13T15:56:01Z</time><speed>0.000</speed><sat>11</sat></trkpt>
  <trkpt lat="-33.45812000" lon="-70.54794000"><ele>658.300</ele><time>2026-09-13T15:56:02Z</time><speed>0.000</speed><sat>12</sat></trkpt>
  <trkpt lat="-33.45812000" lon="-70.54794000"><ele>658.300</ele><time>2026-09-13T15:56:03Z</time><speed>0.000</speed><sat>11</sat></trkpt>
  <trkpt lat="-33.45812000" lon="-70.54794000"><ele>658.300</ele><time>2026-09-13T15:56:04Z</time><speed>0.000</speed><sat>11</sat></trkpt>
  <trkpt lat="-33.45812000" lon="-70.54794000"><ele>658.300</ele><time>2026-09-13T15:56:05Z</time><speed>0.000</speed><sat>11</sat></trkpt>
  <trkpt lat="-33.45812000" lon="-70.54794000"><ele>658.300</ele><time>2026-09-13T15:56:06Z</time><speed>0.000</speed><sat>11</sat></trkpt>
  <trkpt lat="-33.45812000" lon="-70.54794000"><ele>658.300</ele><time>2026-09-13T15:56:07Z</time><speed>0.000</speed><sat>10</sat></trkpt>
  <trkpt lat="-33.45812000" lon="-70.54794000"><ele>658.300</ele><time>2026-09-13T15:56:08Z</time><speed>0.000</speed><sat>10</sat></trkpt>
  <trkpt lat="-33.45812000" lon="-70.54794000"><ele>658.300</ele><time>2026-09-13T15:56:09Z</time><speed>0.000</speed><sat>10</sat></trkpt>
  <trkpt lat="-33.45812000" lon="-70.54794000"><ele>658.300</ele><time>2026-09-13T15:56:10Z</time><speed>0.000</speed><sat>13</sat></trkpt>
  <trkpt lat="-33.45812000" lon="-70.54794000"><ele>658.300</ele><time>2026-09-13T15:56:11Z</time><speed>0.000</speed><sat>13</sat></trkpt>
  <trkpt lat="-33.45812000" lon="-70.54794000"><ele>658.300</ele><time>2026-09-13T15:56:12Z</time><speed>0.000</speed><sat>13</sat></trkpt>
  <trkpt lat="-33.45812000" lon="-70.54794000"><ele>658.300</ele><time>2026-09-13T15:56:13Z</time><speed>0.000</speed><sat>13</sat></trkpt>
  <trkpt lat="-33.45812000" lon="-70.54794000"><ele>658.300</ele><time>2026-09-13T15:56:14Z</time><speed>0.000</speed><sat>13</sat></trkpt>
  <trkpt lat="-33.45812000" lon="-70.54794000"><ele>658.300</ele><time>2026-09-13T15:56:15Z</time><speed>0.000</speed><sat>12</sat></trkpt>
  <trkpt lat="-33.45812000" lon="-70.54794000"><ele>658.300</ele><time>2026-09-13T15:56:16Z</time><speed>0.000</speed><sat>12</sat></trkpt>
  <trkpt lat="-33.45812000" lon="-70.54794000"><ele>658.300</ele><time>2026-09-13T15:56:17Z</time><speed>0.000</speed><sat>12</sat></trkpt>
  <trkpt lat="-33.45812000" lon="-70.54794000"><ele>658.300</ele><time>2026-09-13T15:56:18Z</time><speed>0.000</speed><sat>12</sat></trkpt>
  <trkpt lat="-33.45812000" lon="-70.54794000"><ele>658.300</ele><time>2026-09-13T15:56:19Z</time><speed>0.000</speed><sat>12</sat></trkpt>
  <trkpt lat="-33.45812000" lon="-70.54794000"><ele>658.300</ele><time>2026-09-13T15:56:20Z</time><speed>0.000</speed><sat>13</sat></trkpt>
  <trkpt lat="-33.45812000" lon="-70.54794000"><ele>658.300</ele><time>2026-09-13T15:56:21Z</time><speed>0.000</speed><sat>13</sat></trkpt>
  <trkpt lat="-33.45812000" lon="-70.54794000"><ele>658.300</ele><time>2026-09-13T15:56:22Z</time><speed>0.000</speed><sat>13</sat></trkpt>
  <trkpt lat="-33.45812000" lon="-70.54794000"><ele>658.300</ele><time>2026-09-13T15:56:23Z</time><speed>0.000</speed><sat>14</sat></trkpt>
  <trkpt lat="-33.45812000" lon="-70.54794000"><ele>658.300</ele><time>2026-09-13T15:56:24Z</time><speed>0.000</speed><sat>14</sat></trkpt>
  <trkpt lat="-33.45812000" lon="-70.54794000"><ele>658.300</ele><time>2026-09-13T15:56:25Z</time><speed>0.000</speed><sat>15</sat></trkpt>
  <trkpt lat="-33.45812000" lon="-70.54794000"><ele>658.300</ele><time>2026-09-13T15:56:26Z</time><speed>0.000</speed><sat>16</sat></trkpt>
  <trkpt lat="-33.45812000" lon="-70.54794000"><ele>658.300</ele><time>2026-09-13T15:56:27Z</time><speed>0.000</speed><sat>17</sat></trkpt>
  <trkpt lat="-33.45812000" lon="-70.54794000"><ele>658.300</ele><time>2026-09-13T15:56:28Z</time><speed>0.000</speed><sat>17</sat></trkpt>
  <trkpt lat="-33.45812000" lon="-70.54794000"><ele>658.300</ele><time>2026-09-13T15:56:29Z</time><speed>0.000</speed><sat>17</sat></trkpt>
  <trkpt lat="-33.45812000" lon="-70.54794000"><ele>658.300</ele><time>2026-09-13T15:56:30Z</time><speed>0.000</speed><sat>17</sat></trkpt>
  <trkpt lat="-33.45812000" lon="-70.54794000"><ele>658.300</ele><time>2026-09-13T15:56:31Z</time><speed>0.000</speed><sat>16</sat></trkpt>
  <trkpt lat="-33.45812000" lon="-70.54794000"><ele>658.300</ele><time>2026-09-13T15:56:32Z</time><speed>0.000</speed><sat>17</sat></trkpt>
  <trkpt lat="-33.45812000" lon="-70.54794000"><ele>658.300</ele><time>2026-09-13T15:56:33Z</time><speed>0.000</speed><sat>17</sat></trkpt>
  <trkpt lat="-33.45812000" lon="-70.54794000"><ele>658.300</ele><time>2026-09-13T15:56:34Z</time><speed>0.000</speed><sat>17</sat></trkpt>
  <trkpt lat="-33.45812000" lon="-70.54794000"><ele>658.300</ele><time>2026-09-13T15:56:35Z</time><speed>0.000</speed><sat>18</sat></trkpt>
  <trkpt lat="-33.45812000" lon="-70.54794000"><ele>658.300</ele><time>2026-09-13T15:56:36Z</time><speed>0.000</speed><sat>17</sat></trkpt>
  <trkpt lat="-33.45812000" lon="-70.54794000"><ele>658.300</ele><time>2026-09-13T15:56:37Z</time><speed>0.000</speed><sat>15</sat></trkpt>
  <trkpt lat="-33.45812000" lon="-70.54794000"><ele>658.300</ele><time>2026-09-13T15:56:38Z</time><speed>0.000</speed><sat>15</sat></trkpt>
  <trkpt lat="-33.45812000" lon="-70.54794000"><ele>658.300</ele><time>2026-09-13T15:56:39Z</time><speed>0.000</speed><sat>14</sat></trkpt>
  <trkpt lat="-33.45812000" lon="-70.54794000"><ele>658.300</ele><time>2026-09-13T15:56:40Z</time><speed>0.000</speed><sat>14</sat></trkpt>
  <trkpt lat="-33.45812000" lon="-70.54794000"><ele>658.300</ele><time>2026-09-13T15:56:41Z</time><speed>0.000</speed><sat>14</sat></trkpt>
  <trkpt lat="-33.45812000" lon="-70.54794000"><ele>658.300</ele><time>2026-09-13T15:56:42Z</time><speed>0.000</speed><sat>14</sat></trkpt>
  <trkpt lat="-33.45812000" lon="-70.54794000"><ele>658.300</ele><time>2026-09-13T15:56:43Z</time><speed>0.000</speed><sat>14</sat></trkpt>
  <trkpt lat="-33.45812000" lon="-70.54794000"><ele>658.300</ele><time>2026-09-13T15:56:44Z</time><speed>0.000</speed><sat>15</sat></trkpt>
  <trkpt lat="-33.45812000" lon="-70.54794000"><ele>658.300</ele><time>2026-09-13T15:56:45Z</time><speed>0.000</speed><sat>15</sat></trkpt>
  <trkpt lat="-33.45812000" lon="-70.54794000"><ele>658.300</ele><time>2026-09-13T15:56:46Z</time><speed>0.000</speed><sat>15</sat></trkpt>
  <trkpt lat="-33.45812000" lon="-70.54794000"><ele>658.300</ele><time>2026-09-13T15:56:47Z</time><speed>0.000</speed><sat>16</sat></trkpt>
  <trkpt lat="-33.45812000" lon="-70.54794000"><ele>658.300</ele><time>2026-09-13T15:56:48Z</time><speed>0.000</speed><sat>16</sat></trkpt>
  <trkpt lat="-33.45812000" lon="-70.54794000"><ele>658.300</ele><time>2026-09-13T15:56:49Z</time><speed>0.000</speed><sat>15</sat></trkpt>
  <trkpt lat="-33.45812000" lon="-70.54794000"><ele>658.300</ele><time>2026-09-13T15:56:50Z</time><speed>0.000</speed><sat>15</sat></trkpt>
  <trkpt lat="-33.45812000" lon="-70.54794000"><ele>658.300</ele><time>2026-09-13T15:56:51Z</time><speed>0.000</speed><sat>14</sat></trkpt>
  <trkpt lat="-33.45812000" lon="-70.54794000"><ele>658.300</ele><time>2026-09-13T15:56:52Z</time><speed>0.000</speed><sat>14</sat></trkpt>
  <trkpt lat="-33.45812000" lon="-70.54794000"><ele>658.300</ele><time>2026-09-13T15:56:53Z</time><speed>0.000</speed><sat>14</sat></trkpt>
  <trkpt lat="-33.45812000" lon="-70.54794000"><ele>658.300</ele><time>2026-09-13T15:56:54Z</time><speed>0.000</speed><sat>13</sat></trkpt>
  <trkpt lat="-33.45812000" lon="-70.54794000"><ele>658.300</ele><time>2026-09-13T15:56:55Z</time><speed>0.000</speed><sat>12</sat></trkpt>
  <trkpt lat="-33.45812000" lon="-70.54794000"><ele>658.300</ele><time>2026-09-13T15:56:56Z</time><speed>0.000</speed><sat>13</sat></trkpt>
  <trkpt lat="-33.45812000" lon="-70.54794000"><ele>658.300</ele><time>2026-09-13T15:56:57Z</time><speed>0.000</speed><sat>13</sat></trkpt>
  <trkpt lat="-33.45812000" lon="-70.54794000"><ele>658.300</ele><time>2026-09-13T15:56:58Z</time><speed>0.000</speed><sat>13</sat></trkpt>
  <trkpt lat="-33.45812000" lon="-70.54794000"><ele>658.300</ele><time>2026-09-13T15:56:59Z</time><speed>0.000</speed><sat>12</sat></trkpt>
  <trkpt lat="-33.45812000" lon="-70.54794000"><ele>658.300</ele><time>2026-09-13T15:57:00Z</time><speed>0.000</speed><sat>12</sat></trkpt>
  <trkpt lat="-33.45812000" lon="-70.54794000"><ele>658.300</ele><time>2026-09-13T15:57:01Z</time><speed>0.000</speed><sat>12</sat></trkpt>
  <trkpt lat="-33.45812000" lon="-70.54794000"><ele>658.300</ele><time>2026-09-13T15:57:02Z</time><speed>0.000</speed><sat>12</sat></trkpt>
  <trkpt lat="-33.45812000" lon="-70.54794000"><ele>658.300</ele><time>2026-09-13T15:57:03Z</time><speed>0.000</speed><sat>13</sat></trkpt>
  <trkpt lat="-33.45812000" lon="-70.54794000"><ele>658.300</ele><time>2026-09-13T15:57:04Z</time><speed>0.000</speed><sat>14</sat></trkpt>
  <trkpt lat="-33.45812000" lon="-70.54794000"><ele>658.300</ele><time>2026-09-13T15:57:05Z</time><speed>0.000</speed><sat>14</sat></trkpt>
  <trkpt lat="-33.45812000" lon="-70.54794000"><ele>658.300</ele><time>2026-09-13T15:57:06Z</time><speed>0.000</speed><sat>15</sat></trkpt>
  <trkpt lat="-33.45812000" lon="-70.54794000"><ele>658.300</ele><time>2026-09-13T15:57:07Z</time><speed>0.000</speed><sat>15</sat></trkpt>
  <trkpt lat="-33.45812000" lon="-70.54794000"><ele>658.300</ele><time>2026-09-13T15:57:08Z</time><speed>0.000</speed><sat>15</sat></trkpt>
  <trkpt lat="-33.45812000" lon="-70.54794000"><ele>658.300</ele><time>2026-09-13T15:57:09Z</time><speed>0.000</speed><sat>15</sat></trkpt>
  <trkpt lat="-33.45812000" lon="-70.54794000"><ele>658.300</ele><time>2026-09-13T15:57:10Z</time><speed>0.000</speed><sat>15</sat></trkpt>
  <trkpt lat="-33.45812000" lon="-70.54794000"><ele>658.300</ele><time>2026-09-13T15:57:11Z</time><speed>0.000</speed><sat>16</sat></trkpt>
  <trkpt lat="-33.45812000" lon="-70.54794000"><ele>658.300</ele><time>2026-09-13T15:57:12Z</time><speed>0.000</speed><sat>17</sat></trkpt>
  <trkpt lat="-33.45812000" lon="-70.54794000"><ele>658.300</ele><time>2026-09-13T15:57:13Z</time><speed>0.000</speed><sat>15</sat></trkpt>
  <trkpt lat="-33.45812000" lon="-70.54794000"><ele>658.300</ele><time>2026-09-13T15:57:14Z</time><speed>0.000</speed><sat>14</sat></trkpt>
  <trkpt lat="-33.45812000" lon="-70.54794000"><ele>658.300</ele><time>2026-09-13T15:57:15Z</time><speed>0.000</speed><sat>15</sat></trkpt>
  <trkpt lat="-33.45812000" lon="-70.54794000"><ele>658.300</ele><time>2026-09-13T15:57:16Z</time><speed>0.000</speed><sat>15</sat></trkpt>
  <trkpt lat="-33.45812000" lon="-70.54794000"><ele>658.300</ele><time>2026-09-13T15:57:17Z</time><speed>0.000</speed><sat>14</sat></trkpt>
  <trkpt lat="-33.45812000" lon="-70.54794000"><ele>658.300</ele><time>2026-09-13T15:57:18Z</time><speed>0.000</speed><sat>16</sat></trkpt>
  <trkpt lat="-33.45812000" lon="-70.54794000"><ele>658.300</ele><time>2026-09-13T15:57:19Z</time><speed>0.000</speed><sat>14</sat></trkpt>
  <trkpt lat="-33.45812000" lon="-70.54794000"><ele>658.300</ele><time>2026-09-13T15:57:20Z</time><speed>0.000</speed><sat>15</sat></trkpt>
  <trkpt lat="-33.45812000" lon="-70.54794000"><ele>658.300</ele><time>2026-09-13T15:57:21Z</time><speed>0.000</speed><sat>13</sat></trkpt>
  <trkpt lat="-33.45812000" lon="-70.54794000"><ele>658.300</ele><time>2026-09-13T15:57:22Z</time><speed>0.000</speed><sat>14</sat></trkpt>
  <trkpt lat="-33.45812000" lon="-70.54794000"><ele>658.300</ele><time>2026-09-13T15:57:23Z</time><speed>0.000</speed><sat>13</sat></trkpt>
  <trkpt lat="-33.45812000" lon="-70.54794000"><ele>658.300</ele><time>2026-09-13T15:57:24Z</time><speed>0.000</speed><sat>13</sat></trkpt>
  <trkpt lat="-33.45812000" lon="-70.54794000"><ele>658.300</ele><time>2026-09-13T15:57:25Z</time><speed>0.000</speed><sat>10</sat></trkpt>
  <trkpt lat="-33.45811000" lon="-70.54782833"><ele>657.600</ele><time>2026-09-13T15:57:26Z</time><speed>0.112</speed><sat>10</sat></trkpt>
  <trkpt lat="-33.45809167" lon="-70.54781000"><ele>657.700</ele><time>2026-09-13T15:57:27Z</time><speed>0.131</speed><sat>12</sat></trkpt>
  <trkpt lat="-33.45808167" lon="-70.54780333"><ele>657.700</ele><time>2026-09-13T15:57:28Z</time><speed>0.000</speed><sat>13</sat></trkpt>
  <trkpt lat="-33.45807667" lon="-70.54780333"><ele>657.700</ele><time>2026-09-13T15:57:29Z</time><speed>0.000</speed><sat>13</sat></trkpt>
  <trkpt lat="-33.45806500" lon="-70.54780000"><ele>657.700</ele><time>2026-09-13T15:57:30Z</time><speed>0.000</speed><sat>14</sat></trkpt>
  <trkpt lat="-33.45806500" lon="-70.54780000"><ele>657.700</ele><time>2026-09-13T15:57:31Z</time><speed>0.000</speed><sat>14</sat></trkpt>
  <trkpt lat="-33.45806500" lon="-70.54780000"><ele>657.700</ele><time>2026-09-13T15:57:32Z</time><speed>0.000</speed><sat>14</sat></trkpt>
  <trkpt lat="-33.45806500" lon="-70.54780000"><ele>657.700</ele><time>2026-09-13T15:57:33Z</time><speed>0.000</speed><sat>15</sat></trkpt>
  <trkpt lat="-33.45806500" lon="-70.54780000"><ele>657.700</ele><time>2026-09-13T15:57:34Z</time><speed>0.000</speed><sat>15</sat></trkpt>
  <trkpt lat="-33.45806500" lon="-70.54780000"><ele>657.700</ele><time>2026-09-13T15:57:35Z</time><speed>0.000</speed><sat>15</sat></trkpt>
  <trkpt lat="-33.45806500" lon="-70.54780000"><ele>657.700</ele><time>2026-09-13T15:57:36Z</time><speed>0.000</speed><sat>15</sat></trkpt>
  <trkpt lat="-33.45806500" lon="-70.54780000"><ele>657.700</ele><time>2026-09-13T15:57:37Z</time><speed>0.000</speed><sat>15</sat></trkpt>
  <trkpt lat="-33.45806500" lon="-70.54780000"><ele>657.700</ele><time>2026-09-13T15:57:38Z</time><speed>0.000</speed><sat>14</sat></trkpt>
  <trkpt lat="-33.45806500" lon="-70.54780000"><ele>657.700</ele><time>2026-09-13T15:57:39Z</time><speed>0.000</speed><sat>14</sat></trkpt>
  <trkpt lat="-33.45806500" lon="-70.54780000"><ele>657.700</ele><time>2026-09-13T15:57:40Z</time><speed>0.000</speed><sat>14</sat></trkpt>
  <trkpt lat="-33.45806500" lon="-70.54780000"><ele>657.700</ele><time>2026-09-13T15:57:41Z</time><speed>0.000</speed><sat>14</sat></trkpt>
  <trkpt lat="-33.45806500" lon="-70.54780000"><ele>657.700</ele><time>2026-09-13T15:57:42Z</time><speed>0.000</speed><sat>14</sat></trkpt>
  <trkpt lat="-33.45806500" lon="-70.54780000"><ele>657.700</ele><time>2026-09-13T15:57:43Z</time><speed>0.000</speed><sat>14</sat></trkpt>
  <trkpt lat="-33.45806500" lon="-70.54780000"><ele>657.700</ele><time>2026-09-13T15:57:44Z</time><speed>0.000</speed><sat>13</sat></trkpt>
  <trkpt lat="-33.45809000" lon="-70.54780833"><ele>657.900</ele><time>2026-09-13T15:57:45Z</time><speed>0.103</speed><sat>11</sat></trkpt>
  <trkpt lat="-33.45808667" lon="-70.54781000"><ele>658.300</ele><time>2026-09-13T15:57:46Z</time><speed>0.000</speed><sat>12</sat></trkpt>
  <trkpt lat="-33.45809167" lon="-70.54780833"><ele>658.400</ele><time>2026-09-13T15:57:47Z</time><speed>0.000</speed><sat>11</sat></trkpt>
  <trkpt lat="-33.45809000" lon="-70.54781000"><ele>658.500</ele><time>2026-09-13T15:57:48Z</time><speed>0.000</speed><sat>12</sat></trkpt>
  <trkpt lat="-33.45809000" lon="-70.54781000"><ele>658.500</ele><time>2026-09-13T15:57:49Z</time><speed>0.000</speed><sat>13</sat></trkpt>
  <trkpt lat="-33.45809000" lon="-70.54781000"><ele>658.500</ele><time>2026-09-13T15:57:50Z</time><speed>0.000</speed><sat>14</sat></trkpt>
  <trkpt lat="-33.45809000" lon="-70.54781000"><ele>658.500</ele><time>2026-09-13T15:57:51Z</time><speed>0.000</speed><sat>15</sat></trkpt>
  <trkpt lat="-33.45809000" lon="-70.54781000"><ele>658.500</ele><time>2026-09-13T15:57:52Z</time><speed>0.000</speed><sat>15</sat></trkpt>
  <trkpt lat="-33.45809000" lon="-70.54781000"><ele>658.500</ele><time>2026-09-13T15:57:53Z</time><speed>0.000</speed><sat>14</sat></trkpt>
  <trkpt lat="-33.45809000" lon="-70.54781000"><ele>658.500</ele><time>2026-09-13T15:57:54Z</time><speed>0.000</speed><sat>15</sat></trkpt>
  <trkpt lat="-33.45809000" lon="-70.54781000"><ele>658.500</ele><time>2026-09-13T15:57:55Z</time><speed>0.000</speed><sat>16</sat></trkpt>
  <trkpt lat="-33.45809000" lon="-70.54781000"><ele>658.500</ele><time>2026-09-13T15:57:56Z</time><speed>0.000</speed><sat>13</sat></trkpt>
  <trkpt lat="-33.45809000" lon="-70.54781000"><ele>658.500</ele><time>2026-09-13T15:57:57Z</time><speed>0.000</speed><sat>14</sat></trkpt>
  <trkpt lat="-33.45810167" lon="-70.54783833"><ele>658.800</ele><time>2026-09-13T15:57:58Z</time><speed>1.802</speed><sat>16</sat></trkpt>
  <trkpt lat="-33.45811500" lon="-70.54786667"><ele>658.700</ele><time>2026-09-13T15:57:59Z</time><speed>2.506</speed><sat>17</sat></trkpt>
  <trkpt lat="-33.45811833" lon="-70.54788500"><ele>658.600</ele><time>2026-09-13T15:58:00Z</time><speed>2.282</speed><sat>16</sat></trkpt>
  <trkpt lat="-33.45812667" lon="-70.54791167"><ele>658.900</ele><time>2026-09-13T15:58:01Z</time><speed>2.627</speed><sat>17</sat></trkpt>
  <trkpt lat="-33.45814333" lon="-70.54794167"><ele>659.200</ele><time>2026-09-13T15:58:02Z</time><speed>2.998</speed><sat>15</sat></trkpt>
  <trkpt lat="-33.45815667" lon="-70.54797167"><ele>659.500</ele><time>2026-09-13T15:58:03Z</time><speed>3.004</speed><sat>15</sat></trkpt>
  <trkpt lat="-33.45817333" lon="-70.54800667"><ele>658.500</ele><time>2026-09-13T15:58:04Z</time><speed>2.646</speed><sat>15</sat></trkpt>
  <trkpt lat="-33.45818667" lon="-70.54803833"><ele>657.800</ele><time>2026-09-13T15:58:05Z</time><speed>2.727</speed><sat>16</sat></trkpt>
  <trkpt lat="-33.45820167" lon="-70.54807000"><ele>657.400</ele><time>2026-09-13T15:58:06Z</time><speed>3.109</speed><sat>16</sat></trkpt>
  <trkpt lat="-33.45821500" lon="-70.54809833"><ele>656.900</ele><time>2026-09-13T15:58:07Z</time><speed>2.945</speed><sat>16</sat></trkpt>
  <trkpt lat="-33.45822333" lon="-70.54812333"><ele>656.800</ele><time>2026-09-13T15:58:08Z</time><speed>2.370</speed><sat>16</sat></trkpt>
  <trkpt lat="-33.45823333" lon="-70.54813833"><ele>657.500</ele><time>2026-09-13T15:58:09Z</time><speed>2.127</speed><sat>16</sat></trkpt>
  <trkpt lat="-33.45824667" lon="-70.54816833"><ele>657.300</ele><time>2026-09-13T15:58:10Z</time><speed>2.621</speed><sat>17</sat></trkpt>
  <trkpt lat="-33.45824833" lon="-70.54819167"><ele>657.200</ele><time>2026-09-13T15:58:11Z</time><speed>2.075</speed><sat>17</sat></trkpt>
  <trkpt lat="-33.45825333" lon="-70.54819167"><ele>657.600</ele><time>2026-09-13T15:58:12Z</time><speed>1.231</speed><sat>15</sat></trkpt>
  <trkpt lat="-33.45825167" lon="-70.54819333"><ele>658.200</ele><time>2026-09-13T15:58:13Z</time><speed>0.000</speed><sat>15</sat></trkpt>
  <trkpt lat="-33.45824500" lon="-70.54820833"><ele>658.200</ele><time>2026-09-13T15:58:14Z</time><speed>0.000</speed><sat>12</sat></trkpt>
  <trkpt lat="-33.45823833" lon="-70.54822000"><ele>658.800</ele><time>2026-09-13T15:58:15Z</time><speed>1.703</speed><sat>14</sat></trkpt>
  <trkpt lat="-33.45822667" lon="-70.54822833"><ele>658.100</ele><time>2026-09-13T15:58:16Z</time><speed>1.395</speed><sat>14</sat></trkpt>
  <trkpt lat="-33.45821833" lon="-70.54824500"><ele>658.100</ele><time>2026-09-13T15:58:17Z</time><speed>1.430</speed><sat>14</sat></trkpt>
  <trkpt lat="-33.45821667" lon="-70.54826667"><ele>658.000</ele><time>2026-09-13T15:58:18Z</time><speed>1.426</speed><sat>15</sat></trkpt>
  <trkpt lat="-33.45821667" lon="-70.54827667"><ele>657.800</ele><time>2026-09-13T15:58:19Z</time><speed>0.000</speed><sat>15</sat></trkpt>
  <trkpt lat="-33.45821167" lon="-70.54828000"><ele>657.700</ele><time>2026-09-13T15:58:20Z</time><speed>0.000</speed><sat>12</sat></trkpt>
  <trkpt lat="-33.45821000" lon="-70.54828500"><ele>657.600</ele><time>2026-09-13T15:58:21Z</time><speed>0.000</speed><sat>14</sat></trkpt>
  <trkpt lat="-33.45821000" lon="-70.54828500"><ele>657.600</ele><time>2026-09-13T15:58:22Z</time><speed>0.000</speed><sat>14</sat></trkpt>
  <trkpt lat="-33.45821000" lon="-70.54828500"><ele>657.600</ele><time>2026-09-13T15:58:23Z</time><speed>0.000</speed><sat>14</sat></trkpt>
  <trkpt lat="-33.45817667" lon="-70.54827833"><ele>658.200</ele><time>2026-09-13T15:58:24Z</time><speed>0.141</speed><sat>15</sat></trkpt>
  <trkpt lat="-33.45816333" lon="-70.54827333"><ele>658.200</ele><time>2026-09-13T15:58:25Z</time><speed>0.154</speed><sat>14</sat></trkpt>
  <trkpt lat="-33.45815500" lon="-70.54826667"><ele>658.600</ele><time>2026-09-13T15:58:26Z</time><speed>0.104</speed><sat>15</sat></trkpt>
  <trkpt lat="-33.45814833" lon="-70.54826833"><ele>658.700</ele><time>2026-09-13T15:58:27Z</time><speed>0.000</speed><sat>14</sat></trkpt>
  <trkpt lat="-33.45814000" lon="-70.54826500"><ele>658.600</ele><time>2026-09-13T15:58:28Z</time><speed>0.000</speed><sat>13</sat></trkpt>
  <trkpt lat="-33.45813500" lon="-70.54826333"><ele>658.600</ele><time>2026-09-13T15:58:29Z</time><speed>0.000</speed><sat>12</sat></trkpt>
  <trkpt lat="-33.45813500" lon="-70.54826333"><ele>658.600</ele><time>2026-09-13T15:58:30Z</time><speed>0.000</speed><sat>12</sat></trkpt>
  <trkpt lat="-33.45813500" lon="-70.54826333"><ele>658.600</ele><time>2026-09-13T15:58:31Z</time><speed>0.000</speed><sat>12</sat></trkpt>
  <trkpt lat="-33.45813500" lon="-70.54826333"><ele>658.600</ele><time>2026-09-13T15:58:32Z</time><speed>0.000</speed><sat>12</sat></trkpt>
  <trkpt lat="-33.45813500" lon="-70.54826333"><ele>658.600</ele><time>2026-09-13T15:58:33Z</time><speed>0.000</speed><sat>14</sat></trkpt>
  <trkpt lat="-33.45813500" lon="-70.54826333"><ele>658.600</ele><time>2026-09-13T15:58:34Z</time><speed>0.000</speed><sat>14</sat></trkpt>
  <trkpt lat="-33.45813500" lon="-70.54826333"><ele>658.600</ele><time>2026-09-13T15:58:35Z</time><speed>0.000</speed><sat>14</sat></trkpt>
  <trkpt lat="-33.45813500" lon="-70.54826333"><ele>658.600</ele><time>2026-09-13T15:58:36Z</time><speed>0.000</speed><sat>14</sat></trkpt>
  <trkpt lat="-33.45813500" lon="-70.54826333"><ele>658.600</ele><time>2026-09-13T15:58:37Z</time><speed>0.000</speed><sat>14</sat></trkpt>
  <trkpt lat="-33.45813500" lon="-70.54826333"><ele>658.600</ele><time>2026-09-13T15:58:38Z</time><speed>0.000</speed><sat>14</sat></trkpt>
  <trkpt lat="-33.45813500" lon="-70.54826333"><ele>658.600</ele><time>2026-09-13T15:58:39Z</time><speed>0.000</speed><sat>14</sat></trkpt>
  <trkpt lat="-33.45813500" lon="-70.54826333"><ele>658.600</ele><time>2026-09-13T15:58:40Z</time><speed>0.000</speed><sat>15</sat></trkpt>
  <trkpt lat="-33.45813500" lon="-70.54826333"><ele>658.600</ele><time>2026-09-13T15:58:41Z</time><speed>0.000</speed><sat>15</sat></trkpt>
  <trkpt lat="-33.45804333" lon="-70.54822667"><ele>655.300</ele><time>2026-09-13T15:58:42Z</time><speed>0.153</speed><sat>15</sat></trkpt>
  <trkpt lat="-33.45803333" lon="-70.54822000"><ele>655.100</ele><time>2026-09-13T15:58:43Z</time><speed>0.128</speed><sat>14</sat></trkpt>
  <trkpt lat="-33.45802333" lon="-70.54821667"><ele>655.200</ele><time>2026-09-13T15:58:44Z</time><speed>0.118</speed><sat>15</sat></trkpt>
  <trkpt lat="-33.45801333" lon="-70.54821167"><ele>655.100</ele><time>2026-09-13T15:58:45Z</time><speed>0.120</speed><sat>15</sat></trkpt>
  <trkpt lat="-33.45799833" lon="-70.54820833"><ele>655.700</ele><time>2026-09-13T15:58:46Z</time><speed>0.179</speed><sat>16</sat></trkpt>
  <trkpt lat="-33.45798000" lon="-70.54820167"><ele>656.000</ele><time>2026-09-13T15:58:47Z</time><speed>0.169</speed><sat>16</sat></trkpt>
  <trkpt lat="-33.45796833" lon="-70.54819833"><ele>655.900</ele><time>2026-09-13T15:58:48Z</time><speed>0.131</speed><sat>15</sat></trkpt>
  <trkpt lat="-33.45795333" lon="-70.54819333"><ele>655.800</ele><time>2026-09-13T15:58:49Z</time><speed>1.407</speed><sat>15</sat></trkpt>
  <trkpt lat="-33.45793833" lon="-70.54818667"><ele>655.700</ele><time>2026-09-13T15:58:50Z</time><speed>2.028</speed><sat>16</sat></trkpt>
  <trkpt lat="-33.45792000" lon="-70.54818000"><ele>656.700</ele><time>2026-09-13T15:58:51Z</time><speed>2.027</speed><sat>16</sat></trkpt>
  <trkpt lat="-33.45789667" lon="-70.54817333"><ele>657.400</ele><time>2026-09-13T15:58:52Z</time><speed>2.351</speed><sat>16</sat></trkpt>
  <trkpt lat="-33.45787667" lon="-70.54817000"><ele>658.100</ele><time>2026-09-13T15:58:53Z</time><speed>2.083</speed><sat>16</sat></trkpt>
  <trkpt lat="-33.45785500" lon="-70.54816333"><ele>658.600</ele><time>2026-09-13T15:58:54Z</time><speed>2.267</speed><sat>16</sat></trkpt>
  <trkpt lat="-33.45783167" lon="-70.54815500"><ele>658.600</ele><time>2026-09-13T15:58:55Z</time><speed>2.838</speed><sat>16</sat></trkpt>
  <trkpt lat="-33.45780333" lon="-70.54814667"><ele>658.700</ele><time>2026-09-13T15:58:56Z</time><speed>2.946</speed><sat>16</sat></trkpt>
  <trkpt lat="-33.45777500" lon="-70.54813667"><ele>658.700</ele><time>2026-09-13T15:58:57Z</time><speed>3.191</speed><sat>16</sat></trkpt>
  <trkpt lat="-33.45774000" lon="-70.54812167"><ele>658.900</ele><time>2026-09-13T15:58:58Z</time><speed>3.765</speed><sat>15</sat></trkpt>
  <trkpt lat="-33.45770167" lon="-70.54810833"><ele>659.500</ele><time>2026-09-13T15:58:59Z</time><speed>4.151</speed><sat>14</sat></trkpt>
  <trkpt lat="-33.45766167" lon="-70.54809500"><ele>660.100</ele><time>2026-09-13T15:59:00Z</time><speed>4.421</speed><sat>14</sat></trkpt>
  <trkpt lat="-33.45762000" lon="-70.54808500"><ele>660.600</ele><time>2026-09-13T15:59:01Z</time><speed>4.700</speed><sat>14</sat></trkpt>
  <trkpt lat="-33.45757667" lon="-70.54808167"><ele>661.200</ele><time>2026-09-13T15:59:02Z</time><speed>4.928</speed><sat>14</sat></trkpt>
  <trkpt lat="-33.45753000" lon="-70.54807333"><ele>661.800</ele><time>2026-09-13T15:59:03Z</time><speed>5.147</speed><sat>14</sat></trkpt>
  <trkpt lat="-33.45748500" lon="-70.54806000"><ele>662.500</ele><time>2026-09-13T15:59:04Z</time><speed>5.177</speed><sat>14</sat></trkpt>
  <trkpt lat="-33.45743667" lon="-70.54804500"><ele>663.100</ele><time>2026-09-13T15:59:05Z</time><speed>5.627</speed><sat>15</sat></trkpt>
  <trkpt lat="-33.45738500" lon="-70.54802833"><ele>664.000</ele><time>2026-09-13T15:59:06Z</time><speed>5.877</speed><sat>15</sat></trkpt>
  <trkpt lat="-33.45733667" lon="-70.54801667"><ele>664.100</ele><time>2026-09-13T15:59:07Z</time><speed>5.369</speed><sat>15</sat></trkpt>
  <trkpt lat="-33.45729167" lon="-70.54801000"><ele>663.900</ele><time>2026-09-13T15:59:08Z</time><speed>5.060</speed><sat>15</sat></trkpt>
  <trkpt lat="-33.45724333" lon="-70.54799833"><ele>663.100</ele><time>2026-09-13T15:59:09Z</time><speed>5.572</speed><sat>15</sat></trkpt>
  <trkpt lat="-33.45719167" lon="-70.54798833"><ele>662.500</ele><time>2026-09-13T15:59:10Z</time><speed>6.109</speed><sat>15</sat></trkpt>
  <trkpt lat="-33.45714000" lon="-70.54797833"><ele>662.300</ele><time>2026-09-13T15:59:11Z</time><speed>5.996</speed><sat>15</sat></trkpt>
  <trkpt lat="-33.45708667" lon="-70.54796500"><ele>660.800</ele><time>2026-09-13T15:59:12Z</time><speed>6.278</speed><sat>15</sat></trkpt>
  <trkpt lat="-33.45703667" lon="-70.54795833"><ele>660.100</ele><time>2026-09-13T15:59:13Z</time><speed>5.901</speed><sat>15</sat></trkpt>
  <trkpt lat="-33.45698500" lon="-70.54795000"><ele>659.800</ele><time>2026-09-13T15:59:14Z</time><speed>5.701</speed><sat>15</sat></trkpt>
  <trkpt lat="-33.45693500" lon="-70.54794167"><ele>659.800</ele><time>2026-09-13T15:59:15Z</time><speed>5.135</speed><sat>15</sat></trkpt>
  <trkpt lat="-33.45688500" lon="-70.54793667"><ele>660.200</ele><time>2026-09-13T15:59:16Z</time><speed>5.603</speed><sat>15</sat></trkpt>
  <trkpt lat="-33.45683667" lon="-70.54792500"><ele>660.100</ele><time>2026-09-13T15:59:17Z</time><speed>5.219</speed><sat>15</sat></trkpt>
  <trkpt lat="-33.45679333" lon="-70.54791167"><ele>661.400</ele><time>2026-09-13T15:59:18Z</time><speed>5.020</speed><sat>15</sat></trkpt>
  <trkpt lat="-33.45675167" lon="-70.54790167"><ele>661.400</ele><time>2026-09-13T15:59:19Z</time><speed>4.771</speed><sat>15</sat></trkpt>
  <trkpt lat="-33.45670833" lon="-70.54789333"><ele>661.500</ele><time>2026-09-13T15:59:20Z</time><speed>4.943</speed><sat>15</sat></trkpt>
  <trkpt lat="-33.45666833" lon="-70.54788167"><ele>661.400</ele><time>2026-09-13T15:59:21Z</time><speed>4.777</speed><sat>15</sat></trkpt>
  <trkpt lat="-33.45662667" lon="-70.54786667"><ele>661.100</ele><time>2026-09-13T15:59:22Z</time><speed>4.635</speed><sat>15</sat></trkpt>
  <trkpt lat="-33.45659167" lon="-70.54785500"><ele>660.800</ele><time>2026-09-13T15:59:23Z</time><speed>4.168</speed><sat>15</sat></trkpt>
  <trkpt lat="-33.45655833" lon="-70.54784667"><ele>660.600</ele><time>2026-09-13T15:59:24Z</time><speed>3.670</speed><sat>15</sat></trkpt>
  <trkpt lat="-33.45652333" lon="-70.54783833"><ele>660.200</ele><time>2026-09-13T15:59:25Z</time><speed>3.634</speed><sat>15</sat></trkpt>
  <trkpt lat="-33.45649833" lon="-70.54783167"><ele>660.000</ele><time>2026-09-13T15:59:26Z</time><speed>2.931</speed><sat>16</sat></trkpt>
  <trkpt lat="-33.45646500" lon="-70.54782167"><ele>659.800</ele><time>2026-09-13T15:59:27Z</time><speed>3.610</speed><sat>16</sat></trkpt>
  <trkpt lat="-33.45644000" lon="-70.54781167"><ele>659.700</ele><time>2026-09-13T15:59:28Z</time><speed>2.758</speed><sat>16</sat></trkpt>
  <trkpt lat="-33.45641667" lon="-70.54780000"><ele>659.000</ele><time>2026-09-13T15:59:29Z</time><speed>2.586</speed><sat>16</sat></trkpt>
  <trkpt lat="-33.45639333" lon="-70.54779167"><ele>658.500</ele><time>2026-09-13T15:59:30Z</time><speed>2.745</speed><sat>16</sat></trkpt>
  <trkpt lat="-33.45637167" lon="-70.54778667"><ele>658.300</ele><time>2026-09-13T15:59:31Z</time><speed>2.492</speed><sat>16</sat></trkpt>
  <trkpt lat="-33.45635167" lon="-70.54777833"><ele>658.100</ele><time>2026-09-13T15:59:32Z</time><speed>2.483</speed><sat>16</sat></trkpt>
  <trkpt lat="-33.45632667" lon="-70.54777000"><ele>658.100</ele><time>2026-09-13T15:59:33Z</time><speed>3.018</speed><sat>16</sat></trkpt>
  <trkpt lat="-33.45630333" lon="-70.54776167"><ele>658.000</ele><time>2026-09-13T15:59:34Z</time><speed>2.785</speed><sat>16</sat></trkpt>
  <trkpt lat="-33.45627667" lon="-70.54775667"><ele>657.800</ele><time>2026-09-13T15:59:35Z</time><speed>3.118</speed><sat>17</sat></trkpt>
  <trkpt lat="-33.45625000" lon="-70.54774833"><ele>657.500</ele><time>2026-09-13T15:59:36Z</time><speed>3.157</speed><sat>17</sat></trkpt>
  <trkpt lat="-33.45622333" lon="-70.54774000"><ele>657.400</ele><time>2026-09-13T15:59:37Z</time><speed>3.004</speed><sat>17</sat></trkpt>
  <trkpt lat="-33.45619500" lon="-70.54773167"><ele>657.200</ele><time>2026-09-13T15:59:38Z</time><speed>3.254</speed><sat>17</sat></trkpt>
  <trkpt lat="-33.45617000" lon="-70.54772000"><ele>658.700</ele><time>2026-09-13T15:59:39Z</time><speed>2.475</speed><sat>17</sat></trkpt>
  <trkpt lat="-33.45615000" lon="-70.54771667"><ele>659.200</ele><time>2026-09-13T15:59:40Z</time><speed>2.140</speed><sat>18</sat></trkpt>
  <trkpt lat="-33.45612833" lon="-70.54771167"><ele>659.300</ele><time>2026-09-13T15:59:41Z</time><speed>2.442</speed><sat>18</sat></trkpt>
  <trkpt lat="-33.45611167" lon="-70.54770667"><ele>659.400</ele><time>2026-09-13T15:59:42Z</time><speed>1.698</speed><sat>18</sat></trkpt>
  <trkpt lat="-33.45609833" lon="-70.54770500"><ele>662.100</ele><time>2026-09-13T15:59:43Z</time><speed>1.550</speed><sat>18</sat></trkpt>
  <trkpt lat="-33.45608667" lon="-70.54770333"><ele>664.400</ele><time>2026-09-13T15:59:44Z</time><speed>1.641</speed><sat>19</sat></trkpt>
  <trkpt lat="-33.45607833" lon="-70.54770000"><ele>665.800</ele><time>2026-09-13T15:59:45Z</time><speed>0.000</speed><sat>19</sat></trkpt>
  <trkpt lat="-33.45607000" lon="-70.54769833"><ele>666.100</ele><time>2026-09-13T15:59:46Z</time><speed>0.000</speed><sat>18</sat></trkpt>
  <trkpt lat="-33.45606500" lon="-70.54769500"><ele>667.200</ele><time>2026-09-13T15:59:47Z</time><speed>0.000</speed><sat>17</sat></trkpt>
  <trkpt lat="-33.45606500" lon="-70.54769500"><ele>667.200</ele><time>2026-09-13T15:59:48Z</time><speed>0.000</speed><sat>16</sat></trkpt>
  <trkpt lat="-33.45606500" lon="-70.54769500"><ele>667.200</ele><time>2026-09-13T15:59:49Z</time><speed>0.000</speed><sat>16</sat></trkpt>
  <trkpt lat="-33.45606500" lon="-70.54769500"><ele>667.200</ele><time>2026-09-13T15:59:50Z</time><speed>0.000</speed><sat>16</sat></trkpt>
  <trkpt lat="-33.45606500" lon="-70.54769500"><ele>667.200</ele><time>2026-09-13T15:59:51Z</time><speed>0.000</speed><sat>16</sat></trkpt>
  <trkpt lat="-33.45606500" lon="-70.54769500"><ele>667.200</ele><time>2026-09-13T15:59:52Z</time><speed>0.000</speed><sat>17</sat></trkpt>
  <trkpt lat="-33.45606500" lon="-70.54769500"><ele>667.200</ele><time>2026-09-13T15:59:53Z</time><speed>0.000</speed><sat>17</sat></trkpt>
  <trkpt lat="-33.45606500" lon="-70.54769500"><ele>667.200</ele><time>2026-09-13T15:59:54Z</time><speed>0.000</speed><sat>16</sat></trkpt>
  <trkpt lat="-33.45606500" lon="-70.54769500"><ele>667.200</ele><time>2026-09-13T15:59:55Z</time><speed>0.000</speed><sat>17</sat></trkpt>
  <trkpt lat="-33.45600833" lon="-70.54770667"><ele>670.600</ele><time>2026-09-13T15:59:56Z</time><speed>0.105</speed><sat>18</sat></trkpt>
  <trkpt lat="-33.45601333" lon="-70.54771667"><ele>671.400</ele><time>2026-09-13T15:59:57Z</time><speed>0.113</speed><sat>17</sat></trkpt>
  <trkpt lat="-33.45601333" lon="-70.54773167"><ele>671.800</ele><time>2026-09-13T15:59:58Z</time><speed>0.126</speed><sat>16</sat></trkpt>
  <trkpt lat="-33.45601000" lon="-70.54774000"><ele>672.900</ele><time>2026-09-13T15:59:59Z</time><speed>0.000</speed><sat>16</sat></trkpt>
  <trkpt lat="-33.45600333" lon="-70.54775500"><ele>673.300</ele><time>2026-09-13T16:00:00Z</time><speed>0.000</speed><sat>13</sat></trkpt>
  <trkpt lat="-33.45601000" lon="-70.54776833"><ele>673.900</ele><time>2026-09-13T16:00:01Z</time><speed>0.000</speed><sat>12</sat></trkpt>
  <trkpt lat="-33.45601000" lon="-70.54776833"><ele>673.900</ele><time>2026-09-13T16:00:02Z</time><speed>0.000</speed><sat>13</sat></trkpt>
  <trkpt lat="-33.45601000" lon="-70.54776833"><ele>673.900</ele><time>2026-09-13T16:00:03Z</time><speed>0.000</speed><sat>12</sat></trkpt>
  <trkpt lat="-33.45601000" lon="-70.54776833"><ele>673.900</ele><time>2026-09-13T16:00:04Z</time><speed>0.000</speed><sat>10</sat></trkpt>
  <trkpt lat="-33.45601000" lon="-70.54776833"><ele>673.900</ele><time>2026-09-13T16:00:05Z</time><speed>0.000</speed><sat>11</sat></trkpt>
  <trkpt lat="-33.45599500" lon="-70.54782167"><ele>673.100</ele><time>2026-09-13T16:00:06Z</time><speed>1.986</speed><sat>11</sat></trkpt>
  <trkpt lat="-33.45600667" lon="-70.54783167"><ele>672.400</ele><time>2026-09-13T16:00:07Z</time><speed>0.000</speed><sat>12</sat></trkpt>
  <trkpt lat="-33.45600500" lon="-70.54783000"><ele>672.300</ele><time>2026-09-13T16:00:08Z</time><speed>0.000</speed><sat>12</sat></trkpt>
  <trkpt lat="-33.45601167" lon="-70.54782167"><ele>672.100</ele><time>2026-09-13T16:00:09Z</time><speed>0.000</speed><sat>13</sat></trkpt>
  <trkpt lat="-33.45601167" lon="-70.54782167"><ele>672.100</ele><time>2026-09-13T16:00:10Z</time><speed>0.000</speed><sat>14</sat></trkpt>
  <trkpt lat="-33.45601167" lon="-70.54782167"><ele>672.100</ele><time>2026-09-13T16:00:11Z</time><speed>0.000</speed><sat>14</sat></trkpt>
  <trkpt lat="-33.45601167" lon="-70.54782167"><ele>672.100</ele><time>2026-09-13T16:00:12Z</time><speed>0.000</speed><sat>13</sat></trkpt>
  <trkpt lat="-33.45601167" lon="-70.54782167"><ele>672.100</ele><time>2026-09-13T16:00:13Z</time><speed>0.000</speed><sat>13</sat></trkpt>
  <trkpt lat="-33.45601167" lon="-70.54782167"><ele>672.100</ele><time>2026-09-13T16:00:14Z</time><speed>0.000</speed><sat>13</sat></trkpt>
  <trkpt lat="-33.45601167" lon="-70.54782167"><ele>672.100</ele><time>2026-09-13T16:00:15Z</time><speed>0.000</speed><sat>11</sat></trkpt>
  <trkpt lat="-33.45601167" lon="-70.54782167"><ele>672.100</ele><time>2026-09-13T16:00:16Z</time><speed>0.000</speed><sat>10</sat></trkpt>
  <trkpt lat="-33.45601167" lon="-70.54782167"><ele>672.100</ele><time>2026-09-13T16:00:17Z</time><speed>0.000</speed><sat>11</sat></trkpt>
  <trkpt lat="-33.45601167" lon="-70.54782167"><ele>672.100</ele><time>2026-09-13T16:00:18Z</time><speed>0.000</speed><sat>12</sat></trkpt>
  <trkpt lat="-33.45601167" lon="-70.54782167"><ele>672.100</ele><time>2026-09-13T16:00:19Z</time><speed>0.000</speed><sat>12</sat></trkpt>
  <trkpt lat="-33.45601167" lon="-70.54782167"><ele>672.100</ele><time>2026-09-13T16:00:20Z</time><speed>0.000</speed><sat>12</sat></trkpt>
  <trkpt lat="-33.45601167" lon="-70.54782167"><ele>672.100</ele><time>2026-09-13T16:00:21Z</time><speed>0.000</speed><sat>14</sat></trkpt>
  <trkpt lat="-33.45597333" lon="-70.54774000"><ele>670.400</ele><time>2026-09-13T16:00:22Z</time><speed>1.967</speed><sat>15</sat></trkpt>
  <trkpt lat="-33.45596833" lon="-70.54772833"><ele>670.400</ele><time>2026-09-13T16:00:23Z</time><speed>1.335</speed><sat>15</sat></trkpt>
  <trkpt lat="-33.45597667" lon="-70.54773833"><ele>670.600</ele><time>2026-09-13T16:00:24Z</time><speed>1.199</speed><sat>14</sat></trkpt>
  <trkpt lat="-33.45599500" lon="-70.54771833"><ele>672.800</ele><time>2026-09-13T16:00:25Z</time><speed>1.168</speed><sat>14</sat></trkpt>
  <trkpt lat="-33.45601333" lon="-70.54772500"><ele>675.700</ele><time>2026-09-13T16:00:26Z</time><speed>0.000</speed><sat>13</sat></trkpt>
  <trkpt lat="-33.45601500" lon="-70.54772167"><ele>675.800</ele><time>2026-09-13T16:00:27Z</time><speed>0.000</speed><sat>14</sat></trkpt>
  <trkpt lat="-33.45601833" lon="-70.54772167"><ele>675.900</ele><time>2026-09-13T16:00:28Z</time><speed>0.000</speed><sat>13</sat></trkpt>
  <trkpt lat="-33.45601833" lon="-70.54772167"><ele>675.900</ele><time>2026-09-13T16:00:29Z</time><speed>0.000</speed><sat>14</sat></trkpt>
  <trkpt lat="-33.45601833" lon="-70.54772167"><ele>675.900</ele><time>2026-09-13T16:00:30Z</time><speed>0.000</speed><sat>16</sat></trkpt>
  <trkpt lat="-33.45601833" lon="-70.54772167"><ele>675.900</ele><time>2026-09-13T16:00:31Z</time><speed>0.000</speed><sat>15</sat></trkpt>
  <trkpt lat="-33.45601833" lon="-70.54772167"><ele>675.900</ele><time>2026-09-13T16:00:32Z</time><speed>0.000</speed><sat>14</sat></trkpt>
  <trkpt lat="-33.45601833" lon="-70.54772167"><ele>675.900</ele><time>2026-09-13T16:00:33Z</time><speed>0.000</speed><sat>14</sat></trkpt>
  <trkpt lat="-33.45601833" lon="-70.54772167"><ele>675.900</ele><time>2026-09-13T16:00:34Z</time><speed>0.000</speed><sat>15</sat></trkpt>
  <trkpt lat="-33.45601833" lon="-70.54772167"><ele>675.900</ele><time>2026-09-13T16:00:35Z</time><speed>0.000</speed><sat>14</sat></trkpt>
  <trkpt lat="-33.45601833" lon="-70.54772167"><ele>675.900</ele><time>2026-09-13T16:00:36Z</time><speed>0.000</speed><sat>14</sat></trkpt>
  <trkpt lat="-33.45601833" lon="-70.54772167"><ele>675.900</ele><time>2026-09-13T16:00:37Z</time><speed>0.000</speed><sat>15</sat></trkpt>
  <trkpt lat="-33.45601833" lon="-70.54772167"><ele>675.900</ele><time>2026-09-13T16:00:38Z</time><speed>0.000</speed><sat>15</sat></trkpt>
  <trkpt lat="-33.45601833" lon="-70.54772167"><ele>675.900</ele><time>2026-09-13T16:00:39Z</time><speed>0.000</speed><sat>15</sat></trkpt>
  <trkpt lat="-33.45601833" lon="-70.54772167"><ele>675.900</ele><time>2026-09-13T16:00:40Z</time><speed>0.000</speed><sat>14</sat></trkpt>
  <trkpt lat="-33.45601833" lon="-70.54772167"><ele>675.900</ele><time>2026-09-13T16:00:41Z</time><speed>0.000</speed><sat>14</sat></trkpt>
  <trkpt lat="-33.45601833" lon="-70.54772167"><ele>675.900</ele><time>2026-09-13T16:00:42Z</time><speed>0.000</speed><sat>14</sat></trkpt>
  <trkpt lat="-33.45601833" lon="-70.54772167"><ele>675.900</ele><time>2026-09-13T16:00:43Z</time><speed>0.000</speed><sat>13</sat></trkpt>
  <trkpt lat="-33.45601833" lon="-70.54772167"><ele>675.900</ele><time>2026-09-13T16:00:44Z</time><speed>0.000</speed><sat>11</sat></trkpt>
  <trkpt lat="-33.45601833" lon="-70.54772167"><ele>675.900</ele><time>2026-09-13T16:00:45Z</time><speed>0.000</speed><sat>9</sat></trkpt>
  <trkpt lat="-33.45601833" lon="-70.54772167"><ele>675.900</ele><time>2026-09-13T16:00:46Z</time><speed>0.000</speed><sat>12</sat></trkpt>
  <trkpt lat="-33.45601833" lon="-70.54772167"><ele>675.900</ele><time>2026-09-13T16:00:47Z</time><speed>0.000</speed><sat>11</sat></trkpt>
  <trkpt lat="-33.45601833" lon="-70.54772167"><ele>675.900</ele><time>2026-09-13T16:00:48Z</time><speed>0.000</speed><sat>12</sat></trkpt>
  <trkpt lat="-33.45601833" lon="-70.54772167"><ele>675.900</ele><time>2026-09-13T16:00:49Z</time><speed>0.000</speed><sat>11</sat></trkpt>
  <trkpt lat="-33.45601833" lon="-70.54772167"><ele>675.900</ele><time>2026-09-13T16:00:50Z</time><speed>0.000</speed><sat>11</sat></trkpt>
  <trkpt lat="-33.45601833" lon="-70.54772167"><ele>675.900</ele><time>2026-09-13T16:00:51Z</time><speed>0.000</speed><sat>12</sat></trkpt>
  <trkpt lat="-33.45599333" lon="-70.54779333"><ele>675.000</ele><time>2026-09-13T16:00:52Z</time><speed>1.113</speed><sat>14</sat></trkpt>
  <trkpt lat="-33.45599167" lon="-70.54779833"><ele>675.000</ele><time>2026-09-13T16:00:53Z</time><speed>0.000</speed><sat>13</sat></trkpt>
  <trkpt lat="-33.45599667" lon="-70.54780500"><ele>675.000</ele><time>2026-09-13T16:00:54Z</time><speed>0.000</speed><sat>12</sat></trkpt>
  <trkpt lat="-33.45599500" lon="-70.54780833"><ele>675.100</ele><time>2026-09-13T16:00:55Z</time><speed>0.000</speed><sat>13</sat></trkpt>
  <trkpt lat="-33.45599500" lon="-70.54780833"><ele>675.100</ele><time>2026-09-13T16:00:56Z</time><speed>0.000</speed><sat>12</sat></trkpt>
  <trkpt lat="-33.45599500" lon="-70.54780833"><ele>675.100</ele><time>2026-09-13T16:00:57Z</time><speed>0.000</speed><sat>12</sat></trkpt>
  <trkpt lat="-33.45599500" lon="-70.54780833"><ele>675.100</ele><time>2026-09-13T16:00:58Z</time><speed>0.000</speed><sat>12</sat></trkpt>
  <trkpt lat="-33.45599500" lon="-70.54780833"><ele>675.100</ele><time>2026-09-13T16:00:59Z</time><speed>0.000</speed><sat>13</sat></trkpt>
  <trkpt lat="-33.45599500" lon="-70.54780833"><ele>675.100</ele><time>2026-09-13T16:01:00Z</time><speed>0.000</speed><sat>14</sat></trkpt>
  <trkpt lat="-33.45599500" lon="-70.54780833"><ele>675.100</ele><time>2026-09-13T16:01:01Z</time><speed>0.000</speed><sat>14</sat></trkpt>
  <trkpt lat="-33.45599500" lon="-70.54780833"><ele>675.100</ele><time>2026-09-13T16:01:02Z</time><speed>0.000</speed><sat>14</sat></trkpt>
  <trkpt lat="-33.45599500" lon="-70.54780833"><ele>675.100</ele><time>2026-09-13T16:01:03Z</time><speed>0.000</speed><sat>14</sat></trkpt>
  <trkpt lat="-33.45599500" lon="-70.54780833"><ele>675.100</ele><time>2026-09-13T16:01:04Z</time><speed>0.000</speed><sat>14</sat></trkpt>
  <trkpt lat="-33.45599500" lon="-70.54780833"><ele>675.100</ele><time>2026-09-13T16:01:05Z</time><speed>0.000</speed><sat>14</sat></trkpt>
  <trkpt lat="-33.45599500" lon="-70.54780833"><ele>675.100</ele><time>2026-09-13T16:01:06Z</time><speed>0.000</speed><sat>14</sat></trkpt>
  <trkpt lat="-33.45599500" lon="-70.54780833"><ele>675.100</ele><time>2026-09-13T16:01:07Z</time><speed>0.000</speed><sat>14</sat></trkpt>
  <trkpt lat="-33.45599500" lon="-70.54780833"><ele>675.100</ele><time>2026-09-13T16:01:08Z</time><speed>0.000</speed><sat>15</sat></trkpt>
  <trkpt lat="-33.45599500" lon="-70.54780833"><ele>675.100</ele><time>2026-09-13T16:01:09Z</time><speed>0.000</speed><sat>16</sat></trkpt>
  <trkpt lat="-33.45599500" lon="-70.54780833"><ele>675.100</ele><time>2026-09-13T16:01:10Z</time><speed>0.000</speed><sat>16</sat></trkpt>
  <trkpt lat="-33.45599500" lon="-70.54780833"><ele>675.100</ele><time>2026-09-13T16:01:11Z</time><speed>0.000</speed><sat>16</sat></trkpt>
  <trkpt lat="-33.45599500" lon="-70.54780833"><ele>675.100</ele><time>2026-09-13T16:01:12Z</time><speed>0.000</speed><sat>14</sat></trkpt>
  <trkpt lat="-33.45599500" lon="-70.54780833"><ele>675.100</ele><time>2026-09-13T16:01:13Z</time><speed>0.000</speed><sat>15</sat></trkpt>
  <trkpt lat="-33.45599500" lon="-70.54780833"><ele>675.100</ele><time>2026-09-13T16:01:14Z</time><speed>0.000</speed><sat>15</sat></trkpt>
  <trkpt lat="-33.45599500" lon="-70.54780833"><ele>675.100</ele><time>2026-09-13T16:01:15Z</time><speed>0.000</speed><sat>16</sat></trkpt>
  <trkpt lat="-33.45599500" lon="-70.54780833"><ele>675.100</ele><time>2026-09-13T16:01:16Z</time><speed>0.000</speed><sat>16</sat></trkpt>
  <trkpt lat="-33.45599500" lon="-70.54780833"><ele>675.100</ele><time>2026-09-13T16:01:17Z</time><speed>0.000</speed><sat>16</sat></trkpt>
  <trkpt lat="-33.45599500" lon="-70.54780833"><ele>675.100</ele><time>2026-09-13T16:01:18Z</time><speed>0.000</speed><sat>16</sat></trkpt>
  <trkpt lat="-33.45599500" lon="-70.54780833"><ele>675.100</ele><time>2026-09-13T16:01:19Z</time><speed>0.000</speed><sat>15</sat></trkpt>
  <trkpt lat="-33.45599500" lon="-70.54780833"><ele>675.100</ele><time>2026-09-13T16:01:20Z</time><speed>0.000</speed><sat>15</sat></trkpt>
  <trkpt lat="-33.45599500" lon="-70.54780833"><ele>675.100</ele><time>2026-09-13T16:01:21Z</time><speed>0.000</speed><sat>16</sat></trkpt>
  <trkpt lat="-33.45599500" lon="-70.54780833"><ele>675.100</ele><time>2026-09-13T16:01:22Z</time><speed>0.000</speed><sat>16</sat></trkpt>
  <trkpt lat="-33.45599500" lon="-70.54780833"><ele>675.100</ele><time>2026-09-13T16:01:23Z</time><speed>0.000</speed><sat>14</sat></trkpt>
  <trkpt lat="-33.45599500" lon="-70.54780833"><ele>675.100</ele><time>2026-09-13T16:01:24Z</time><speed>0.000</speed><sat>14</sat></trkpt>
  <trkpt lat="-33.45599500" lon="-70.54780833"><ele>675.100</ele><time>2026-09-13T16:01:25Z</time><speed>0.000</speed><sat>15</sat></trkpt>
  <trkpt lat="-33.45599500" lon="-70.54780833"><ele>675.100</ele><time>2026-09-13T16:01:26Z</time><speed>0.000</speed><sat>15</sat></trkpt>
  <trkpt lat="-33.45599500" lon="-70.54780833"><ele>675.100</ele><time>2026-09-13T16:01:27Z</time><speed>0.000</speed><sat>15</sat></trkpt>
  <trkpt lat="-33.45599500" lon="-70.54780833"><ele>675.100</ele><time>2026-09-13T16:01:28Z</time><speed>0.000</speed><sat>15</sat></trkpt>
  <trkpt lat="-33.45599500" lon="-70.54780833"><ele>675.100</ele><time>2026-09-13T16:01:29Z</time><speed>0.000</speed><sat>19</sat></trkpt>
  <trkpt lat="-33.45599500" lon="-70.54780833"><ele>675.100</ele><time>2026-09-13T16:01:30Z</time><speed>0.000</speed><sat>18</sat></trkpt>
  <trkpt lat="-33.45599500" lon="-70.54780833"><ele>675.100</ele><time>2026-09-13T16:01:31Z</time><speed>0.000</speed><sat>19</sat></trkpt>
  <trkpt lat="-33.45599500" lon="-70.54780833"><ele>675.100</ele><time>2026-09-13T16:01:32Z</time><speed>0.000</speed><sat>19</sat></trkpt>
  <trkpt lat="-33.45599500" lon="-70.54780833"><ele>675.100</ele><time>2026-09-13T16:01:33Z</time><speed>0.000</speed><sat>19</sat></trkpt>
  <trkpt lat="-33.45599500" lon="-70.54780833"><ele>675.100</ele><time>2026-09-13T16:01:34Z</time><speed>0.000</speed><sat>20</sat></trkpt>
  <trkpt lat="-33.45599500" lon="-70.54780833"><ele>675.100</ele><time>2026-09-13T16:01:35Z</time><speed>0.000</speed><sat>20</sat></trkpt>
  <trkpt lat="-33.45599500" lon="-70.54780833"><ele>675.100</ele><time>2026-09-13T16:01:36Z</time><speed>0.000</speed><sat>20</sat></trkpt>
  <trkpt lat="-33.45599500" lon="-70.54780833"><ele>675.100</ele><time>2026-09-13T16:01:37Z</time><speed>0.000</speed><sat>20</sat></trkpt>
  <trkpt lat="-33.45599500" lon="-70.54780833"><ele>675.100</ele><time>2026-09-13T16:01:38Z</time><speed>0.000</speed><sat>20</sat></trkpt>
  <trkpt lat="-33.45599500" lon="-70.54780833"><ele>675.100</ele><time>2026-09-13T16:01:39Z</time><speed>0.000</speed><sat>21</sat></trkpt>
  <trkpt lat="-33.45599500" lon="-70.54780833"><ele>675.100</ele><time>2026-09-13T16:01:40Z</time><speed>0.000</speed><sat>21</sat></trkpt>
  <trkpt lat="-33.45599500" lon="-70.54780833"><ele>675.100</ele><time>2026-09-13T16:01:41Z</time><speed>0.000</speed><sat>20</sat></trkpt>
  <trkpt lat="-33.45599500" lon="-70.54780833"><ele>675.100</ele><time>2026-09-13T16:01:42Z</time><speed>0.000</speed><sat>19</sat></trkpt>
  <trkpt lat="-33.45599500" lon="-70.54780833"><ele>675.100</ele><time>2026-09-13T16:01:43Z</time><speed>0.000</speed><sat>21</sat></trkpt>
  <trkpt lat="-33.45599500" lon="-70.54780833"><ele>675.100</ele><time>2026-09-13T16:01:44Z</time><speed>0.000</speed><sat>19</sat></trkpt>
  <trkpt lat="-33.45599500" lon="-70.54780833"><ele>675.100</ele><time>2026-09-13T16:01:45Z</time><speed>0.000</speed><sat>19</sat></trkpt>
  <trkpt lat="-33.45599500" lon="-70.54780833"><ele>675.100</ele><time>2026-09-13T16:01:46Z</time><speed>0.000</speed><sat>18</sat></trkpt>
  <trkpt lat="-33.45599500" lon="-70.54780833"><ele>675.100</ele><time>2026-09-13T16:01:47Z</time><speed>0.000</speed><sat>17</sat></trkpt>
  <trkpt lat="-33.45599500" lon="-70.54780833"><ele>675.100</ele><time>2026-09-13T16:01:48Z</time><speed>0.000</speed><sat>17</sat></trkpt>
  <trkpt lat="-33.45599500" lon="-70.54780833"><ele>675.100</ele><time>2026-09-13T16:01:49Z</time><speed>0.000</speed><sat>16</sat></trkpt>
  <trkpt lat="-33.45599500" lon="-70.54780833"><ele>675.100</ele><time>2026-09-13T16:01:50Z</time><speed>0.000</speed><sat>17</sat></trkpt>
  <trkpt lat="-33.45599500" lon="-70.54780833"><ele>675.100</ele><time>2026-09-13T16:01:51Z</time><speed>0.000</speed><sat>17</sat></trkpt>
  <trkpt lat="-33.45599500" lon="-70.54780833"><ele>675.100</ele><time>2026-09-13T16:01:52Z</time><speed>0.000</speed><sat>17</sat></trkpt>
  <trkpt lat="-33.45599500" lon="-70.54780833"><ele>675.100</ele><time>2026-09-13T16:01:53Z</time><speed>0.000</speed><sat>16</sat></trkpt>
  <trkpt lat="-33.45599500" lon="-70.54780833"><ele>675.100</ele><time>2026-09-13T16:01:54Z</time><speed>0.000</speed><sat>17</sat></trkpt>
  <trkpt lat="-33.45599500" lon="-70.54780833"><ele>675.100</ele><time>2026-09-13T16:01:55Z</time><speed>0.000</speed><sat>16</sat></trkpt>
  <trkpt lat="-33.45599500" lon="-70.54780833"><ele>675.100</ele><time>2026-09-13T16:01:56Z</time><speed>0.000</speed><sat>17</sat></trkpt>
  <trkpt lat="-33.45599500" lon="-70.54780833"><ele>675.100</ele><time>2026-09-13T16:01:57Z</time><speed>0.000</speed><sat>16</sat></trkpt>
  <trkpt lat="-33.45599500" lon="-70.54780833"><ele>675.100</ele><time>2026-09-13T16:01:58Z</time><speed>0.000</speed><sat>17</sat></trkpt>
  <trkpt lat="-33.45599500" lon="-70.54780833"><ele>675.100</ele><time>2026-09-13T16:01:59Z</time><speed>0.000</speed><sat>17</sat></trkpt>
  <trkpt lat="-33.45599500" lon="-70.54780833"><ele>675.100</ele><time>2026-09-13T16:02:00Z</time><speed>0.000</speed><sat>18</sat></trkpt>
  <trkpt lat="-33.45599500" lon="-70.54780833"><ele>675.100</ele><time>2026-09-13T16:02:01Z</time><speed>0.000</speed><sat>19</sat></trkpt>
  <trkpt lat="-33.45599500" lon="-70.54780833"><ele>675.100</ele><time>2026-09-13T16:02:02Z</time><speed>0.000</speed><sat>20</sat></trkpt>
  <trkpt lat="-33.45599500" lon="-70.54780833"><ele>675.100</ele><time>2026-09-13T16:02:03Z</time><speed>0.000</speed><sat>21</sat></trkpt>
  <trkpt lat="-33.45599500" lon="-70.54780833"><ele>675.100</ele><time>2026-09-13T16:02:04Z</time><speed>0.000</speed><sat>22</sat></trkpt>
  <trkpt lat="-33.45599500" lon="-70.54780833"><ele>675.100</ele><time>2026-09-13T16:02:05Z</time><speed>0.000</speed><sat>22</sat></trkpt>
  <trkpt lat="-33.45599500" lon="-70.54780833"><ele>675.100</ele><time>2026-09-13T16:02:06Z</time><speed>0.000</speed><sat>22</sat></trkpt>
  <trkpt lat="-33.45599500" lon="-70.54780833"><ele>675.100</ele><time>2026-09-13T16:02:07Z</time><speed>0.000</speed><sat>23</sat></trkpt>
  <trkpt lat="-33.45599500" lon="-70.54780833"><ele>675.100</ele><time>2026-09-13T16:02:08Z</time><speed>0.000</speed><sat>22</sat></trkpt>
  <trkpt lat="-33.45599500" lon="-70.54780833"><ele>675.100</ele><time>2026-09-13T16:02:09Z</time><speed>0.000</speed><sat>22</sat></trkpt>
  <trkpt lat="-33.45599500" lon="-70.54780833"><ele>675.100</ele><time>2026-09-13T16:02:10Z</time><speed>0.000</speed><sat>22</sat></trkpt>
  <trkpt lat="-33.45599500" lon="-70.54780833"><ele>675.100</ele><time>2026-09-13T16:02:11Z</time><speed>0.000</speed><sat>23</sat></trkpt>
  <trkpt lat="-33.45599500" lon="-70.54780833"><ele>675.100</ele><time>2026-09-13T16:02:12Z</time><speed>0.000</speed><sat>23</sat></trkpt>
  <trkpt lat="-33.45599500" lon="-70.54780833"><ele>675.100</ele><time>2026-09-13T16:02:13Z</time><speed>0.000</speed><sat>24</sat></trkpt>
  <trkpt lat="-33.45599500" lon="-70.54780833"><ele>675.100</ele><time>2026-09-13T16:02:14Z</time><speed>0.000</speed><sat>25</sat></trkpt>
  <trkpt lat="-33.45599500" lon="-70.54780833"><ele>675.100</ele><time>2026-09-13T16:02:15Z</time><speed>0.000</speed><sat>25</sat></trkpt>
  <trkpt lat="-33.45599500" lon="-70.54780833"><ele>675.100</ele><time>2026-09-13T16:02:16Z</time><speed>0.000</speed><sat>25</sat></trkpt>
  <trkpt lat="-33.45599500" lon="-70.54780833"><ele>675.100</ele><time>2026-09-13T16:02:17Z</time><speed>0.000</speed><sat>23</sat></trkpt>
  <trkpt lat="-33.45599500" lon="-70.54780833"><ele>675.100</ele><time>2026-09-13T16:02:18Z</time><speed>0.000</speed><sat>24</sat></trkpt>
  <trkpt lat="-33.45599500" lon="-70.54780833"><ele>675.100</ele><time>2026-09-13T16:02:19Z</time><speed>0.000</speed><sat>25</sat></trkpt>
  <trkpt lat="-33.45599500" lon="-70.54780833"><ele>675.100</ele><time>2026-09-13T16:02:20Z</time><speed>0.000</speed><sat>23</sat></trkpt>
  <trkpt lat="-33.45599500" lon="-70.54780833"><ele>675.100</ele><time>2026-09-13T16:02:21Z</time><speed>0.000</speed><sat>24</sat></trkpt>
  <trkpt lat="-33.45599500" lon="-70.54780833"><ele>675.100</ele><time>2026-09-13T16:02:22Z</time><speed>0.000</speed><sat>24</sat></trkpt>
  <trkpt lat="-33.45599500" lon="-70.54780833"><ele>675.100</ele><time>2026-09-13T16:02:23Z</time><speed>0.000</speed><sat>25</sat></trkpt>
  <trkpt lat="-33.45599500" lon="-70.54780833"><ele>675.100</ele><time>2026-09-13T16:02:24Z</time><speed>0.000</speed><sat>26</sat></trkpt>
  <trkpt lat="-33.45599500" lon="-70.54780833"><ele>675.100</ele><time>2026-09-13T16:02:25Z</time><speed>0.000</speed><sat>26</sat></trkpt>
  <trkpt lat="-33.45599500" lon="-70.54780833"><ele>672.000</ele><time>2026-09-13T16:02:26Z</time><speed>0.000</speed><sat>25</sat></trkpt>
  <trkpt lat="-33.45599500" lon="-70.54780833"><ele>672.000</ele><time>2026-09-13T16:02:27Z</time><speed>0.000</speed><sat>24</sat></trkpt>
  <trkpt lat="-33.45599500" lon="-70.54780833"><ele>672.000</ele><time>2026-09-13T16:02:28Z</time><speed>0.000</speed><sat>25</sat></trkpt>
  <trkpt lat="-33.45599500" lon="-70.54780833"><ele>672.000</ele><time>2026-09-13T16:02:29Z</time><speed>0.000</speed><sat>25</sat></trkpt>
  <trkpt lat="-33.45599500" lon="-70.54780833"><ele>672.000</ele><time>2026-09-13T16:02:30Z</time><speed>0.000</speed><sat>27</sat></trkpt>
  <trkpt lat="-33.45599500" lon="-70.54780833"><ele>672.000</ele><time>2026-09-13T16:02:31Z</time><speed>0.000</speed><sat>26</sat></trkpt>
  <trkpt lat="-33.45599500" lon="-70.54780833"><ele>672.000</ele><time>2026-09-13T16:02:32Z</time><speed>0.000</speed><sat>26</sat></trkpt>
  <trkpt lat="-33.45599500" lon="-70.54780833"><ele>672.000</ele><time>2026-09-13T16:02:33Z</time><speed>0.000</speed><sat>25</sat></trkpt>
  <trkpt lat="-33.45599500" lon="-70.54780833"><ele>672.000</ele><time>2026-09-13T16:02:34Z</time><speed>0.000</speed><sat>25</sat></trkpt>
  <trkpt lat="-33.45599500" lon="-70.54780833"><ele>672.000</ele><time>2026-09-13T16:02:35Z</time><speed>0.000</speed><sat>24</sat></trkpt>
  <trkpt lat="-33.45599500" lon="-70.54780833"><ele>672.000</ele><time>2026-09-13T16:02:36Z</time><speed>0.000</speed><sat>25</sat></trkpt>
  <trkpt lat="-33.45599500" lon="-70.54780833"><ele>672.000</ele><time>2026-09-13T16:02:37Z</time><speed>0.000</speed><sat>26</sat></trkpt>
  <trkpt lat="-33.45599500" lon="-70.54780833"><ele>672.000</ele><time>2026-09-13T16:02:38Z</time><speed>0.000</speed><sat>27</sat></trkpt>
  <trkpt lat="-33.45599500" lon="-70.54780833"><ele>668.800</ele><time>2026-09-13T16:02:39Z</time><speed>0.000</speed><sat>27</sat></trkpt>
  <trkpt lat="-33.45599500" lon="-70.54780833"><ele>668.800</ele><time>2026-09-13T16:02:40Z</time><speed>0.000</speed><sat>26</sat></trkpt>
  <trkpt lat="-33.45599500" lon="-70.54780833"><ele>668.800</ele><time>2026-09-13T16:02:41Z</time><speed>0.000</speed><sat>27</sat></trkpt>
  <trkpt lat="-33.45599500" lon="-70.54780833"><ele>668.800</ele><time>2026-09-13T16:02:42Z</time><speed>0.000</speed><sat>26</sat></trkpt>
  <trkpt lat="-33.45599500" lon="-70.54780833"><ele>668.800</ele><time>2026-09-13T16:02:43Z</time><speed>0.000</speed><sat>27</sat></trkpt>
  <trkpt lat="-33.45599500" lon="-70.54780833"><ele>668.800</ele><time>2026-09-13T16:02:44Z</time><speed>0.000</speed><sat>27</sat></trkpt>
  <trkpt lat="-33.45599500" lon="-70.54780833"><ele>668.800</ele><time>2026-09-13T16:02:45Z</time><speed>0.000</speed><sat>27</sat></trkpt>
  <trkpt lat="-33.45599500" lon="-70.54780833"><ele>668.800</ele><time>2026-09-13T16:02:46Z</time><speed>0.000</speed><sat>27</sat></trkpt>
  <trkpt lat="-33.45599500" lon="-70.54780833"><ele>668.800</ele><time>2026-09-13T16:02:47Z</time><speed>0.000</speed><sat>26</sat></trkpt>
  <trkpt lat="-33.45599500" lon="-70.54780833"><ele>668.800</ele><time>2026-09-13T16:02:48Z</time><speed>0.000</speed><sat>27</sat></trkpt>
  <trkpt lat="-33.45599500" lon="-70.54780833"><ele>668.800</ele><time>2026-09-13T16:02:49Z</time><speed>0.000</speed><sat>27</sat></trkpt>
  <trkpt lat="-33.45599500" lon="-70.54780833"><ele>668.800</ele><time>2026-09-13T16:02:50Z</time><speed>0.000</speed><sat>27</sat></trkpt>
  <trkpt lat="-33.45599500" lon="-70.54780833"><ele>668.800</ele><time>2026-09-13T16:02:51Z</time><speed>0.000</speed><sat>27</sat></trkpt>
  <trkpt lat="-33.45599500" lon="-70.54780833"><ele>668.800</ele><time>2026-09-13T16:02:52Z</time><speed>0.000</speed><sat>26</sat></trkpt>
  <trkpt lat="-33.45599500" lon="-70.54780833"><ele>668.800</ele><time>2026-09-13T16:02:53Z</time><speed>0.000</speed><sat>27</sat></trkpt>
  <trkpt lat="-33.45599500" lon="-70.54780833"><ele>668.800</ele><time>2026-09-13T16:02:54Z</time><speed>0.000</speed><sat>27</sat></trkpt>
  <trkpt lat="-33.45599500" lon="-70.54780833"><ele>668.800</ele><time>2026-09-13T16:02:55Z</time><speed>0.000</speed><sat>27</sat></trkpt>
  <trkpt lat="-33.45599500" lon="-70.54780833"><ele>668.800</ele><time>2026-09-13T16:02:56Z</time><speed>0.000</speed><sat>26</sat></trkpt>
  <trkpt lat="-33.45599500" lon="-70.54780833"><ele>668.800</ele><time>2026-09-13T16:02:57Z</time><speed>0.000</speed><sat>26</sat></trkpt>
  <trkpt lat="-33.45599500" lon="-70.54780833"><ele>668.800</ele><time>2026-09-13T16:02:58Z</time><speed>0.000</speed><sat>26</sat></trkpt>
  <trkpt lat="-33.45599500" lon="-70.54780833"><ele>668.800</ele><time>2026-09-13T16:02:59Z</time><speed>0.000</speed><sat>25</sat></trkpt>
  <trkpt lat="-33.45599500" lon="-70.54780833"><ele>668.800</ele><time>2026-09-13T16:03:00Z</time><speed>0.000</speed><sat>24</sat></trkpt>
  <trkpt lat="-33.45599500" lon="-70.54780833"><ele>668.800</ele><time>2026-09-13T16:03:01Z</time><speed>0.000</speed><sat>24</sat></trkpt>
  <trkpt lat="-33.45599500" lon="-70.54780833"><ele>668.800</ele><time>2026-09-13T16:03:02Z</time><speed>0.000</speed><sat>25</sat></trkpt>
  <trkpt lat="-33.45599500" lon="-70.54780833"><ele>668.800</ele><time>2026-09-13T16:03:03Z</time><speed>0.000</speed><sat>25</sat></trkpt>
  <trkpt lat="-33.45599500" lon="-70.54780833"><ele>668.800</ele><time>2026-09-13T16:03:04Z</time><speed>0.000</speed><sat>26</sat></trkpt>
  <trkpt lat="-33.45599500" lon="-70.54780833"><ele>668.800</ele><time>2026-09-13T16:03:05Z</time><speed>0.000</speed><sat>26</sat></trkpt>
  <trkpt lat="-33.45599500" lon="-70.54780833"><ele>668.800</ele><time>2026-09-13T16:03:06Z</time><speed>0.000</speed><sat>26</sat></trkpt>
  <trkpt lat="-33.45599500" lon="-70.54780833"><ele>668.800</ele><time>2026-09-13T16:03:07Z</time><speed>0.000</speed><sat>25</sat></trkpt>
  <trkpt lat="-33.45599500" lon="-70.54780833"><ele>668.800</ele><time>2026-09-13T16:03:08Z</time><speed>0.000</speed><sat>25</sat></trkpt>
  <trkpt lat="-33.45599500" lon="-70.54780833"><ele>668.800</ele><time>2026-09-13T16:03:09Z</time><speed>0.000</speed><sat>25</sat></trkpt>
  <trkpt lat="-33.45599500" lon="-70.54780833"><ele>668.800</ele><time>2026-09-13T16:03:10Z</time><speed>0.000</speed><sat>25</sat></trkpt>
  <trkpt lat="-33.45599500" lon="-70.54780833"><ele>668.800</ele><time>2026-09-13T16:03:11Z</time><speed>0.000</speed><sat>24</sat></trkpt>
  <trkpt lat="-33.45599500" lon="-70.54780833"><ele>668.800</ele><time>2026-09-13T16:03:12Z</time><speed>0.000</speed><sat>24</sat></trkpt>
  <trkpt lat="-33.45599500" lon="-70.54780833"><ele>668.800</ele><time>2026-09-13T16:03:13Z</time><speed>0.000</speed><sat>24</sat></trkpt>
  <trkpt lat="-33.45599500" lon="-70.54780833"><ele>668.800</ele><time>2026-09-13T16:03:14Z</time><speed>0.000</speed><sat>22</sat></trkpt>
  <trkpt lat="-33.45599500" lon="-70.54780833"><ele>668.800</ele><time>2026-09-13T16:03:15Z</time><speed>0.000</speed><sat>24</sat></trkpt>
  <trkpt lat="-33.45599500" lon="-70.54780833"><ele>668.800</ele><time>2026-09-13T16:03:16Z</time><speed>0.000</speed><sat>24</sat></trkpt>
  <trkpt lat="-33.45599500" lon="-70.54780833"><ele>668.800</ele><time>2026-09-13T16:03:17Z</time><speed>0.000</speed><sat>24</sat></trkpt>
  <trkpt lat="-33.45599500" lon="-70.54780833"><ele>668.800</ele><time>2026-09-13T16:03:18Z</time><speed>0.000</speed><sat>24</sat></trkpt>
  <trkpt lat="-33.45599500" lon="-70.54780833"><ele>668.800</ele><time>2026-09-13T16:03:19Z</time><speed>0.000</speed><sat>24</sat></trkpt>
  <trkpt lat="-33.45607667" lon="-70.54785667"><ele>669.300</ele><time>2026-09-13T16:03:20Z</time><speed>0.089</speed><sat>24</sat></trkpt>
  <trkpt lat="-33.45607500" lon="-70.54785833"><ele>669.300</ele><time>2026-09-13T16:03:21Z</time><speed>0.000</speed><sat>25</sat></trkpt>
  <trkpt lat="-33.45607500" lon="-70.54785833"><ele>669.300</ele><time>2026-09-13T16:03:22Z</time><speed>0.000</speed><sat>26</sat></trkpt>
  <trkpt lat="-33.45607667" lon="-70.54786000"><ele>669.300</ele><time>2026-09-13T16:03:23Z</time><speed>0.000</speed><sat>24</sat></trkpt>
  <trkpt lat="-33.45607667" lon="-70.54786000"><ele>669.300</ele><time>2026-09-13T16:03:24Z</time><speed>0.000</speed><sat>25</sat></trkpt>
  <trkpt lat="-33.45607667" lon="-70.54786000"><ele>669.300</ele><time>2026-09-13T16:03:25Z</time><speed>0.000</speed><sat>25</sat></trkpt>
  <trkpt lat="-33.45607667" lon="-70.54786000"><ele>669.300</ele><time>2026-09-13T16:03:26Z</time><speed>0.000</speed><sat>24</sat></trkpt>
  <trkpt lat="-33.45607667" lon="-70.54786000"><ele>669.300</ele><time>2026-09-13T16:03:27Z</time><speed>0.000</speed><sat>25</sat></trkpt>
  <trkpt lat="-33.45607667" lon="-70.54786000"><ele>669.300</ele><time>2026-09-13T16:03:28Z</time><speed>0.000</speed><sat>26</sat></trkpt>
  <trkpt lat="-33.45607667" lon="-70.54786000"><ele>669.300</ele><time>2026-09-13T16:03:29Z</time><speed>0.000</speed><sat>26</sat></trkpt>
  <trkpt lat="-33.45607667" lon="-70.54786000"><ele>669.300</ele><time>2026-09-13T16:03:30Z</time><speed>0.000</speed><sat>26</sat></trkpt>
  <trkpt lat="-33.45607667" lon="-70.54786000"><ele>669.300</ele><time>2026-09-13T16:03:31Z</time><speed>0.000</speed><sat>26</sat></trkpt>
  <trkpt lat="-33.45607667" lon="-70.54786000"><ele>669.300</ele><time>2026-09-13T16:03:32Z</time><speed>0.000</speed><sat>26</sat></trkpt>
  <trkpt lat="-33.45607667" lon="-70.54786000"><ele>669.300</ele><time>2026-09-13T16:03:33Z</time><speed>0.000</speed><sat>26</sat></trkpt>
  <trkpt lat="-33.45607667" lon="-70.54786000"><ele>669.300</ele><time>2026-09-13T16:03:34Z</time><speed>0.000</speed><sat>26</sat></trkpt>
  <trkpt lat="-33.45607667" lon="-70.54786000"><ele>669.300</ele><time>2026-09-13T16:03:35Z</time><speed>0.000</speed><sat>25</sat></trkpt>
  <trkpt lat="-33.45607667" lon="-70.54786000"><ele>669.300</ele><time>2026-09-13T16:03:36Z</time><speed>0.000</speed><sat>24</sat></trkpt>
  <trkpt lat="-33.45607667" lon="-70.54786000"><ele>669.300</ele><time>2026-09-13T16:03:37Z</time><speed>0.000</speed><sat>25</sat></trkpt>
  <trkpt lat="-33.45607667" lon="-70.54786000"><ele>669.300</ele><time>2026-09-13T16:03:38Z</time><speed>0.000</speed><sat>25</sat></trkpt>
  <trkpt lat="-33.45607667" lon="-70.54786000"><ele>669.300</ele><time>2026-09-13T16:03:39Z</time><speed>0.000</speed><sat>25</sat></trkpt>
  <trkpt lat="-33.45607667" lon="-70.54786000"><ele>669.300</ele><time>2026-09-13T16:03:40Z</time><speed>0.000</speed><sat>25</sat></trkpt>
  <trkpt lat="-33.45607667" lon="-70.54786000"><ele>669.300</ele><time>2026-09-13T16:03:41Z</time><speed>0.000</speed><sat>25</sat></trkpt>
  <trkpt lat="-33.45607667" lon="-70.54786000"><ele>669.300</ele><time>2026-09-13T16:03:42Z</time><speed>0.000</speed><sat>25</sat></trkpt>
  <trkpt lat="-33.45607667" lon="-70.54786000"><ele>669.300</ele><time>2026-09-13T16:03:43Z</time><speed>0.000</speed><sat>25</sat></trkpt>
  <trkpt lat="-33.45607667" lon="-70.54786000"><ele>669.300</ele><time>2026-09-13T16:03:44Z</time><speed>0.000</speed><sat>25</sat></trkpt>
  <trkpt lat="-33.45607667" lon="-70.54786000"><ele>669.300</ele><time>2026-09-13T16:03:45Z</time><speed>0.000</speed><sat>24</sat></trkpt>
  <trkpt lat="-33.45607667" lon="-70.54786000"><ele>669.300</ele><time>2026-09-13T16:03:46Z</time><speed>0.000</speed><sat>24</sat></trkpt>
  <trkpt lat="-33.45607667" lon="-70.54786000"><ele>669.300</ele><time>2026-09-13T16:03:47Z</time><speed>0.000</speed><sat>25</sat></trkpt>
  <trkpt lat="-33.45607667" lon="-70.54786000"><ele>669.300</ele><time>2026-09-13T16:03:48Z</time><speed>0.000</speed><sat>26</sat></trkpt>
  <trkpt lat="-33.45607667" lon="-70.54786000"><ele>669.300</ele><time>2026-09-13T16:03:49Z</time><speed>0.000</speed><sat>26</sat></trkpt>
  <trkpt lat="-33.45607667" lon="-70.54786000"><ele>669.300</ele><time>2026-09-13T16:03:50Z</time><speed>0.000</speed><sat>26</sat></trkpt>
  <trkpt lat="-33.45607667" lon="-70.54786000"><ele>669.300</ele><time>2026-09-13T16:03:51Z</time><speed>0.000</speed><sat>26</sat></trkpt>
  <trkpt lat="-33.45607667" lon="-70.54786000"><ele>669.300</ele><time>2026-09-13T16:03:52Z</time><speed>0.000</speed><sat>25</sat></trkpt>
  <trkpt lat="-33.45607667" lon="-70.54786000"><ele>669.300</ele><time>2026-09-13T16:03:53Z</time><speed>0.000</speed><sat>26</sat></trkpt>
  <trkpt lat="-33.45607667" lon="-70.54786000"><ele>669.300</ele><time>2026-09-13T16:03:54Z</time><speed>0.000</speed><sat>26</sat></trkpt>
  <trkpt lat="-33.45607667" lon="-70.54786000"><ele>669.300</ele><time>2026-09-13T16:03:55Z</time><speed>0.000</speed><sat>25</sat></trkpt>
  <trkpt lat="-33.45607667" lon="-70.54786000"><ele>669.300</ele><time>2026-09-13T16:03:56Z</time><speed>0.000</speed><sat>25</sat></trkpt>
  <trkpt lat="-33.45607667" lon="-70.54786000"><ele>669.300</ele><time>2026-09-13T16:03:57Z</time><speed>0.000</speed><sat>26</sat></trkpt>
  <trkpt lat="-33.45607667" lon="-70.54786000"><ele>669.300</ele><time>2026-09-13T16:03:58Z</time><speed>0.000</speed><sat>26</sat></trkpt>
  <trkpt lat="-33.45607667" lon="-70.54786000"><ele>669.300</ele><time>2026-09-13T16:03:59Z</time><speed>0.000</speed><sat>26</sat></trkpt>
  <trkpt lat="-33.45607667" lon="-70.54786000"><ele>669.300</ele><time>2026-09-13T16:04:00Z</time><speed>0.000</speed><sat>26</sat></trkpt>
  <trkpt lat="-33.45607667" lon="-70.54786000"><ele>669.300</ele><time>2026-09-13T16:04:01Z</time><speed>0.000</speed><sat>26</sat></trkpt>
  <trkpt lat="-33.45607667" lon="-70.54786000"><ele>669.300</ele><time>2026-09-13T16:04:02Z</time><speed>0.000</speed><sat>26</sat></trkpt>
  <trkpt lat="-33.45607667" lon="-70.54786000"><ele>669.300</ele><time>2026-09-13T16:04:03Z</time><speed>0.000</speed><sat>25</sat></trkpt>
  <trkpt lat="-33.45607667" lon="-70.54786000"><ele>669.300</ele><time>2026-09-13T16:04:04Z</time><speed>0.000</speed><sat>25</sat></trkpt>
  <trkpt lat="-33.45607667" lon="-70.54786000"><ele>669.300</ele><time>2026-09-13T16:04:05Z</time><speed>0.000</speed><sat>24</sat></trkpt>
  <trkpt lat="-33.45607667" lon="-70.54786000"><ele>669.300</ele><time>2026-09-13T16:04:06Z</time><speed>0.000</speed><sat>24</sat></trkpt>
  <trkpt lat="-33.45607667" lon="-70.54786000"><ele>669.300</ele><time>2026-09-13T16:04:07Z</time><speed>0.000</speed><sat>24</sat></trkpt>
  <trkpt lat="-33.45607667" lon="-70.54786000"><ele>669.300</ele><time>2026-09-13T16:04:08Z</time><speed>0.000</speed><sat>25</sat></trkpt>
  <trkpt lat="-33.45607667" lon="-70.54786000"><ele>669.300</ele><time>2026-09-13T16:04:09Z</time><speed>0.000</speed><sat>24</sat></trkpt>
  <trkpt lat="-33.45607667" lon="-70.54786000"><ele>669.300</ele><time>2026-09-13T16:04:10Z</time><speed>0.000</speed><sat>25</sat></trkpt>
  <trkpt lat="-33.45607667" lon="-70.54786000"><ele>669.300</ele><time>2026-09-13T16:04:11Z</time><speed>0.000</speed><sat>24</sat></trkpt>
  <trkpt lat="-33.45607667" lon="-70.54786000"><ele>669.300</ele><time>2026-09-13T16:04:12Z</time><speed>0.000</speed><sat>25</sat></trkpt>
  <trkpt lat="-33.45607667" lon="-70.54786000"><ele>669.300</ele><time>2026-09-13T16:04:13Z</time><speed>0.000</speed><sat>25</sat></trkpt>
  <trkpt lat="-33.45607667" lon="-70.54786000"><ele>669.300</ele><time>2026-09-13T16:04:14Z</time><speed>0.000</speed><sat>23</sat></trkpt>
  <trkpt lat="-33.45607667" lon="-70.54786000"><ele>669.300</ele><time>2026-09-13T16:04:15Z</time><speed>0.000</speed><sat>22</sat></trkpt>
  <trkpt lat="-33.45607667" lon="-70.54786000"><ele>669.300</ele><time>2026-09-13T16:04:16Z</time><speed>0.000</speed><sat>22</sat></trkpt>
  <trkpt lat="-33.45607667" lon="-70.54786000"><ele>669.300</ele><time>2026-09-13T16:04:17Z</time><speed>0.000</speed><sat>22</sat></trkpt>
  <trkpt lat="-33.45607667" lon="-70.54786000"><ele>669.300</ele><time>2026-09-13T16:04:18Z</time><speed>0.000</speed><sat>23</sat></trkpt>
  <trkpt lat="-33.45607667" lon="-70.54786000"><ele>669.300</ele><time>2026-09-13T16:04:19Z</time><speed>0.000</speed><sat>23</sat></trkpt>
  <trkpt lat="-33.45607667" lon="-70.54786000"><ele>669.300</ele><time>2026-09-13T16:04:20Z</time><speed>0.000</speed><sat>25</sat></trkpt>
  <trkpt lat="-33.45607667" lon="-70.54786000"><ele>669.300</ele><time>2026-09-13T16:04:21Z</time><speed>0.000</speed><sat>25</sat></trkpt>
  <trkpt lat="-33.45607667" lon="-70.54786000"><ele>669.300</ele><time>2026-09-13T16:04:22Z</time><speed>0.000</speed><sat>25</sat></trkpt>
  <trkpt lat="-33.45607667" lon="-70.54786000"><ele>669.300</ele><time>2026-09-13T16:04:23Z</time><speed>0.000</speed><sat>25</sat></trkpt>
  <trkpt lat="-33.45607667" lon="-70.54786000"><ele>669.300</ele><time>2026-09-13T16:04:24Z</time><speed>0.000</speed><sat>25</sat></trkpt>
  <trkpt lat="-33.45607667" lon="-70.54786000"><ele>669.300</ele><time>2026-09-13T16:04:25Z</time><speed>0.000</speed><sat>24</sat></trkpt>
  <trkpt lat="-33.45607667" lon="-70.54786000"><ele>669.300</ele><time>2026-09-13T16:04:26Z</time><speed>0.000</speed><sat>24</sat></trkpt>
  <trkpt lat="-33.45607667" lon="-70.54786000"><ele>669.300</ele><time>2026-09-13T16:04:27Z</time><speed>0.000</speed><sat>24</sat></trkpt>
  <trkpt lat="-33.45607667" lon="-70.54786000"><ele>669.300</ele><time>2026-09-13T16:04:28Z</time><speed>0.000</speed><sat>25</sat></trkpt>
  <trkpt lat="-33.45607667" lon="-70.54786000"><ele>669.300</ele><time>2026-09-13T16:04:29Z</time><speed>0.000</speed><sat>25</sat></trkpt>
  <trkpt lat="-33.45607667" lon="-70.54786000"><ele>669.300</ele><time>2026-09-13T16:04:30Z</time><speed>0.000</speed><sat>24</sat></trkpt>
  <trkpt lat="-33.45607667" lon="-70.54786000"><ele>669.300</ele><time>2026-09-13T16:04:31Z</time><speed>0.000</speed><sat>23</sat></trkpt>
  <trkpt lat="-33.45607667" lon="-70.54786000"><ele>669.300</ele><time>2026-09-13T16:04:32Z</time><speed>0.000</speed><sat>24</sat></trkpt>
  <trkpt lat="-33.45607667" lon="-70.54786000"><ele>669.300</ele><time>2026-09-13T16:04:33Z</time><speed>0.000</speed><sat>25</sat></trkpt>
  <trkpt lat="-33.45607667" lon="-70.54786000"><ele>669.300</ele><time>2026-09-13T16:04:34Z</time><speed>0.000</speed><sat>24</sat></trkpt>
  <trkpt lat="-33.45607667" lon="-70.54786000"><ele>669.300</ele><time>2026-09-13T16:04:35Z</time><speed>0.000</speed><sat>25</sat></trkpt>
  <trkpt lat="-33.45607667" lon="-70.54786000"><ele>669.300</ele><time>2026-09-13T16:04:36Z</time><speed>0.000</speed><sat>25</sat></trkpt>
  <trkpt lat="-33.45607667" lon="-70.54786000"><ele>669.300</ele><time>2026-09-13T16:04:37Z</time><speed>0.000</speed><sat>25</sat></trkpt>
  <trkpt lat="-33.45607667" lon="-70.54786000"><ele>669.300</ele><time>2026-09-13T16:04:38Z</time><speed>0.000</speed><sat>25</sat></trkpt>
  <trkpt lat="-33.45607667" lon="-70.54786000"><ele>669.300</ele><time>2026-09-13T16:04:39Z</time><speed>0.000</speed><sat>25</sat></trkpt>
  <trkpt lat="-33.45607667" lon="-70.54786000"><ele>669.300</ele><time>2026-09-13T16:04:40Z</time><speed>0.000</speed><sat>25</sat></trkpt>
  <trkpt lat="-33.45607667" lon="-70.54786000"><ele>669.300</ele><time>2026-09-13T16:04:41Z</time><speed>0.000</speed><sat>25</sat></trkpt>
  <trkpt lat="-33.45607667" lon="-70.54786000"><ele>669.300</ele><time>2026-09-13T16:04:42Z</time><speed>0.000</speed><sat>24</sat></trkpt>
  <trkpt lat="-33.45607667" lon="-70.54786000"><ele>669.300</ele><time>2026-09-13T16:04:43Z</time><speed>0.000</speed><sat>25</sat></trkpt>
  <trkpt lat="-33.45607667" lon="-70.54786000"><ele>669.300</ele><time>2026-09-13T16:04:44Z</time><speed>0.000</speed><sat>25</sat></trkpt>
  <trkpt lat="-33.45607667" lon="-70.54786000"><ele>669.300</ele><time>2026-09-13T16:04:45Z</time><speed>0.000</speed><sat>26</sat></trkpt>
  <trkpt lat="-33.45607667" lon="-70.54786000"><ele>669.300</ele><time>2026-09-13T16:04:46Z</time><speed>0.000</speed><sat>26</sat></trkpt>
  <trkpt lat="-33.45607667" lon="-70.54786000"><ele>669.300</ele><time>2026-09-13T16:04:47Z</time><speed>0.000</speed><sat>26</sat></trkpt>
  <trkpt lat="-33.45607667" lon="-70.54786000"><ele>669.300</ele><time>2026-09-13T16:04:48Z</time><speed>0.000</speed><sat>25</sat></trkpt>
  <trkpt lat="-33.45607667" lon="-70.54786000"><ele>669.300</ele><time>2026-09-13T16:04:49Z</time><speed>0.000</speed><sat>25</sat></trkpt>
  <trkpt lat="-33.45607667" lon="-70.54786000"><ele>669.300</ele><time>2026-09-13T16:04:50Z</time><speed>0.000</speed><sat>24</sat></trkpt>
  <trkpt lat="-33.45607667" lon="-70.54786000"><ele>669.300</ele><time>2026-09-13T16:04:51Z</time><speed>0.000</speed><sat>23</sat></trkpt>
  <trkpt lat="-33.45607667" lon="-70.54786000"><ele>669.300</ele><time>2026-09-13T16:04:52Z</time><speed>0.000</speed><sat>23</sat></trkpt>
  <trkpt lat="-33.45607667" lon="-70.54786000"><ele>669.300</ele><time>2026-09-13T16:04:53Z</time><speed>0.000</speed><sat>23</sat></trkpt>
  <trkpt lat="-33.45607667" lon="-70.54786000"><ele>669.300</ele><time>2026-09-13T16:04:54Z</time><speed>0.000</speed><sat>22</sat></trkpt>
  <trkpt lat="-33.45607667" lon="-70.54786000"><ele>669.300</ele><time>2026-09-13T16:04:55Z</time><speed>0.000</speed><sat>23</sat></trkpt>
  <trkpt lat="-33.45607667" lon="-70.54786000"><ele>669.300</ele><time>2026-09-13T16:04:56Z</time><speed>0.000</speed><sat>23</sat></trkpt>
  <trkpt lat="-33.45607667" lon="-70.54786000"><ele>669.300</ele><time>2026-09-13T16:04:57Z</time><speed>0.000</speed><sat>23</sat></trkpt>
  <trkpt lat="-33.45607667" lon="-70.54786000"><ele>669.300</ele><time>2026-09-13T16:04:58Z</time><speed>0.000</speed><sat>23</sat></trkpt>
  <trkpt lat="-33.45607667" lon="-70.54786000"><ele>669.300</ele><time>2026-09-13T16:04:59Z</time><speed>0.000</speed><sat>23</sat></trkpt>
  <trkpt lat="-33.45607667" lon="-70.54786000"><ele>669.300</ele><time>2026-09-13T16:05:00Z</time><speed>0.000</speed><sat>23</sat></trkpt>
  <trkpt lat="-33.45607667" lon="-70.54786000"><ele>669.300</ele><time>2026-09-13T16:05:01Z</time><speed>0.000</speed><sat>23</sat></trkpt>
  <trkpt lat="-33.45607667" lon="-70.54786000"><ele>669.300</ele><time>2026-09-13T16:05:02Z</time><speed>0.000</speed><sat>23</sat></trkpt>
  <trkpt lat="-33.45607667" lon="-70.54786000"><ele>669.300</ele><time>2026-09-13T16:05:03Z</time><speed>0.000</speed><sat>23</sat></trkpt>
  <trkpt lat="-33.45607667" lon="-70.54786000"><ele>669.300</ele><time>2026-09-13T16:05:04Z</time><speed>0.000</speed><sat>23</sat></trkpt>
  <trkpt lat="-33.45607667" lon="-70.54786000"><ele>669.300</ele><time>2026-09-13T16:05:05Z</time><speed>0.000</speed><sat>22</sat></trkpt>
  <trkpt lat="-33.45607667" lon="-70.54786000"><ele>669.300</ele><time>2026-09-13T16:05:06Z</time><speed>0.000</speed><sat>24</sat></trkpt>
  <trkpt lat="-33.45607667" lon="-70.54786000"><ele>669.300</ele><time>2026-09-13T16:05:07Z</time><speed>0.000</speed><sat>24</sat></trkpt>
  <trkpt lat="-33.45607667" lon="-70.54786000"><ele>669.300</ele><time>2026-09-13T16:05:08Z</time><speed>0.000</speed><sat>24</sat></trkpt>
  <trkpt lat="-33.45607667" lon="-70.54786000"><ele>669.300</ele><time>2026-09-13T16:05:09Z</time><speed>0.000</speed><sat>24</sat></trkpt>
  <trkpt lat="-33.45607667" lon="-70.54786000"><ele>669.300</ele><time>2026-09-13T16:05:10Z</time><speed>0.000</speed><sat>25</sat></trkpt>
  <trkpt lat="-33.45607667" lon="-70.54786000"><ele>669.300</ele><time>2026-09-13T16:05:11Z</time><speed>0.000</speed><sat>25</sat></trkpt>
  <trkpt lat="-33.45607667" lon="-70.54786000"><ele>669.300</ele><time>2026-09-13T16:05:12Z</time><speed>0.000</speed><sat>25</sat></trkpt>
  <trkpt lat="-33.45607667" lon="-70.54786000"><ele>669.300</ele><time>2026-09-13T16:05:13Z</time><speed>0.000</speed><sat>24</sat></trkpt>
  <trkpt lat="-33.45607667" lon="-70.54786000"><ele>669.300</ele><time>2026-09-13T16:05:14Z</time><speed>0.000</speed><sat>24</sat></trkpt>
  <trkpt lat="-33.45607667" lon="-70.54786000"><ele>669.300</ele><time>2026-09-13T16:05:15Z</time><speed>0.000</speed><sat>24</sat></trkpt>
  <trkpt lat="-33.45607667" lon="-70.54786000"><ele>669.300</ele><time>2026-09-13T16:05:16Z</time><speed>0.000</speed><sat>25</sat></trkpt>
  <trkpt lat="-33.45607667" lon="-70.54786000"><ele>669.300</ele><time>2026-09-13T16:05:17Z</time><speed>0.000</speed><sat>25</sat></trkpt>
  <trkpt lat="-33.45607667" lon="-70.54786000"><ele>669.300</ele><time>2026-09-13T16:05:18Z</time><speed>0.000</speed><sat>25</sat></trkpt>
  <trkpt lat="-33.45607667" lon="-70.54786000"><ele>669.300</ele><time>2026-09-13T16:05:19Z</time><speed>0.000</speed><sat>25</sat></trkpt>
  <trkpt lat="-33.45607667" lon="-70.54786000"><ele>669.300</ele><time>2026-09-13T16:05:20Z</time><speed>0.000</speed><sat>25</sat></trkpt>
  <trkpt lat="-33.45607667" lon="-70.54786000"><ele>669.300</ele><time>2026-09-13T16:05:21Z</time><speed>0.000</speed><sat>24</sat></trkpt>
  <trkpt lat="-33.45607667" lon="-70.54786000"><ele>669.300</ele><time>2026-09-13T16:05:22Z</time><speed>0.000</speed><sat>24</sat></trkpt>
  <trkpt lat="-33.45607667" lon="-70.54786000"><ele>669.300</ele><time>2026-09-13T16:05:23Z</time><speed>0.000</speed><sat>25</sat></trkpt>
  <trkpt lat="-33.45607667" lon="-70.54786000"><ele>669.300</ele><time>2026-09-13T16:05:24Z</time><speed>0.000</speed><sat>25</sat></trkpt>
  <trkpt lat="-33.45607667" lon="-70.54786000"><ele>669.300</ele><time>2026-09-13T16:05:25Z</time><speed>0.000</speed><sat>25</sat></trkpt>
  <trkpt lat="-33.45607667" lon="-70.54786000"><ele>669.300</ele><time>2026-09-13T16:05:26Z</time><speed>0.000</speed><sat>24</sat></trkpt>
  <trkpt lat="-33.45607667" lon="-70.54786000"><ele>669.300</ele><time>2026-09-13T16:05:27Z</time><speed>0.000</speed><sat>24</sat></trkpt>
  <trkpt lat="-33.45607667" lon="-70.54786000"><ele>669.300</ele><time>2026-09-13T16:05:28Z</time><speed>0.000</speed><sat>24</sat></trkpt>
  <trkpt lat="-33.45607667" lon="-70.54786000"><ele>669.300</ele><time>2026-09-13T16:05:29Z</time><speed>0.000</speed><sat>24</sat></trkpt>
  <trkpt lat="-33.45607667" lon="-70.54786000"><ele>669.300</ele><time>2026-09-13T16:05:30Z</time><speed>0.000</speed><sat>24</sat></trkpt>
  <trkpt lat="-33.45607667" lon="-70.54786000"><ele>669.300</ele><time>2026-09-13T16:05:31Z</time><speed>0.000</speed><sat>25</sat></trkpt>
  <trkpt lat="-33.45607667" lon="-70.54786000"><ele>669.300</ele><time>2026-09-13T16:05:32Z</time><speed>0.000</speed><sat>25</sat></trkpt>
  <trkpt lat="-33.45607667" lon="-70.54786000"><ele>669.300</ele><time>2026-09-13T16:05:33Z</time><speed>0.000</speed><sat>23</sat></trkpt>
  <trkpt lat="-33.45607667" lon="-70.54786000"><ele>669.300</ele><time>2026-09-13T16:05:34Z</time><speed>0.000</speed><sat>24</sat></trkpt>
  <trkpt lat="-33.45607667" lon="-70.54786000"><ele>669.300</ele><time>2026-09-13T16:05:35Z</time><speed>0.000</speed><sat>26</sat></trkpt>
  <trkpt lat="-33.45607667" lon="-70.54786000"><ele>669.300</ele><time>2026-09-13T16:05:36Z</time><speed>0.000</speed><sat>27</sat></trkpt>
  <trkpt lat="-33.45607667" lon="-70.54786000"><ele>669.300</ele><time>2026-09-13T16:05:37Z</time><speed>0.000</speed><sat>27</sat></trkpt>
  <trkpt lat="-33.45607667" lon="-70.54786000"><ele>669.300</ele><time>2026-09-13T16:05:38Z</time><speed>0.000</speed><sat>24</sat></trkpt>
  <trkpt lat="-33.45607667" lon="-70.54786000"><ele>669.300</ele><time>2026-09-13T16:05:39Z</time><speed>0.000</speed><sat>25</sat></trkpt>
  <trkpt lat="-33.45607667" lon="-70.54786000"><ele>669.300</ele><time>2026-09-13T16:05:40Z</time><speed>0.000</speed><sat>24</sat></trkpt>
  <trkpt lat="-33.45607667" lon="-70.54786000"><ele>669.300</ele><time>2026-09-13T16:05:41Z</time><speed>0.000</speed><sat>25</sat></trkpt>
  <trkpt lat="-33.45607667" lon="-70.54786000"><ele>669.300</ele><time>2026-09-13T16:05:42Z</time><speed>0.000</speed><sat>26</sat></trkpt>
  <trkpt lat="-33.45607667" lon="-70.54786000"><ele>669.300</ele><time>2026-09-13T16:05:43Z</time><speed>0.000</speed><sat>24</sat></trkpt>
  <trkpt lat="-33.45607667" lon="-70.54786000"><ele>669.300</ele><time>2026-09-13T16:05:44Z</time><speed>0.000</speed><sat>26</sat></trkpt>
  <trkpt lat="-33.45607667" lon="-70.54786000"><ele>669.300</ele><time>2026-09-13T16:05:45Z</time><speed>0.000</speed><sat>26</sat></trkpt>
  <trkpt lat="-33.45607667" lon="-70.54786000"><ele>669.300</ele><time>2026-09-13T16:05:46Z</time><speed>0.000</speed><sat>26</sat></trkpt>
  <trkpt lat="-33.45607667" lon="-70.54786000"><ele>669.300</ele><time>2026-09-13T16:05:47Z</time><speed>0.000</speed><sat>26</sat></trkpt>
  <trkpt lat="-33.45607667" lon="-70.54786000"><ele>669.300</ele><time>2026-09-13T16:05:48Z</time><speed>0.000</speed><sat>25</sat></trkpt>
  <trkpt lat="-33.45607667" lon="-70.54786000"><ele>669.300</ele><time>2026-09-13T16:05:49Z</time><speed>0.000</speed><sat>25</sat></trkpt>
  <trkpt lat="-33.45607667" lon="-70.54786000"><ele>669.300</ele><time>2026-09-13T16:05:50Z</time><speed>0.000</speed><sat>26</sat></trkpt>
  <trkpt lat="-33.45607667" lon="-70.54786000"><ele>669.300</ele><time>2026-09-13T16:05:51Z</time><speed>0.000</speed><sat>26</sat></trkpt>
  <trkpt lat="-33.45607667" lon="-70.54786000"><ele>669.300</ele><time>2026-09-13T16:05:52Z</time><speed>0.000</speed><sat>26</sat></trkpt>
  <trkpt lat="-33.45607667" lon="-70.54786000"><ele>669.300</ele><time>2026-09-13T16:05:53Z</time><speed>0.000</speed><sat>25</sat></trkpt>
  <trkpt lat="-33.45607667" lon="-70.54786000"><ele>669.300</ele><time>2026-09-13T16:05:54Z</time><speed>0.000</speed><sat>25</sat></trkpt>
  <trkpt lat="-33.45607667" lon="-70.54786000"><ele>669.300</ele><time>2026-09-13T16:05:55Z</time><speed>0.000</speed><sat>26</sat></trkpt>
  <trkpt lat="-33.45607667" lon="-70.54786000"><ele>669.300</ele><time>2026-09-13T16:05:56Z</time><speed>0.000</speed><sat>26</sat></trkpt>
  <trkpt lat="-33.45607667" lon="-70.54786000"><ele>669.300</ele><time>2026-09-13T16:05:57Z</time><speed>0.000</speed><sat>26</sat></trkpt>
  <trkpt lat="-33.45607667" lon="-70.54786000"><ele>669.300</ele><time>2026-09-13T16:05:58Z</time><speed>0.000</speed><sat>24</sat></trkpt>
  <trkpt lat="-33.45607667" lon="-70.54786000"><ele>669.300</ele><time>2026-09-13T16:05:59Z</time><speed>0.000</speed><sat>25</sat></trkpt>
  <trkpt lat="-33.45607667" lon="-70.54786000"><ele>669.300</ele><time>2026-09-13T16:06:00Z</time><speed>0.000</speed><sat>24</sat></trkpt>
  <trkpt lat="-33.45607667" lon="-70.54786000"><ele>669.300</ele><time>2026-09-13T16:06:01Z</time><speed>0.000</speed><sat>24</sat></trkpt>
  <trkpt lat="-33.45607667" lon="-70.54786000"><ele>669.300</ele><time>2026-09-13T16:06:02Z</time><speed>0.000</speed><sat>27</sat></trkpt>
  <trkpt lat="-33.45607667" lon="-70.54786000"><ele>669.300</ele><time>2026-09-13T16:06:03Z</time><speed>0.000</speed><sat>27</sat></trkpt>
  <trkpt lat="-33.45607667" lon="-70.54786000"><ele>669.300</ele><time>2026-09-13T16:06:04Z</time><speed>0.000</speed><sat>26</sat></trkpt>
  <trkpt lat="-33.45607667" lon="-70.54786000"><ele>669.300</ele><time>2026-09-13T16:06:05Z</time><speed>0.000</speed><sat>26</sat></trkpt>
  <trkpt lat="-33.45607667" lon="-70.54786000"><ele>669.300</ele><time>2026-09-13T16:06:06Z</time><speed>0.000</speed><sat>26</sat></trkpt>
  <trkpt lat="-33.45607667" lon="-70.54786000"><ele>669.300</ele><time>2026-09-13T16:06:07Z</time><speed>0.000</speed><sat>25</sat></trkpt>
  <trkpt lat="-33.45607667" lon="-70.54786000"><ele>669.300</ele><time>2026-09-13T16:06:08Z</time><speed>0.000</speed><sat>25</sat></trkpt>
  <trkpt lat="-33.45607667" lon="-70.54786000"><ele>669.300</ele><time>2026-09-13T16:06:09Z</time><speed>0.000</speed><sat>25</sat></trkpt>
  <trkpt lat="-33.45607667" lon="-70.54786000"><ele>669.300</ele><time>2026-09-13T16:06:10Z</time><speed>0.000</speed><sat>26</sat></trkpt>
  <trkpt lat="-33.45607667" lon="-70.54786000"><ele>669.300</ele><time>2026-09-13T16:06:11Z</time><speed>0.000</speed><sat>26</sat></trkpt>
  <trkpt lat="-33.45607667" lon="-70.54786000"><ele>669.300</ele><time>2026-09-13T16:06:12Z</time><speed>0.000</speed><sat>25</sat></trkpt>
  <trkpt lat="-33.45607667" lon="-70.54786000"><ele>669.300</ele><time>2026-09-13T16:06:13Z</time><speed>0.000</speed><sat>24</sat></trkpt>
  <trkpt lat="-33.45607667" lon="-70.54786000"><ele>669.300</ele><time>2026-09-13T16:06:14Z</time><speed>0.000</speed><sat>24</sat></trkpt>
  <trkpt lat="-33.45607667" lon="-70.54786000"><ele>669.300</ele><time>2026-09-13T16:06:15Z</time><speed>0.000</speed><sat>24</sat></trkpt>
  <trkpt lat="-33.45607667" lon="-70.54786000"><ele>669.300</ele><time>2026-09-13T16:06:16Z</time><speed>0.000</speed><sat>24</sat></trkpt>
  <trkpt lat="-33.45607667" lon="-70.54786000"><ele>669.300</ele><time>2026-09-13T16:06:17Z</time><speed>0.000</speed><sat>25</sat></trkpt>
  <trkpt lat="-33.45607667" lon="-70.54786000"><ele>669.300</ele><time>2026-09-13T16:06:18Z</time><speed>0.000</speed><sat>24</sat></trkpt>
  <trkpt lat="-33.45607667" lon="-70.54786000"><ele>669.300</ele><time>2026-09-13T16:06:19Z</time><speed>0.000</speed><sat>24</sat></trkpt>
  <trkpt lat="-33.45607667" lon="-70.54786000"><ele>669.300</ele><time>2026-09-13T16:06:20Z</time><speed>0.000</speed><sat>24</sat></trkpt>
  <trkpt lat="-33.45607667" lon="-70.54786000"><ele>669.300</ele><time>2026-09-13T16:06:21Z</time><speed>0.000</speed><sat>24</sat></trkpt>
  <trkpt lat="-33.45607667" lon="-70.54786000"><ele>669.300</ele><time>2026-09-13T16:06:22Z</time><speed>0.000</speed><sat>24</sat></trkpt>
  <trkpt lat="-33.45607667" lon="-70.54786000"><ele>669.300</ele><time>2026-09-13T16:06:23Z</time><speed>0.000</speed><sat>25</sat></trkpt>
  <trkpt lat="-33.45607667" lon="-70.54786000"><ele>669.300</ele><time>2026-09-13T16:06:24Z</time><speed>0.000</speed><sat>26</sat></trkpt>
  <trkpt lat="-33.45607667" lon="-70.54786000"><ele>669.300</ele><time>2026-09-13T16:06:25Z</time><speed>0.000</speed><sat>26</sat></trkpt>
  <trkpt lat="-33.45607667" lon="-70.54786000"><ele>669.300</ele><time>2026-09-13T16:06:26Z</time><speed>0.000</speed><sat>24</sat></trkpt>
  <trkpt lat="-33.45607667" lon="-70.54786000"><ele>669.300</ele><time>2026-09-13T16:06:27Z</time><speed>0.000</speed><sat>24</sat></trkpt>
  <trkpt lat="-33.45607667" lon="-70.54786000"><ele>669.300</ele><time>2026-09-13T16:06:28Z</time><speed>0.000</speed><sat>25</sat></trkpt>
  <trkpt lat="-33.45607667" lon="-70.54786000"><ele>669.300</ele><time>2026-09-13T16:06:29Z</time><speed>0.000</speed><sat>25</sat></trkpt>
  <trkpt lat="-33.45607667" lon="-70.54786000"><ele>669.300</ele><time>2026-09-13T16:06:30Z</time><speed>0.000</speed><sat>25</sat></trkpt>
  <trkpt lat="-33.45607667" lon="-70.54786000"><ele>669.300</ele><time>2026-09-13T16:06:31Z</time><speed>0.000</speed><sat>24</sat></trkpt>
  <trkpt lat="-33.45607667" lon="-70.54786000"><ele>669.300</ele><time>2026-09-13T16:06:32Z</time><speed>0.000</speed><sat>23</sat></trkpt>
  <trkpt lat="-33.45607667" lon="-70.54786000"><ele>669.300</ele><time>2026-09-13T16:06:33Z</time><speed>0.000</speed><sat>21</sat></trkpt>
  <trkpt lat="-33.45607667" lon="-70.54786000"><ele>669.300</ele><time>2026-09-13T16:06:34Z</time><speed>0.000</speed><sat>26</sat></trkpt>
  <trkpt lat="-33.45607667" lon="-70.54786000"><ele>669.300</ele><time>2026-09-13T16:06:35Z</time><speed>0.000</speed><sat>27</sat></trkpt>
  <trkpt lat="-33.45607667" lon="-70.54786000"><ele>669.300</ele><time>2026-09-13T16:06:36Z</time><speed>0.000</speed><sat>27</sat></trkpt>
  <trkpt lat="-33.45607667" lon="-70.54786000"><ele>669.300</ele><time>2026-09-13T16:06:37Z</time><speed>0.000</speed><sat>28</sat></trkpt>
  <trkpt lat="-33.45607667" lon="-70.54786000"><ele>669.300</ele><time>2026-09-13T16:06:38Z</time><speed>0.000</speed><sat>28</sat></trkpt>
  <trkpt lat="-33.45607667" lon="-70.54786000"><ele>669.300</ele><time>2026-09-13T16:06:39Z</time><speed>0.000</speed><sat>27</sat></trkpt>
  <trkpt lat="-33.45607667" lon="-70.54786000"><ele>669.300</ele><time>2026-09-13T16:06:40Z</time><speed>0.000</speed><sat>27</sat></trkpt>
  <trkpt lat="-33.45607667" lon="-70.54786000"><ele>669.300</ele><time>2026-09-13T16:06:41Z</time><speed>0.000</speed><sat>28</sat></trkpt>
  <trkpt lat="-33.45607667" lon="-70.54786000"><ele>669.300</ele><time>2026-09-13T16:06:42Z</time><speed>0.000</speed><sat>29</sat></trkpt>
  <trkpt lat="-33.45607667" lon="-70.54786000"><ele>669.300</ele><time>2026-09-13T16:06:43Z</time><speed>0.000</speed><sat>28</sat></trkpt>
  <trkpt lat="-33.45607667" lon="-70.54786000"><ele>669.300</ele><time>2026-09-13T16:06:44Z</time><speed>0.000</speed><sat>27</sat></trkpt>
  <trkpt lat="-33.45607667" lon="-70.54786000"><ele>669.300</ele><time>2026-09-13T16:06:45Z</time><speed>0.000</speed><sat>25</sat></trkpt>
  <trkpt lat="-33.45607667" lon="-70.54786000"><ele>669.300</ele><time>2026-09-13T16:06:46Z</time><speed>0.000</speed><sat>26</sat></trkpt>
  <trkpt lat="-33.45607667" lon="-70.54786000"><ele>669.300</ele><time>2026-09-13T16:06:47Z</time><speed>0.000</speed><sat>24</sat></trkpt>
  <trkpt lat="-33.45607667" lon="-70.54786000"><ele>669.300</ele><time>2026-09-13T16:06:48Z</time><speed>0.000</speed><sat>24</sat></trkpt>
  <trkpt lat="-33.45607667" lon="-70.54786000"><ele>669.300</ele><time>2026-09-13T16:06:49Z</time><speed>0.000</speed><sat>26</sat></trkpt>
  <trkpt lat="-33.45607667" lon="-70.54786000"><ele>669.300</ele><time>2026-09-13T16:06:50Z</time><speed>0.000</speed><sat>26</sat></trkpt>
  <trkpt lat="-33.45607667" lon="-70.54786000"><ele>669.300</ele><time>2026-09-13T16:06:51Z</time><speed>0.000</speed><sat>27</sat></trkpt>
  <trkpt lat="-33.45607667" lon="-70.54786000"><ele>669.300</ele><time>2026-09-13T16:06:52Z</time><speed>0.000</speed><sat>28</sat></trkpt>
  <trkpt lat="-33.45607667" lon="-70.54786000"><ele>669.300</ele><time>2026-09-13T16:06:53Z</time><speed>0.000</speed><sat>28</sat></trkpt>
  <trkpt lat="-33.45607667" lon="-70.54786000"><ele>669.300</ele><time>2026-09-13T16:06:54Z</time><speed>0.000</speed><sat>27</sat></trkpt>
  <trkpt lat="-33.45607667" lon="-70.54786000"><ele>669.300</ele><time>2026-09-13T16:06:55Z</time><speed>0.000</speed><sat>27</sat></trkpt>
  <trkpt lat="-33.45607667" lon="-70.54786000"><ele>669.300</ele><time>2026-09-13T16:06:56Z</time><speed>0.000</speed><sat>27</sat></trkpt>
  <trkpt lat="-33.45607667" lon="-70.54786000"><ele>669.300</ele><time>2026-09-13T16:06:57Z</time><speed>0.000</speed><sat>27</sat></trkpt>
  <trkpt lat="-33.45607667" lon="-70.54786000"><ele>669.300</ele><time>2026-09-13T16:06:58Z</time><speed>0.000</speed><sat>28</sat></trkpt>
  <trkpt lat="-33.45607667" lon="-70.54786000"><ele>669.300</ele><time>2026-09-13T16:06:59Z</time><speed>0.000</speed><sat>29</sat></trkpt>
  <trkpt lat="-33.45607667" lon="-70.54786000"><ele>669.300</ele><time>2026-09-13T16:07:00Z</time><speed>0.000</speed><sat>29</sat></trkpt>
  <trkpt lat="-33.45607667" lon="-70.54786000"><ele>669.300</ele><time>2026-09-13T16:07:01Z</time><speed>0.000</speed><sat>27</sat></trkpt>
  <trkpt lat="-33.45607667" lon="-70.54786000"><ele>669.300</ele><time>2026-09-13T16:07:02Z</time><speed>0.000</speed><sat>26</sat></trkpt>
  <trkpt lat="-33.45607667" lon="-70.54786000"><ele>669.300</ele><time>2026-09-13T16:07:03Z</time><speed>0.000</speed><sat>26</sat></trkpt>
  <trkpt lat="-33.45607667" lon="-70.54786000"><ele>669.300</ele><time>2026-09-13T16:07:04Z</time><speed>0.000</speed><sat>28</sat></trkpt>
  <trkpt lat="-33.45607667" lon="-70.54786000"><ele>669.300</ele><time>2026-09-13T16:07:05Z</time><speed>0.000</speed><sat>29</sat></trkpt>
  <trkpt lat="-33.45607667" lon="-70.54786000"><ele>669.300</ele><time>2026-09-13T16:07:06Z</time><speed>0.000</speed><sat>29</sat></trkpt>
  <trkpt lat="-33.45607667" lon="-70.54786000"><ele>669.300</ele><time>2026-09-13T16:07:07Z</time><speed>0.000</speed><sat>27</sat></trkpt>
  <trkpt lat="-33.45607667" lon="-70.54786000"><ele>669.300</ele><time>2026-09-13T16:07:08Z</time><speed>0.000</speed><sat>27</sat></trkpt>
  <trkpt lat="-33.45607667" lon="-70.54786000"><ele>669.300</ele><time>2026-09-13T16:07:09Z</time><speed>0.000</speed><sat>28</sat></trkpt>
  <trkpt lat="-33.45607667" lon="-70.54786000"><ele>669.300</ele><time>2026-09-13T16:07:10Z</time><speed>0.000</speed><sat>27</sat></trkpt>
  <trkpt lat="-33.45607667" lon="-70.54786000"><ele>669.300</ele><time>2026-09-13T16:07:11Z</time><speed>0.000</speed><sat>26</sat></trkpt>
  <trkpt lat="-33.45607667" lon="-70.54786000"><ele>669.300</ele><time>2026-09-13T16:07:12Z</time><speed>0.000</speed><sat>26</sat></trkpt>
  <trkpt lat="-33.45607667" lon="-70.54786000"><ele>669.300</ele><time>2026-09-13T16:07:13Z</time><speed>0.000</speed><sat>26</sat></trkpt>
  <trkpt lat="-33.45607667" lon="-70.54786000"><ele>669.300</ele><time>2026-09-13T16:07:14Z</time><speed>0.000</speed><sat>26</sat></trkpt>
  <trkpt lat="-33.45607667" lon="-70.54786000"><ele>669.300</ele><time>2026-09-13T16:07:15Z</time><speed>0.000</speed><sat>26</sat></trkpt>
  <trkpt lat="-33.45607667" lon="-70.54786000"><ele>669.300</ele><time>2026-09-13T16:07:16Z</time><speed>0.000</speed><sat>27</sat></trkpt>
  <trkpt lat="-33.45607667" lon="-70.54786000"><ele>669.300</ele><time>2026-09-13T16:07:17Z</time><speed>0.000</speed><sat>27</sat></trkpt>
  <trkpt lat="-33.45607667" lon="-70.54786000"><ele>669.300</ele><time>2026-09-13T16:07:18Z</time><speed>0.000</speed><sat>28</sat></trkpt>
  <trkpt lat="-33.45607667" lon="-70.54786000"><ele>669.300</ele><time>2026-09-13T16:07:19Z</time><speed>0.000</speed><sat>28</sat></trkpt>
  <trkpt lat="-33.45607667" lon="-70.54786000"><ele>669.300</ele><time>2026-09-13T16:07:20Z</time><speed>0.000</speed><sat>27</sat></trkpt>
  <trkpt lat="-33.45607667" lon="-70.54786000"><ele>669.300</ele><time>2026-09-13T16:07:21Z</time><speed>0.000</speed><sat>28</sat></trkpt>
  <trkpt lat="-33.45607667" lon="-70.54786000"><ele>669.300</ele><time>2026-09-13T16:07:22Z</time><speed>0.000</speed><sat>28</sat></trkpt>
  <trkpt lat="-33.45607667" lon="-70.54786000"><ele>669.300</ele><time>2026-09-13T16:07:23Z</time><speed>0.000</speed><sat>29</sat></trkpt>
  <trkpt lat="-33.45607667" lon="-70.54786000"><ele>669.300</ele><time>2026-09-13T16:07:24Z</time><speed>0.000</speed><sat>27</sat></trkpt>
  <trkpt lat="-33.45607667" lon="-70.54786000"><ele>669.300</ele><time>2026-09-13T16:07:25Z</time><speed>0.000</speed><sat>28</sat></trkpt>
  <trkpt lat="-33.45607667" lon="-70.54786000"><ele>669.300</ele><time>2026-09-13T16:07:26Z</time><speed>0.000</speed><sat>27</sat></trkpt>
  <trkpt lat="-33.45607667" lon="-70.54786000"><ele>669.300</ele><time>2026-09-13T16:07:27Z</time><speed>0.000</speed><sat>29</sat></trkpt>
  <trkpt lat="-33.45607667" lon="-70.54786000"><ele>669.300</ele><time>2026-09-13T16:07:28Z</time><speed>0.000</speed><sat>29</sat></trkpt>
  <trkpt lat="-33.45607667" lon="-70.54786000"><ele>669.300</ele><time>2026-09-13T16:07:29Z</time><speed>0.000</speed><sat>28</sat></trkpt>
  <trkpt lat="-33.45607667" lon="-70.54786000"><ele>669.300</ele><time>2026-09-13T16:07:30Z</time><speed>0.000</speed><sat>29</sat></trkpt>
  <trkpt lat="-33.45607667" lon="-70.54786000"><ele>669.300</ele><time>2026-09-13T16:07:31Z</time><speed>0.000</speed><sat>29</sat></trkpt>
  <trkpt lat="-33.45607667" lon="-70.54786000"><ele>669.300</ele><time>2026-09-13T16:07:32Z</time><speed>0.000</speed><sat>29</sat></trkpt>
  <trkpt lat="-33.45607667" lon="-70.54786000"><ele>669.300</ele><time>2026-09-13T16:07:33Z</time><speed>0.000</speed><sat>26</sat></trkpt>
  <trkpt lat="-33.45607667" lon="-70.54786000"><ele>669.300</ele><time>2026-09-13T16:07:34Z</time><speed>0.000</speed><sat>25</sat></trkpt>
  <trkpt lat="-33.45607667" lon="-70.54786000"><ele>669.300</ele><time>2026-09-13T16:07:35Z</time><speed>0.000</speed><sat>28</sat></trkpt>
  <trkpt lat="-33.45607667" lon="-70.54786000"><ele>669.300</ele><time>2026-09-13T16:07:36Z</time><speed>0.000</speed><sat>28</sat></trkpt>
  <trkpt lat="-33.45607667" lon="-70.54786000"><ele>669.300</ele><time>2026-09-13T16:07:37Z</time><speed>0.000</speed><sat>28</sat></trkpt>
  <trkpt lat="-33.45607667" lon="-70.54786000"><ele>669.300</ele><time>2026-09-13T16:07:38Z</time><speed>0.000</speed><sat>26</sat></trkpt>
  <trkpt lat="-33.45607667" lon="-70.54786000"><ele>669.300</ele><time>2026-09-13T16:07:39Z</time><speed>0.000</speed><sat>26</sat></trkpt>
  <trkpt lat="-33.45607667" lon="-70.54786000"><ele>669.300</ele><time>2026-09-13T16:07:40Z</time><speed>0.000</speed><sat>27</sat></trkpt>
  <trkpt lat="-33.45605833" lon="-70.54782167"><ele>668.400</ele><time>2026-09-13T16:07:41Z</time><speed>6.170</speed><sat>26</sat></trkpt>
  <trkpt lat="-33.45605667" lon="-70.54782000"><ele>668.300</ele><time>2026-09-13T16:07:42Z</time><speed>0.000</speed><sat>27</sat></trkpt>
  <trkpt lat="-33.45605667" lon="-70.54782167"><ele>668.400</ele><time>2026-09-13T16:07:43Z</time><speed>0.000</speed><sat>26</sat></trkpt>
  <trkpt lat="-33.45605667" lon="-70.54782333"><ele>668.300</ele><time>2026-09-13T16:07:44Z</time><speed>0.000</speed><sat>25</sat></trkpt>
  <trkpt lat="-33.45605667" lon="-70.54782333"><ele>668.300</ele><time>2026-09-13T16:07:45Z</time><speed>0.000</speed><sat>26</sat></trkpt>
  <trkpt lat="-33.45605667" lon="-70.54782333"><ele>668.300</ele><time>2026-09-13T16:07:46Z</time><speed>0.000</speed><sat>26</sat></trkpt>
  <trkpt lat="-33.45605667" lon="-70.54782333"><ele>668.300</ele><time>2026-09-13T16:07:47Z</time><speed>0.000</speed><sat>26</sat></trkpt>
  <trkpt lat="-33.45605667" lon="-70.54782333"><ele>668.300</ele><time>2026-09-13T16:07:48Z</time><speed>0.000</speed><sat>26</sat></trkpt>
  <trkpt lat="-33.45605667" lon="-70.54782333"><ele>668.300</ele><time>2026-09-13T16:07:49Z</time><speed>0.000</speed><sat>25</sat></trkpt>
  <trkpt lat="-33.45605667" lon="-70.54782333"><ele>668.300</ele><time>2026-09-13T16:07:50Z</time><speed>0.000</speed><sat>26</sat></trkpt>
  <trkpt lat="-33.45605667" lon="-70.54782333"><ele>668.300</ele><time>2026-09-13T16:07:51Z</time><speed>0.000</speed><sat>27</sat></trkpt>
  <trkpt lat="-33.45605667" lon="-70.54782333"><ele>668.300</ele><time>2026-09-13T16:07:52Z</time><speed>0.000</speed><sat>27</sat></trkpt>
  <trkpt lat="-33.45605667" lon="-70.54782333"><ele>668.300</ele><time>2026-09-13T16:07:53Z</time><speed>0.000</speed><sat>27</sat></trkpt>
  <trkpt lat="-33.45605667" lon="-70.54782333"><ele>668.300</ele><time>2026-09-13T16:07:54Z</time><speed>0.000</speed><sat>27</sat></trkpt>
  <trkpt lat="-33.45605667" lon="-70.54782333"><ele>668.300</ele><time>2026-09-13T16:07:55Z</time><speed>0.000</speed><sat>26</sat></trkpt>
  <trkpt lat="-33.45605667" lon="-70.54782333"><ele>668.300</ele><time>2026-09-13T16:07:56Z</time><speed>0.000</speed><sat>26</sat></trkpt>
  <trkpt lat="-33.45605667" lon="-70.54782333"><ele>668.300</ele><time>2026-09-13T16:07:57Z</time><speed>0.000</speed><sat>26</sat></trkpt>
  <trkpt lat="-33.45605667" lon="-70.54782333"><ele>668.300</ele><time>2026-09-13T16:07:58Z</time><speed>0.000</speed><sat>27</sat></trkpt>
  <trkpt lat="-33.45605667" lon="-70.54782333"><ele>668.300</ele><time>2026-09-13T16:07:59Z</time><speed>0.000</speed><sat>28</sat></trkpt>
  <trkpt lat="-33.45605667" lon="-70.54782333"><ele>668.300</ele><time>2026-09-13T16:08:00Z</time><speed>0.000</speed><sat>27</sat></trkpt>
  <trkpt lat="-33.45605667" lon="-70.54782333"><ele>668.300</ele><time>2026-09-13T16:08:01Z</time><speed>0.000</speed><sat>27</sat></trkpt>
  <trkpt lat="-33.45605667" lon="-70.54782333"><ele>668.300</ele><time>2026-09-13T16:08:02Z</time><speed>0.000</speed><sat>27</sat></trkpt>
  <trkpt lat="-33.45605667" lon="-70.54782333"><ele>668.300</ele><time>2026-09-13T16:08:03Z</time><speed>0.000</speed><sat>26</sat></trkpt>
  <trkpt lat="-33.45605667" lon="-70.54782333"><ele>668.300</ele><time>2026-09-13T16:08:04Z</time><speed>0.000</speed><sat>27</sat></trkpt>
  <trkpt lat="-33.45605667" lon="-70.54782333"><ele>668.300</ele><time>2026-09-13T16:08:05Z</time><speed>0.000</speed><sat>27</sat></trkpt>
  <trkpt lat="-33.45605667" lon="-70.54782333"><ele>668.300</ele><time>2026-09-13T16:08:06Z</time><speed>0.000</speed><sat>27</sat></trkpt>
  <trkpt lat="-33.45605667" lon="-70.54782333"><ele>668.300</ele><time>2026-09-13T16:08:07Z</time><speed>0.000</speed><sat>27</sat></trkpt>
  <trkpt lat="-33.45605667" lon="-70.54782333"><ele>668.300</ele><time>2026-09-13T16:08:08Z</time><speed>0.000</speed><sat>26</sat></trkpt>
  <trkpt lat="-33.45605667" lon="-70.54782333"><ele>668.300</ele><time>2026-09-13T16:08:09Z</time><speed>0.000</speed><sat>28</sat></trkpt>
  <trkpt lat="-33.45605667" lon="-70.54782333"><ele>668.300</ele><time>2026-09-13T16:08:10Z</time><speed>0.000</speed><sat>27</sat></trkpt>
  <trkpt lat="-33.45605667" lon="-70.54782333"><ele>668.300</ele><time>2026-09-13T16:08:11Z</time><speed>0.000</speed><sat>28</sat></trkpt>
  <trkpt lat="-33.45605667" lon="-70.54782333"><ele>668.300</ele><time>2026-09-13T16:08:12Z</time><speed>0.000</speed><sat>28</sat></trkpt>
  <trkpt lat="-33.45605667" lon="-70.54782333"><ele>668.300</ele><time>2026-09-13T16:08:13Z</time><speed>0.000</speed><sat>27</sat></trkpt>
  <trkpt lat="-33.45608333" lon="-70.54782333"><ele>667.700</ele><time>2026-09-13T16:08:14Z</time><speed>0.425</speed><sat>28</sat></trkpt>
  <trkpt lat="-33.45607667" lon="-70.54781500"><ele>667.800</ele><time>2026-09-13T16:08:15Z</time><speed>0.546</speed><sat>28</sat></trkpt>
  <trkpt lat="-33.45607500" lon="-70.54780833"><ele>667.900</ele><time>2026-09-13T16:08:16Z</time><speed>0.555</speed><sat>26</sat></trkpt>
  <trkpt lat="-33.45608333" lon="-70.54780833"><ele>668.000</ele><time>2026-09-13T16:08:17Z</time><speed>0.545</speed><sat>27</sat></trkpt>
  <trkpt lat="-33.45608833" lon="-70.54780500"><ele>667.900</ele><time>2026-09-13T16:08:18Z</time><speed>0.527</speed><sat>29</sat></trkpt>
  <trkpt lat="-33.45609500" lon="-70.54780333"><ele>667.800</ele><time>2026-09-13T16:08:19Z</time><speed>0.508</speed><sat>28</sat></trkpt>
  <trkpt lat="-33.45610000" lon="-70.54780000"><ele>667.700</ele><time>2026-09-13T16:08:20Z</time><speed>0.496</speed><sat>29</sat></trkpt>
  <trkpt lat="-33.45610333" lon="-70.54779833"><ele>667.800</ele><time>2026-09-13T16:08:21Z</time><speed>0.494</speed><sat>29</sat></trkpt>
  <trkpt lat="-33.45610500" lon="-70.54780000"><ele>667.900</ele><time>2026-09-13T16:08:22Z</time><speed>0.483</speed><sat>29</sat></trkpt>
  <trkpt lat="-33.45610667" lon="-70.54780167"><ele>668.000</ele><time>2026-09-13T16:08:23Z</time><speed>0.433</speed><sat>28</sat></trkpt>
  <trkpt lat="-33.45610833" lon="-70.54781000"><ele>668.200</ele><time>2026-09-13T16:08:24Z</time><speed>0.000</speed><sat>28</sat></trkpt>
  <trkpt lat="-33.45610500" lon="-70.54781500"><ele>668.200</ele><time>2026-09-13T16:08:25Z</time><speed>0.000</speed><sat>29</sat></trkpt>
  <trkpt lat="-33.45610167" lon="-70.54782167"><ele>668.100</ele><time>2026-09-13T16:08:26Z</time><speed>0.000</speed><sat>28</sat></trkpt>
  <trkpt lat="-33.45610167" lon="-70.54782167"><ele>668.100</ele><time>2026-09-13T16:08:27Z</time><speed>0.000</speed><sat>26</sat></trkpt>
  <trkpt lat="-33.45610167" lon="-70.54782167"><ele>668.100</ele><time>2026-09-13T16:08:28Z</time><speed>0.000</speed><sat>27</sat></trkpt>
  <trkpt lat="-33.45608500" lon="-70.54784167"><ele>667.800</ele><time>2026-09-13T16:08:29Z</time><speed>0.338</speed><sat>29</sat></trkpt>
  <trkpt lat="-33.45608167" lon="-70.54784667"><ele>667.700</ele><time>2026-09-13T16:08:30Z</time><speed>0.363</speed><sat>29</sat></trkpt>
  <trkpt lat="-33.45607000" lon="-70.54785000"><ele>667.600</ele><time>2026-09-13T16:08:31Z</time><speed>0.416</speed><sat>29</sat></trkpt>
  <trkpt lat="-33.45606667" lon="-70.54785000"><ele>667.500</ele><time>2026-09-13T16:08:32Z</time><speed>0.460</speed><sat>29</sat></trkpt>
  <trkpt lat="-33.45606000" lon="-70.54785000"><ele>667.500</ele><time>2026-09-13T16:08:33Z</time><speed>0.521</speed><sat>29</sat></trkpt>
  <trkpt lat="-33.45605500" lon="-70.54785667"><ele>667.400</ele><time>2026-09-13T16:08:34Z</time><speed>0.527</speed><sat>27</sat></trkpt>
  <trkpt lat="-33.45605167" lon="-70.54786167"><ele>667.200</ele><time>2026-09-13T16:08:35Z</time><speed>0.551</speed><sat>28</sat></trkpt>
  <trkpt lat="-33.45605000" lon="-70.54786500"><ele>667.300</ele><time>2026-09-13T16:08:36Z</time><speed>0.547</speed><sat>29</sat></trkpt>
  <trkpt lat="-33.45604833" lon="-70.54786500"><ele>667.300</ele><time>2026-09-13T16:08:37Z</time><speed>0.548</speed><sat>28</sat></trkpt>
  <trkpt lat="-33.45604833" lon="-70.54786833"><ele>667.300</ele><time>2026-09-13T16:08:38Z</time><speed>0.527</speed><sat>27</sat></trkpt>
  <trkpt lat="-33.45604333" lon="-70.54786333"><ele>667.300</ele><time>2026-09-13T16:08:39Z</time><speed>0.481</speed><sat>28</sat></trkpt>
  <trkpt lat="-33.45604500" lon="-70.54785667"><ele>667.400</ele><time>2026-09-13T16:08:40Z</time><speed>0.498</speed><sat>26</sat></trkpt>
  <trkpt lat="-33.45604667" lon="-70.54785000"><ele>667.300</ele><time>2026-09-13T16:08:41Z</time><speed>0.485</speed><sat>28</sat></trkpt>
  <trkpt lat="-33.45604833" lon="-70.54784500"><ele>667.100</ele><time>2026-09-13T16:08:42Z</time><speed>0.468</speed><sat>28</sat></trkpt>
  <trkpt lat="-33.45605500" lon="-70.54783833"><ele>667.100</ele><time>2026-09-13T16:08:43Z</time><speed>0.432</speed><sat>28</sat></trkpt>
  <trkpt lat="-33.45606000" lon="-70.54783667"><ele>667.100</ele><time>2026-09-13T16:08:44Z</time><speed>0.409</speed><sat>28</sat></trkpt>
  <trkpt lat="-33.45606000" lon="-70.54783667"><ele>667.000</ele><time>2026-09-13T16:08:45Z</time><speed>0.000</speed><sat>29</sat></trkpt>
  <trkpt lat="-33.45605333" lon="-70.54784000"><ele>667.000</ele><time>2026-09-13T16:08:46Z</time><speed>0.000</speed><sat>29</sat></trkpt>
  <trkpt lat="-33.45604500" lon="-70.54784167"><ele>666.900</ele><time>2026-09-13T16:08:47Z</time><speed>0.000</speed><sat>29</sat></trkpt>
  <trkpt lat="-33.45603833" lon="-70.54783667"><ele>666.900</ele><time>2026-09-13T16:08:48Z</time><speed>0.425</speed><sat>28</sat></trkpt>
  <trkpt lat="-33.45603833" lon="-70.54783667"><ele>667.000</ele><time>2026-09-13T16:08:49Z</time><speed>0.444</speed><sat>28</sat></trkpt>
  <trkpt lat="-33.45604000" lon="-70.54783500"><ele>666.900</ele><time>2026-09-13T16:08:50Z</time><speed>0.000</speed><sat>24</sat></trkpt>
  <trkpt lat="-33.45604167" lon="-70.54783667"><ele>666.900</ele><time>2026-09-13T16:08:51Z</time><speed>0.000</speed><sat>27</sat></trkpt>
  <trkpt lat="-33.45604167" lon="-70.54783667"><ele>667.000</ele><time>2026-09-13T16:08:52Z</time><speed>0.000</speed><sat>27</sat></trkpt>
  <trkpt lat="-33.45604167" lon="-70.54783667"><ele>667.000</ele><time>2026-09-13T16:08:53Z</time><speed>0.000</speed><sat>27</sat></trkpt>
  <trkpt lat="-33.45604167" lon="-70.54783667"><ele>667.000</ele><time>2026-09-13T16:08:54Z</time><speed>0.000</speed><sat>29</sat></trkpt>
  <trkpt lat="-33.45603000" lon="-70.54784000"><ele>666.900</ele><time>2026-09-13T16:08:55Z</time><speed>0.390</speed><sat>29</sat></trkpt>
  <trkpt lat="-33.45602667" lon="-70.54784333"><ele>666.800</ele><time>2026-09-13T16:08:56Z</time><speed>0.446</speed><sat>29</sat></trkpt>
  <trkpt lat="-33.45602333" lon="-70.54784833"><ele>666.800</ele><time>2026-09-13T16:08:57Z</time><speed>0.525</speed><sat>29</sat></trkpt>
  <trkpt lat="-33.45601833" lon="-70.54785833"><ele>666.700</ele><time>2026-09-13T16:08:58Z</time><speed>0.606</speed><sat>29</sat></trkpt>
  <trkpt lat="-33.45601167" lon="-70.54786500"><ele>666.800</ele><time>2026-09-13T16:08:59Z</time><speed>0.681</speed><sat>28</sat></trkpt>
  <trkpt lat="-33.45600333" lon="-70.54787500"><ele>666.700</ele><time>2026-09-13T16:09:00Z</time><speed>0.766</speed><sat>27</sat></trkpt>
  <trkpt lat="-33.45599833" lon="-70.54788667"><ele>666.800</ele><time>2026-09-13T16:09:01Z</time><speed>0.868</speed><sat>29</sat></trkpt>
  <trkpt lat="-33.45599167" lon="-70.54790000"><ele>666.700</ele><time>2026-09-13T16:09:02Z</time><speed>1.012</speed><sat>29</sat></trkpt>
  <trkpt lat="-33.45598667" lon="-70.54791000"><ele>666.700</ele><time>2026-09-13T16:09:03Z</time><speed>1.087</speed><sat>29</sat></trkpt>
  <trkpt lat="-33.45598000" lon="-70.54792167"><ele>666.800</ele><time>2026-09-13T16:09:04Z</time><speed>1.143</speed><sat>29</sat></trkpt>
  <trkpt lat="-33.45597833" lon="-70.54793167"><ele>666.900</ele><time>2026-09-13T16:09:05Z</time><speed>1.147</speed><sat>29</sat></trkpt>
  <trkpt lat="-33.45597333" lon="-70.54794500"><ele>666.800</ele><time>2026-09-13T16:09:06Z</time><speed>1.201</speed><sat>29</sat></trkpt>
  <trkpt lat="-33.45596833" lon="-70.54795500"><ele>666.900</ele><time>2026-09-13T16:09:07Z</time><speed>1.145</speed><sat>29</sat></trkpt>
  <trkpt lat="-33.45596000" lon="-70.54795833"><ele>667.000</ele><time>2026-09-13T16:09:08Z</time><speed>1.102</speed><sat>29</sat></trkpt>
  <trkpt lat="-33.45595333" lon="-70.54796000"><ele>667.100</ele><time>2026-09-13T16:09:09Z</time><speed>1.078</speed><sat>29</sat></trkpt>
  <trkpt lat="-33.45594333" lon="-70.54796333"><ele>667.200</ele><time>2026-09-13T16:09:10Z</time><speed>1.065</speed><sat>28</sat></trkpt>
  <trkpt lat="-33.45593500" lon="-70.54796667"><ele>667.300</ele><time>2026-09-13T16:09:11Z</time><speed>1.062</speed><sat>29</sat></trkpt>
  <trkpt lat="-33.45592833" lon="-70.54797333"><ele>667.300</ele><time>2026-09-13T16:09:12Z</time><speed>0.991</speed><sat>29</sat></trkpt>
  <trkpt lat="-33.45592500" lon="-70.54797500"><ele>667.200</ele><time>2026-09-13T16:09:13Z</time><speed>0.963</speed><sat>29</sat></trkpt>
  <trkpt lat="-33.45592000" lon="-70.54798000"><ele>667.200</ele><time>2026-09-13T16:09:14Z</time><speed>0.927</speed><sat>28</sat></trkpt>
  <trkpt lat="-33.45591333" lon="-70.54798000"><ele>667.100</ele><time>2026-09-13T16:09:15Z</time><speed>0.900</speed><sat>28</sat></trkpt>
  <trkpt lat="-33.45590667" lon="-70.54797833"><ele>667.000</ele><time>2026-09-13T16:09:16Z</time><speed>0.824</speed><sat>27</sat></trkpt>
  <trkpt lat="-33.45590167" lon="-70.54797833"><ele>666.900</ele><time>2026-09-13T16:09:17Z</time><speed>0.813</speed><sat>29</sat></trkpt>
  <trkpt lat="-33.45589333" lon="-70.54797667"><ele>666.800</ele><time>2026-09-13T16:09:18Z</time><speed>0.812</speed><sat>30</sat></trkpt>
  <trkpt lat="-33.45588500" lon="-70.54798000"><ele>666.700</ele><time>2026-09-13T16:09:19Z</time><speed>0.836</speed><sat>30</sat></trkpt>
  <trkpt lat="-33.45587833" lon="-70.54798500"><ele>666.600</ele><time>2026-09-13T16:09:20Z</time><speed>0.847</speed><sat>30</sat></trkpt>
  <trkpt lat="-33.45587000" lon="-70.54798667"><ele>666.600</ele><time>2026-09-13T16:09:21Z</time><speed>0.827</speed><sat>30</sat></trkpt>
  <trkpt lat="-33.45586500" lon="-70.54799000"><ele>666.600</ele><time>2026-09-13T16:09:22Z</time><speed>0.784</speed><sat>29</sat></trkpt>
  <trkpt lat="-33.45585333" lon="-70.54799833"><ele>666.600</ele><time>2026-09-13T16:09:23Z</time><speed>0.816</speed><sat>29</sat></trkpt>
  <trkpt lat="-33.45584833" lon="-70.54800500"><ele>666.500</ele><time>2026-09-13T16:09:24Z</time><speed>0.826</speed><sat>28</sat></trkpt>
  <trkpt lat="-33.45584667" lon="-70.54801500"><ele>666.400</ele><time>2026-09-13T16:09:25Z</time><speed>0.845</speed><sat>29</sat></trkpt>
  <trkpt lat="-33.45584333" lon="-70.54802167"><ele>666.400</ele><time>2026-09-13T16:09:26Z</time><speed>0.827</speed><sat>29</sat></trkpt>
  <trkpt lat="-33.45583833" lon="-70.54803333"><ele>666.400</ele><time>2026-09-13T16:09:27Z</time><speed>0.848</speed><sat>29</sat></trkpt>
  <trkpt lat="-33.45583167" lon="-70.54804000"><ele>666.400</ele><time>2026-09-13T16:09:28Z</time><speed>0.872</speed><sat>29</sat></trkpt>
  <trkpt lat="-33.45582500" lon="-70.54805000"><ele>666.400</ele><time>2026-09-13T16:09:29Z</time><speed>0.857</speed><sat>29</sat></trkpt>
  <trkpt lat="-33.45582000" lon="-70.54805667"><ele>666.300</ele><time>2026-09-13T16:09:30Z</time><speed>0.844</speed><sat>28</sat></trkpt>
  <trkpt lat="-33.45581667" lon="-70.54806667"><ele>666.100</ele><time>2026-09-13T16:09:31Z</time><speed>0.840</speed><sat>28</sat></trkpt>
  <trkpt lat="-33.45581000" lon="-70.54807833"><ele>666.100</ele><time>2026-09-13T16:09:32Z</time><speed>0.898</speed><sat>28</sat></trkpt>
  <trkpt lat="-33.45580000" lon="-70.54808333"><ele>666.000</ele><time>2026-09-13T16:09:33Z</time><speed>0.896</speed><sat>28</sat></trkpt>
  <trkpt lat="-33.45579333" lon="-70.54808500"><ele>665.900</ele><time>2026-09-13T16:09:34Z</time><speed>0.900</speed><sat>28</sat></trkpt>
  <trkpt lat="-33.45578667" lon="-70.54808833"><ele>665.800</ele><time>2026-09-13T16:09:35Z</time><speed>0.907</speed><sat>28</sat></trkpt>
  <trkpt lat="-33.45577667" lon="-70.54809500"><ele>665.800</ele><time>2026-09-13T16:09:36Z</time><speed>0.971</speed><sat>28</sat></trkpt>
  <trkpt lat="-33.45576833" lon="-70.54809833"><ele>665.800</ele><time>2026-09-13T16:09:37Z</time><speed>0.982</speed><sat>28</sat></trkpt>
  <trkpt lat="-33.45576000" lon="-70.54809833"><ele>665.900</ele><time>2026-09-13T16:09:38Z</time><speed>0.960</speed><sat>28</sat></trkpt>
  <trkpt lat="-33.45574667" lon="-70.54809667"><ele>665.900</ele><time>2026-09-13T16:09:39Z</time><speed>0.970</speed><sat>28</sat></trkpt>
  <trkpt lat="-33.45573833" lon="-70.54809667"><ele>666.000</ele><time>2026-09-13T16:09:40Z</time><speed>0.949</speed><sat>26</sat></trkpt>
  <trkpt lat="-33.45572500" lon="-70.54810000"><ele>666.000</ele><time>2026-09-13T16:09:41Z</time><speed>0.977</speed><sat>26</sat></trkpt>
  <trkpt lat="-33.45571500" lon="-70.54810333"><ele>666.000</ele><time>2026-09-13T16:09:42Z</time><speed>0.978</speed><sat>26</sat></trkpt>
  <trkpt lat="-33.45570667" lon="-70.54810667"><ele>666.000</ele><time>2026-09-13T16:09:43Z</time><speed>0.966</speed><sat>26</sat></trkpt>
  <trkpt lat="-33.45569833" lon="-70.54810833"><ele>665.900</ele><time>2026-09-13T16:09:44Z</time><speed>0.976</speed><sat>27</sat></trkpt>
  <trkpt lat="-33.45560833" lon="-70.54817500"><ele>669.300</ele><time>2026-09-13T16:09:46.500Z</time><speed>2.350</speed><sat>11</sat></trkpt>
  <trkpt lat="-33.45557833" lon="-70.54813167"><ele>671.700</ele><time>2026-09-13T16:09:47.500Z</time><speed>2.007</speed><sat>15</sat></trkpt>
  <trkpt lat="-33.45556333" lon="-70.54815167"><ele>665.800</ele><time>2026-09-13T16:09:49Z</time><speed>1.706</speed><sat>17</sat></trkpt>
  <trkpt lat="-33.45554833" lon="-70.54815333"><ele>662.500</ele><time>2026-09-13T16:09:50Z</time><speed>1.656</speed><sat>20</sat></trkpt>
  <trkpt lat="-33.45554167" lon="-70.54815833"><ele>662.300</ele><time>2026-09-13T16:09:51Z</time><speed>1.566</speed><sat>24</sat></trkpt>
  <trkpt lat="-33.45555000" lon="-70.54816000"><ele>663.400</ele><time>2026-09-13T16:09:52Z</time><speed>0.975</speed><sat>24</sat></trkpt>
  <trkpt lat="-33.45555833" lon="-70.54816000"><ele>663.900</ele><time>2026-09-13T16:09:53Z</time><speed>0.767</speed><sat>24</sat></trkpt>
  <trkpt lat="-33.45556500" lon="-70.54816500"><ele>664.500</ele><time>2026-09-13T16:09:54Z</time><speed>0.688</speed><sat>24</sat></trkpt>
  <trkpt lat="-33.45556500" lon="-70.54817333"><ele>664.900</ele><time>2026-09-13T16:09:55Z</time><speed>1.193</speed><sat>24</sat></trkpt>
  <trkpt lat="-33.45556167" lon="-70.54818500"><ele>665.200</ele><time>2026-09-13T16:09:56Z</time><speed>1.658</speed><sat>25</sat></trkpt>
  <trkpt lat="-33.45556167" lon="-70.54818833"><ele>665.600</ele><time>2026-09-13T16:09:57Z</time><speed>0.920</speed><sat>27</sat></trkpt>
  <trkpt lat="-33.45556000" lon="-70.54819000"><ele>665.800</ele><time>2026-09-13T16:09:58Z</time><speed>0.694</speed><sat>28</sat></trkpt>
  <trkpt lat="-33.45555667" lon="-70.54819333"><ele>665.900</ele><time>2026-09-13T16:09:59Z</time><speed>0.587</speed><sat>28</sat></trkpt>
  <trkpt lat="-33.45555333" lon="-70.54819667"><ele>666.100</ele><time>2026-09-13T16:10:00Z</time><speed>0.667</speed><sat>28</sat></trkpt>
  <trkpt lat="-33.45554667" lon="-70.54820000"><ele>666.400</ele><time>2026-09-13T16:10:01Z</time><speed>0.751</speed><sat>27</sat></trkpt>
  <trkpt lat="-33.45554167" lon="-70.54820167"><ele>666.400</ele><time>2026-09-13T16:10:02Z</time><speed>0.651</speed><sat>28</sat></trkpt>
  <trkpt lat="-33.45553667" lon="-70.54820167"><ele>666.400</ele><time>2026-09-13T16:10:03Z</time><speed>0.859</speed><sat>29</sat></trkpt>
  <trkpt lat="-33.45553500" lon="-70.54820000"><ele>666.600</ele><time>2026-09-13T16:10:04Z</time><speed>0.706</speed><sat>29</sat></trkpt>
  <trkpt lat="-33.45553000" lon="-70.54819500"><ele>666.700</ele><time>2026-09-13T16:10:05Z</time><speed>0.831</speed><sat>28</sat></trkpt>
  <trkpt lat="-33.45552333" lon="-70.54819000"><ele>666.800</ele><time>2026-09-13T16:10:06Z</time><speed>0.733</speed><sat>29</sat></trkpt>
  <trkpt lat="-33.45551500" lon="-70.54818833"><ele>666.800</ele><time>2026-09-13T16:10:07Z</time><speed>0.723</speed><sat>29</sat></trkpt>
  <trkpt lat="-33.45550500" lon="-70.54818500"><ele>666.700</ele><time>2026-09-13T16:10:08Z</time><speed>0.766</speed><sat>30</sat></trkpt>
  <trkpt lat="-33.45549667" lon="-70.54818167"><ele>666.700</ele><time>2026-09-13T16:10:09Z</time><speed>0.782</speed><sat>30</sat></trkpt>
  <trkpt lat="-33.45548667" lon="-70.54817833"><ele>667.400</ele><time>2026-09-13T16:10:10Z</time><speed>0.808</speed><sat>30</sat></trkpt>
  <trkpt lat="-33.45547667" lon="-70.54817500"><ele>667.900</ele><time>2026-09-13T16:10:11Z</time><speed>0.831</speed><sat>30</sat></trkpt>
  <trkpt lat="-33.45546333" lon="-70.54817000"><ele>668.100</ele><time>2026-09-13T16:10:12Z</time><speed>0.910</speed><sat>30</sat></trkpt>
  <trkpt lat="-33.45545000" lon="-70.54816667"><ele>667.900</ele><time>2026-09-13T16:10:13Z</time><speed>0.930</speed><sat>30</sat></trkpt>
  <trkpt lat="-33.45544000" lon="-70.54816333"><ele>668.100</ele><time>2026-09-13T16:10:14Z</time><speed>0.951</speed><sat>30</sat></trkpt>
  <trkpt lat="-33.45543000" lon="-70.54816333"><ele>668.100</ele><time>2026-09-13T16:10:15Z</time><speed>0.962</speed><sat>30</sat></trkpt>
  <trkpt lat="-33.45542000" lon="-70.54816000"><ele>668.100</ele><time>2026-09-13T16:10:16Z</time><speed>1.007</speed><sat>30</sat></trkpt>
  <trkpt lat="-33.45540500" lon="-70.54815667"><ele>668.000</ele><time>2026-09-13T16:10:17Z</time><speed>1.042</speed><sat>29</sat></trkpt>
  <trkpt lat="-33.45539500" lon="-70.54815167"><ele>668.000</ele><time>2026-09-13T16:10:18Z</time><speed>1.000</speed><sat>29</sat></trkpt>
  <trkpt lat="-33.45538667" lon="-70.54814667"><ele>668.100</ele><time>2026-09-13T16:10:19Z</time><speed>1.015</speed><sat>29</sat></trkpt>
  <trkpt lat="-33.45537833" lon="-70.54814667"><ele>668.100</ele><time>2026-09-13T16:10:20Z</time><speed>1.012</speed><sat>29</sat></trkpt>
  <trkpt lat="-33.45536833" lon="-70.54814167"><ele>668.100</ele><time>2026-09-13T16:10:21Z</time><speed>1.020</speed><sat>29</sat></trkpt>
  <trkpt lat="-33.45535833" lon="-70.54813833"><ele>668.000</ele><time>2026-09-13T16:10:22Z</time><speed>0.946</speed><sat>28</sat></trkpt>
  <trkpt lat="-33.45535000" lon="-70.54814167"><ele>668.000</ele><time>2026-09-13T16:10:23Z</time><speed>0.908</speed><sat>28</sat></trkpt>
  <trkpt lat="-33.45534167" lon="-70.54814667"><ele>668.000</ele><time>2026-09-13T16:10:24Z</time><speed>0.894</speed><sat>28</sat></trkpt>
  <trkpt lat="-33.45532833" lon="-70.54814833"><ele>668.000</ele><time>2026-09-13T16:10:25Z</time><speed>0.952</speed><sat>28</sat></trkpt>
  <trkpt lat="-33.45531667" lon="-70.54814500"><ele>667.900</ele><time>2026-09-13T16:10:26Z</time><speed>0.951</speed><sat>26</sat></trkpt>
  <trkpt lat="-33.45530500" lon="-70.54814500"><ele>667.700</ele><time>2026-09-13T16:10:27Z</time><speed>0.908</speed><sat>26</sat></trkpt>
  <trkpt lat="-33.45529667" lon="-70.54814167"><ele>667.600</ele><time>2026-09-13T16:10:28Z</time><speed>0.914</speed><sat>26</sat></trkpt>
  <trkpt lat="-33.45528500" lon="-70.54814333"><ele>667.500</ele><time>2026-09-13T16:10:29Z</time><speed>0.914</speed><sat>26</sat></trkpt>
  <trkpt lat="-33.45527333" lon="-70.54814500"><ele>667.400</ele><time>2026-09-13T16:10:30Z</time><speed>0.973</speed><sat>26</sat></trkpt>
  <trkpt lat="-33.45526167" lon="-70.54813667"><ele>667.100</ele><time>2026-09-13T16:10:31Z</time><speed>0.997</speed><sat>27</sat></trkpt>
  <trkpt lat="-33.45525000" lon="-70.54813167"><ele>666.800</ele><time>2026-09-13T16:10:32Z</time><speed>0.997</speed><sat>27</sat></trkpt>
  <trkpt lat="-33.45524167" lon="-70.54812833"><ele>666.700</ele><time>2026-09-13T16:10:33Z</time><speed>0.982</speed><sat>27</sat></trkpt>
  <trkpt lat="-33.45523333" lon="-70.54812833"><ele>666.500</ele><time>2026-09-13T16:10:34Z</time><speed>0.949</speed><sat>27</sat></trkpt>
  <trkpt lat="-33.45522167" lon="-70.54812833"><ele>666.400</ele><time>2026-09-13T16:10:35Z</time><speed>0.903</speed><sat>27</sat></trkpt>
  <trkpt lat="-33.45521167" lon="-70.54813000"><ele>666.300</ele><time>2026-09-13T16:10:36Z</time><speed>0.900</speed><sat>27</sat></trkpt>
  <trkpt lat="-33.45520167" lon="-70.54813167"><ele>666.100</ele><time>2026-09-13T16:10:37Z</time><speed>0.913</speed><sat>27</sat></trkpt>
  <trkpt lat="-33.45519333" lon="-70.54813000"><ele>666.100</ele><time>2026-09-13T16:10:38Z</time><speed>0.902</speed><sat>28</sat></trkpt>
  <trkpt lat="-33.45518667" lon="-70.54812833"><ele>666.000</ele><time>2026-09-13T16:10:39Z</time><speed>0.888</speed><sat>28</sat></trkpt>
  <trkpt lat="-33.45517667" lon="-70.54812833"><ele>665.900</ele><time>2026-09-13T16:10:40Z</time><speed>0.859</speed><sat>28</sat></trkpt>
  <trkpt lat="-33.45516667" lon="-70.54812167"><ele>665.700</ele><time>2026-09-13T16:10:41Z</time><speed>0.855</speed><sat>28</sat></trkpt>
  <trkpt lat="-33.45515667" lon="-70.54812000"><ele>665.600</ele><time>2026-09-13T16:10:42Z</time><speed>0.865</speed><sat>28</sat></trkpt>
  <trkpt lat="-33.45515000" lon="-70.54811333"><ele>665.600</ele><time>2026-09-13T16:10:43Z</time><speed>0.889</speed><sat>27</sat></trkpt>
  <trkpt lat="-33.45514333" lon="-70.54811000"><ele>665.600</ele><time>2026-09-13T16:10:44Z</time><speed>0.896</speed><sat>28</sat></trkpt>
  <trkpt lat="-33.45513167" lon="-70.54810833"><ele>665.500</ele><time>2026-09-13T16:10:45Z</time><speed>0.883</speed><sat>28</sat></trkpt>
  <trkpt lat="-33.45511833" lon="-70.54810833"><ele>665.400</ele><time>2026-09-13T16:10:46Z</time><speed>0.894</speed><sat>28</sat></trkpt>
  <trkpt lat="-33.45510833" lon="-70.54810667"><ele>665.300</ele><time>2026-09-13T16:10:47Z</time><speed>0.888</speed><sat>28</sat></trkpt>
  <trkpt lat="-33.45509500" lon="-70.54810167"><ele>665.400</ele><time>2026-09-13T16:10:48Z</time><speed>0.921</speed><sat>28</sat></trkpt>
  <trkpt lat="-33.45508500" lon="-70.54809667"><ele>665.300</ele><time>2026-09-13T16:10:49Z</time><speed>0.919</speed><sat>26</sat></trkpt>
  <trkpt lat="-33.45507500" lon="-70.54809500"><ele>665.200</ele><time>2026-09-13T16:10:50Z</time><speed>0.903</speed><sat>26</sat></trkpt>
  <trkpt lat="-33.45506333" lon="-70.54809000"><ele>665.200</ele><time>2026-09-13T16:10:51Z</time><speed>0.897</speed><sat>27</sat></trkpt>
  <trkpt lat="-33.45505333" lon="-70.54808667"><ele>665.100</ele><time>2026-09-13T16:10:52Z</time><speed>0.933</speed><sat>27</sat></trkpt>
  <trkpt lat="-33.45504333" lon="-70.54808167"><ele>665.100</ele><time>2026-09-13T16:10:53Z</time><speed>0.936</speed><sat>27</sat></trkpt>
  <trkpt lat="-33.45503167" lon="-70.54807500"><ele>665.400</ele><time>2026-09-13T16:10:54Z</time><speed>0.980</speed><sat>27</sat></trkpt>
  <trkpt lat="-33.45502000" lon="-70.54807000"><ele>665.600</ele><time>2026-09-13T16:10:55Z</time><speed>0.989</speed><sat>27</sat></trkpt>
  <trkpt lat="-33.45500667" lon="-70.54806667"><ele>665.700</ele><time>2026-09-13T16:10:56Z</time><speed>0.988</speed><sat>28</sat></trkpt>
  <trkpt lat="-33.45499333" lon="-70.54806167"><ele>665.600</ele><time>2026-09-13T16:10:57Z</time><speed>1.075</speed><sat>28</sat></trkpt>
  <trkpt lat="-33.45498167" lon="-70.54805833"><ele>665.700</ele><time>2026-09-13T16:10:58Z</time><speed>1.087</speed><sat>28</sat></trkpt>
  <trkpt lat="-33.45497000" lon="-70.54805333"><ele>666.000</ele><time>2026-09-13T16:10:59Z</time><speed>1.113</speed><sat>28</sat></trkpt>
  <trkpt lat="-33.45495833" lon="-70.54805000"><ele>666.300</ele><time>2026-09-13T16:11:00Z</time><speed>1.099</speed><sat>28</sat></trkpt>
  <trkpt lat="-33.45494833" lon="-70.54805167"><ele>666.500</ele><time>2026-09-13T16:11:01Z</time><speed>1.077</speed><sat>28</sat></trkpt>
  <trkpt lat="-33.45493500" lon="-70.54805000"><ele>666.600</ele><time>2026-09-13T16:11:02Z</time><speed>1.124</speed><sat>28</sat></trkpt>
  <trkpt lat="-33.45492500" lon="-70.54804833"><ele>666.700</ele><time>2026-09-13T16:11:03Z</time><speed>1.164</speed><sat>28</sat></trkpt>
  <trkpt lat="-33.45491500" lon="-70.54804833"><ele>666.800</ele><time>2026-09-13T16:11:04Z</time><speed>1.147</speed><sat>28</sat></trkpt>
  <trkpt lat="-33.45490500" lon="-70.54804500"><ele>666.900</ele><time>2026-09-13T16:11:05Z</time><speed>1.122</speed><sat>29</sat></trkpt>
  <trkpt lat="-33.45489667" lon="-70.54804333"><ele>666.900</ele><time>2026-09-13T16:11:06Z</time><speed>1.072</speed><sat>29</sat></trkpt>
  <trkpt lat="-33.45488500" lon="-70.54803833"><ele>667.000</ele><time>2026-09-13T16:11:07Z</time><speed>1.002</speed><sat>29</sat></trkpt>
  <trkpt lat="-33.45487833" lon="-70.54803333"><ele>667.000</ele><time>2026-09-13T16:11:08Z</time><speed>0.978</speed><sat>29</sat></trkpt>
  <trkpt lat="-33.45487000" lon="-70.54803000"><ele>667.000</ele><time>2026-09-13T16:11:09Z</time><speed>0.955</speed><sat>28</sat></trkpt>
  <trkpt lat="-33.45486333" lon="-70.54802333"><ele>666.900</ele><time>2026-09-13T16:11:10Z</time><speed>0.933</speed><sat>27</sat></trkpt>
  <trkpt lat="-33.45485667" lon="-70.54801833"><ele>666.800</ele><time>2026-09-13T16:11:11Z</time><speed>0.896</speed><sat>27</sat></trkpt>
  <trkpt lat="-33.45484833" lon="-70.54801500"><ele>666.700</ele><time>2026-09-13T16:11:12Z</time><speed>0.810</speed><sat>27</sat></trkpt>
  <trkpt lat="-33.45483500" lon="-70.54801167"><ele>666.500</ele><time>2026-09-13T16:11:13Z</time><speed>0.802</speed><sat>27</sat></trkpt>
  <trkpt lat="-33.45482333" lon="-70.54801000"><ele>666.500</ele><time>2026-09-13T16:11:14Z</time><speed>0.795</speed><sat>27</sat></trkpt>
  <trkpt lat="-33.45481333" lon="-70.54800667"><ele>666.500</ele><time>2026-09-13T16:11:15Z</time><speed>0.807</speed><sat>28</sat></trkpt>
  <trkpt lat="-33.45480500" lon="-70.54800333"><ele>666.500</ele><time>2026-09-13T16:11:16Z</time><speed>0.819</speed><sat>28</sat></trkpt>
  <trkpt lat="-33.45479500" lon="-70.54800000"><ele>666.300</ele><time>2026-09-13T16:11:17Z</time><speed>0.808</speed><sat>28</sat></trkpt>
  <trkpt lat="-33.45478667" lon="-70.54799500"><ele>666.300</ele><time>2026-09-13T16:11:18Z</time><speed>0.807</speed><sat>28</sat></trkpt>
  <trkpt lat="-33.45477833" lon="-70.54799333"><ele>666.300</ele><time>2026-09-13T16:11:19Z</time><speed>0.813</speed><sat>27</sat></trkpt>
  <trkpt lat="-33.45477000" lon="-70.54798667"><ele>666.200</ele><time>2026-09-13T16:11:20Z</time><speed>0.838</speed><sat>28</sat></trkpt>
  <trkpt lat="-33.45476167" lon="-70.54798167"><ele>666.300</ele><time>2026-09-13T16:11:21Z</time><speed>0.875</speed><sat>29</sat></trkpt>
  <trkpt lat="-33.45475333" lon="-70.54797667"><ele>666.300</ele><time>2026-09-13T16:11:22Z</time><speed>0.890</speed><sat>28</sat></trkpt>
  <trkpt lat="-33.45474667" lon="-70.54797000"><ele>666.400</ele><time>2026-09-13T16:11:23Z</time><speed>0.878</speed><sat>27</sat></trkpt>
  <trkpt lat="-33.45473667" lon="-70.54796500"><ele>666.600</ele><time>2026-09-13T16:11:24Z</time><speed>0.910</speed><sat>28</sat></trkpt>
  <trkpt lat="-33.45472500" lon="-70.54795500"><ele>666.400</ele><time>2026-09-13T16:11:25Z</time><speed>0.986</speed><sat>28</sat></trkpt>
  <trkpt lat="-33.45471833" lon="-70.54794167"><ele>666.400</ele><time>2026-09-13T16:11:26Z</time><speed>1.025</speed><sat>29</sat></trkpt>
  <trkpt lat="-33.45471333" lon="-70.54793000"><ele>666.500</ele><time>2026-09-13T16:11:27Z</time><speed>1.036</speed><sat>29</sat></trkpt>
  <trkpt lat="-33.45470667" lon="-70.54792167"><ele>666.700</ele><time>2026-09-13T16:11:28Z</time><speed>1.053</speed><sat>29</sat></trkpt>
  <trkpt lat="-33.45469667" lon="-70.54791667"><ele>666.700</ele><time>2026-09-13T16:11:29Z</time><speed>1.096</speed><sat>29</sat></trkpt>
  <trkpt lat="-33.45468667" lon="-70.54791167"><ele>666.700</ele><time>2026-09-13T16:11:30Z</time><speed>1.124</speed><sat>28</sat></trkpt>
  <trkpt lat="-33.45468000" lon="-70.54790833"><ele>666.800</ele><time>2026-09-13T16:11:31Z</time><speed>1.102</speed><sat>28</sat></trkpt>
  <trkpt lat="-33.45467167" lon="-70.54791167"><ele>666.900</ele><time>2026-09-13T16:11:32Z</time><speed>1.088</speed><sat>27</sat></trkpt>
  <trkpt lat="-33.45466667" lon="-70.54791667"><ele>666.800</ele><time>2026-09-13T16:11:33Z</time><speed>1.022</speed><sat>27</sat></trkpt>
  <trkpt lat="-33.45466000" lon="-70.54791833"><ele>666.800</ele><time>2026-09-13T16:11:34Z</time><speed>0.988</speed><sat>28</sat></trkpt>
  <trkpt lat="-33.45464667" lon="-70.54792167"><ele>666.700</ele><time>2026-09-13T16:11:35Z</time><speed>0.976</speed><sat>28</sat></trkpt>
  <trkpt lat="-33.45463500" lon="-70.54792167"><ele>666.800</ele><time>2026-09-13T16:11:36Z</time><speed>0.957</speed><sat>27</sat></trkpt>
  <trkpt lat="-33.45462667" lon="-70.54792167"><ele>666.800</ele><time>2026-09-13T16:11:37Z</time><speed>0.940</speed><sat>27</sat></trkpt>
  <trkpt lat="-33.45461667" lon="-70.54792000"><ele>666.900</ele><time>2026-09-13T16:11:38Z</time><speed>0.939</speed><sat>27</sat></trkpt>
  <trkpt lat="-33.45460500" lon="-70.54791833"><ele>666.900</ele><time>2026-09-13T16:11:39Z</time><speed>0.930</speed><sat>27</sat></trkpt>
  <trkpt lat="-33.45459333" lon="-70.54791833"><ele>667.000</ele><time>2026-09-13T16:11:40Z</time><speed>0.920</speed><sat>28</sat></trkpt>
  <trkpt lat="-33.45457833" lon="-70.54791333"><ele>667.000</ele><time>2026-09-13T16:11:41Z</time><speed>1.019</speed><sat>28</sat></trkpt>
  <trkpt lat="-33.45456500" lon="-70.54790667"><ele>667.000</ele><time>2026-09-13T16:11:42Z</time><speed>1.089</speed><sat>28</sat></trkpt>
  <trkpt lat="-33.45455667" lon="-70.54790333"><ele>667.100</ele><time>2026-09-13T16:11:43Z</time><speed>1.145</speed><sat>28</sat></trkpt>
  <trkpt lat="-33.45455000" lon="-70.54790000"><ele>667.200</ele><time>2026-09-13T16:11:44Z</time><speed>1.148</speed><sat>28</sat></trkpt>
  <trkpt lat="-33.45454000" lon="-70.54789500"><ele>667.300</ele><time>2026-09-13T16:11:45Z</time><speed>1.090</speed><sat>28</sat></trkpt>
  <trkpt lat="-33.45453333" lon="-70.54789333"><ele>667.400</ele><time>2026-09-13T16:11:46Z</time><speed>1.053</speed><sat>28</sat></trkpt>
  <trkpt lat="-33.45452333" lon="-70.54789500"><ele>667.500</ele><time>2026-09-13T16:11:47Z</time><speed>1.064</speed><sat>27</sat></trkpt>
  <trkpt lat="-33.45451500" lon="-70.54789333"><ele>667.400</ele><time>2026-09-13T16:11:48Z</time><speed>1.069</speed><sat>28</sat></trkpt>
  <trkpt lat="-33.45450667" lon="-70.54788833"><ele>667.400</ele><time>2026-09-13T16:11:49Z</time><speed>1.036</speed><sat>28</sat></trkpt>
  <trkpt lat="-33.45449667" lon="-70.54788333"><ele>667.500</ele><time>2026-09-13T16:11:50Z</time><speed>1.042</speed><sat>27</sat></trkpt>
  <trkpt lat="-33.45448667" lon="-70.54788167"><ele>667.600</ele><time>2026-09-13T16:11:51Z</time><speed>0.942</speed><sat>26</sat></trkpt>
  <trkpt lat="-33.45447833" lon="-70.54788000"><ele>667.600</ele><time>2026-09-13T16:11:52Z</time><speed>0.882</speed><sat>27</sat></trkpt>
  <trkpt lat="-33.45446833" lon="-70.54787667"><ele>667.600</ele><time>2026-09-13T16:11:53Z</time><speed>0.901</speed><sat>27</sat></trkpt>
  <trkpt lat="-33.45445833" lon="-70.54787333"><ele>667.700</ele><time>2026-09-13T16:11:54Z</time><speed>0.907</speed><sat>27</sat></trkpt>
  <trkpt lat="-33.45445167" lon="-70.54787500"><ele>667.900</ele><time>2026-09-13T16:11:55Z</time><speed>0.888</speed><sat>27</sat></trkpt>
  <trkpt lat="-33.45444500" lon="-70.54787833"><ele>668.000</ele><time>2026-09-13T16:11:56Z</time><speed>0.896</speed><sat>27</sat></trkpt>
  <trkpt lat="-33.45443333" lon="-70.54788167"><ele>668.000</ele><time>2026-09-13T16:11:57Z</time><speed>0.898</speed><sat>27</sat></trkpt>
  <trkpt lat="-33.45442167" lon="-70.54788500"><ele>668.000</ele><time>2026-09-13T16:11:58Z</time><speed>0.888</speed><sat>26</sat></trkpt>
  <trkpt lat="-33.45441167" lon="-70.54788833"><ele>667.900</ele><time>2026-09-13T16:11:59Z</time><speed>0.895</speed><sat>26</sat></trkpt>
  <trkpt lat="-33.45440000" lon="-70.54789000"><ele>667.800</ele><time>2026-09-13T16:12:00Z</time><speed>0.872</speed><sat>27</sat></trkpt>
  <trkpt lat="-33.45438833" lon="-70.54788833"><ele>667.800</ele><time>2026-09-13T16:12:01Z</time><speed>0.901</speed><sat>27</sat></trkpt>
  <trkpt lat="-33.45437667" lon="-70.54788833"><ele>667.900</ele><time>2026-09-13T16:12:02Z</time><speed>0.916</speed><sat>27</sat></trkpt>
  <trkpt lat="-33.45436500" lon="-70.54788833"><ele>667.900</ele><time>2026-09-13T16:12:03Z</time><speed>0.931</speed><sat>26</sat></trkpt>
  <trkpt lat="-33.45435167" lon="-70.54788333"><ele>667.800</ele><time>2026-09-13T16:12:04Z</time><speed>0.982</speed><sat>27</sat></trkpt>
  <trkpt lat="-33.45433667" lon="-70.54788000"><ele>667.700</ele><time>2026-09-13T16:12:05Z</time><speed>1.039</speed><sat>26</sat></trkpt>
  <trkpt lat="-33.45432500" lon="-70.54787667"><ele>667.600</ele><time>2026-09-13T16:12:06Z</time><speed>1.077</speed><sat>26</sat></trkpt>
  <trkpt lat="-33.45431333" lon="-70.54787167"><ele>667.500</ele><time>2026-09-13T16:12:07Z</time><speed>1.093</speed><sat>26</sat></trkpt>
  <trkpt lat="-33.45430167" lon="-70.54786833"><ele>667.600</ele><time>2026-09-13T16:12:08Z</time><speed>1.114</speed><sat>26</sat></trkpt>
  <trkpt lat="-33.45429000" lon="-70.54786833"><ele>667.800</ele><time>2026-09-13T16:12:09Z</time><speed>1.117</speed><sat>26</sat></trkpt>
  <trkpt lat="-33.45428000" lon="-70.54786667"><ele>667.800</ele><time>2026-09-13T16:12:10Z</time><speed>1.144</speed><sat>26</sat></trkpt>
  <trkpt lat="-33.45427167" lon="-70.54786833"><ele>667.600</ele><time>2026-09-13T16:12:11Z</time><speed>1.139</speed><sat>26</sat></trkpt>
  <trkpt lat="-33.45426500" lon="-70.54787167"><ele>667.600</ele><time>2026-09-13T16:12:12Z</time><speed>1.111</speed><sat>25</sat></trkpt>
  <trkpt lat="-33.45425667" lon="-70.54787667"><ele>667.600</ele><time>2026-09-13T16:12:13Z</time><speed>1.078</speed><sat>25</sat></trkpt>
  <trkpt lat="-33.45425167" lon="-70.54788167"><ele>667.600</ele><time>2026-09-13T16:12:14Z</time><speed>1.031</speed><sat>20</sat></trkpt>
  <trkpt lat="-33.45425333" lon="-70.54789000"><ele>667.600</ele><time>2026-09-13T16:12:15Z</time><speed>0.000</speed><sat>17</sat></trkpt>
  <trkpt lat="-33.45425667" lon="-70.54789667"><ele>667.600</ele><time>2026-09-13T16:12:16Z</time><speed>0.941</speed><sat>17</sat></trkpt>
  <trkpt lat="-33.45425833" lon="-70.54789833"><ele>667.600</ele><time>2026-09-13T16:12:17Z</time><speed>0.860</speed><sat>17</sat></trkpt>
  <trkpt lat="-33.45426167" lon="-70.54789000"><ele>667.600</ele><time>2026-09-13T16:12:18Z</time><speed>0.000</speed><sat>17</sat></trkpt>
  <trkpt lat="-33.45426667" lon="-70.54788333"><ele>667.600</ele><time>2026-09-13T16:12:19Z</time><speed>0.000</speed><sat>17</sat></trkpt>
  <trkpt lat="-33.45426833" lon="-70.54789167"><ele>667.600</ele><time>2026-09-13T16:12:20Z</time><speed>0.000</speed><sat>17</sat></trkpt>
  <trkpt lat="-33.45426833" lon="-70.54789333"><ele>667.600</ele><time>2026-09-13T16:12:21Z</time><speed>0.000</speed><sat>13</sat></trkpt>
  <trkpt lat="-33.45427500" lon="-70.54789167"><ele>667.600</ele><time>2026-09-13T16:12:22Z</time><speed>0.000</speed><sat>13</sat></trkpt>
  <trkpt lat="-33.45428167" lon="-70.54788667"><ele>667.600</ele><time>2026-09-13T16:12:23Z</time><speed>0.000</speed><sat>14</sat></trkpt>
  <trkpt lat="-33.45429167" lon="-70.54788833"><ele>667.600</ele><time>2026-09-13T16:12:24Z</time><speed>0.000</speed><sat>13</sat></trkpt>
  <trkpt lat="-33.45430000" lon="-70.54789333"><ele>667.600</ele><time>2026-09-13T16:12:25Z</time><speed>0.000</speed><sat>12</sat></trkpt>
  <trkpt lat="-33.45430500" lon="-70.54790500"><ele>667.600</ele><time>2026-09-13T16:12:26Z</time><speed>0.000</speed><sat>12</sat></trkpt>
  <trkpt lat="-33.45431333" lon="-70.54791500"><ele>667.700</ele><time>2026-09-13T16:12:27Z</time><speed>0.000</speed><sat>13</sat></trkpt>
  <trkpt lat="-33.45432167" lon="-70.54793167"><ele>667.700</ele><time>2026-09-13T16:12:28Z</time><speed>0.000</speed><sat>12</sat></trkpt>
  <trkpt lat="-33.45433333" lon="-70.54794500"><ele>667.800</ele><time>2026-09-13T16:12:29Z</time><speed>0.000</speed><sat>12</sat></trkpt>
  <trkpt lat="-33.45433167" lon="-70.54794833"><ele>667.800</ele><time>2026-09-13T16:12:30Z</time><speed>0.000</speed><sat>10</sat></trkpt>
  <trkpt lat="-33.45434167" lon="-70.54796000"><ele>667.800</ele><time>2026-09-13T16:12:31Z</time><speed>0.000</speed><sat>10</sat></trkpt>
  <trkpt lat="-33.45434333" lon="-70.54796833"><ele>667.800</ele><time>2026-09-13T16:12:32Z</time><speed>0.000</speed><sat>9</sat></trkpt>
  <trkpt lat="-33.45434833" lon="-70.54797500"><ele>667.800</ele><time>2026-09-13T16:12:33Z</time><speed>0.000</speed><sat>9</sat></trkpt>
  <trkpt lat="-33.45435000" lon="-70.54798000"><ele>667.800</ele><time>2026-09-13T16:12:34Z</time><speed>0.000</speed><sat>9</sat></trkpt>
  <trkpt lat="-33.45435167" lon="-70.54798500"><ele>667.700</ele><time>2026-09-13T16:12:35Z</time><speed>0.000</speed><sat>9</sat></trkpt>
  <trkpt lat="-33.45435167" lon="-70.54798833"><ele>667.700</ele><time>2026-09-13T16:12:36Z</time><speed>0.000</speed><sat>10</sat></trkpt>
  <trkpt lat="-33.45435333" lon="-70.54799667"><ele>667.700</ele><time>2026-09-13T16:12:37Z</time><speed>0.000</speed><sat>10</sat></trkpt>
  <trkpt lat="-33.45435667" lon="-70.54800333"><ele>667.600</ele><time>2026-09-13T16:12:38Z</time><speed>0.000</speed><sat>10</sat></trkpt>
  <trkpt lat="-33.45435833" lon="-70.54801333"><ele>667.600</ele><time>2026-09-13T16:12:39Z</time><speed>0.000</speed><sat>10</sat></trkpt>
  <trkpt lat="-33.45436333" lon="-70.54801833"><ele>667.600</ele><time>2026-09-13T16:12:40Z</time><speed>0.000</speed><sat>10</sat></trkpt>
  <trkpt lat="-33.45436333" lon="-70.54802333"><ele>667.500</ele><time>2026-09-13T16:12:41Z</time><speed>0.000</speed><sat>9</sat></trkpt>
  <trkpt lat="-33.45436667" lon="-70.54802667"><ele>667.500</ele><time>2026-09-13T16:12:42Z</time><speed>0.000</speed><sat>10</sat></trkpt>
  <trkpt lat="-33.45436667" lon="-70.54802333"><ele>667.500</ele><time>2026-09-13T16:12:43Z</time><speed>0.000</speed><sat>11</sat></trkpt>
  <trkpt lat="-33.45436667" lon="-70.54802833"><ele>667.500</ele><time>2026-09-13T16:12:44Z</time><speed>0.000</speed><sat>9</sat></trkpt>
  <trkpt lat="-33.45437333" lon="-70.54802333"><ele>667.500</ele><time>2026-09-13T16:12:45Z</time><speed>0.000</speed><sat>8</sat></trkpt>
  <trkpt lat="-33.45438167" lon="-70.54802167"><ele>667.500</ele><time>2026-09-13T16:12:46Z</time><speed>0.000</speed><sat>7</sat></trkpt>
  <trkpt lat="-33.45438333" lon="-70.54802500"><ele>667.400</ele><time>2026-09-13T16:12:47Z</time><speed>0.000</speed><sat>8</sat></trkpt>
  <trkpt lat="-33.45438667" lon="-70.54801667"><ele>667.400</ele><time>2026-09-13T16:12:48Z</time><speed>0.000</speed><sat>8</sat></trkpt>
  <trkpt lat="-33.45439333" lon="-70.54801000"><ele>667.400</ele><time>2026-09-13T16:12:49Z</time><speed>0.000</speed><sat>8</sat></trkpt>
  <trkpt lat="-33.45439000" lon="-70.54799667"><ele>667.400</ele><time>2026-09-13T16:12:50Z</time><speed>0.000</speed><sat>8</sat></trkpt>
  <trkpt lat="-33.45438833" lon="-70.54798000"><ele>667.400</ele><time>2026-09-13T16:12:51Z</time><speed>0.000</speed><sat>8</sat></trkpt>
  <trkpt lat="-33.45437667" lon="-70.54798000"><ele>667.300</ele><time>2026-09-13T16:12:52Z</time><speed>0.000</speed><sat>8</sat></trkpt>
  <trkpt lat="-33.45436667" lon="-70.54796833"><ele>667.400</ele><time>2026-09-13T16:12:53Z</time><speed>0.000</speed><sat>7</sat></trkpt>
  <trkpt lat="-33.45436167" lon="-70.54796333"><ele>667.300</ele><time>2026-09-13T16:12:54Z</time><speed>0.000</speed><sat>7</sat></trkpt>
  <trkpt lat="-33.45435833" lon="-70.54795333"><ele>667.300</ele><time>2026-09-13T16:12:55Z</time><speed>0.000</speed><sat>7</sat></trkpt>
  <trkpt lat="-33.45435167" lon="-70.54794833"><ele>667.300</ele><time>2026-09-13T16:12:56Z</time><speed>0.000</speed><sat>7</sat></trkpt>
  <trkpt lat="-33.45435500" lon="-70.54795500"><ele>667.300</ele><time>2026-09-13T16:12:57Z</time><speed>0.000</speed><sat>7</sat></trkpt>
  <trkpt lat="-33.45435833" lon="-70.54796167"><ele>667.300</ele><time>2026-09-13T16:12:58Z</time><speed>0.000</speed><sat>7</sat></trkpt>
  <trkpt lat="-33.45436000" lon="-70.54797000"><ele>667.300</ele><time>2026-09-13T16:12:59Z</time><speed>0.000</speed><sat>7</sat></trkpt>
  <trkpt lat="-33.45436333" lon="-70.54798000"><ele>667.200</ele><time>2026-09-13T16:13:00Z</time><speed>0.000</speed><sat>7</sat></trkpt>
  <trkpt lat="-33.45436333" lon="-70.54798000"><ele>667.200</ele><time>2026-09-13T16:13:01Z</time><speed>0.000</speed><sat>7</sat></trkpt>
  <trkpt lat="-33.45436333" lon="-70.54798000"><ele>667.200</ele><time>2026-09-13T16:13:02Z</time><speed>0.000</speed><sat>7</sat></trkpt>
  <trkpt lat="-33.45436333" lon="-70.54798000"><ele>667.200</ele><time>2026-09-13T16:13:03Z</time><speed>0.000</speed><sat>7</sat></trkpt>
  <trkpt lat="-33.45436333" lon="-70.54798000"><ele>667.200</ele><time>2026-09-13T16:13:04Z</time><speed>0.000</speed><sat>7</sat></trkpt>
  <trkpt lat="-33.45433667" lon="-70.54795333"><ele>667.200</ele><time>2026-09-13T16:13:05Z</time><speed>0.000</speed><sat>7</sat></trkpt>
  <trkpt lat="-33.45433167" lon="-70.54794333"><ele>667.200</ele><time>2026-09-13T16:13:06Z</time><speed>0.000</speed><sat>7</sat></trkpt>
  <trkpt lat="-33.45432833" lon="-70.54793333"><ele>667.200</ele><time>2026-09-13T16:13:07Z</time><speed>0.000</speed><sat>7</sat></trkpt>
  <trkpt lat="-33.45432833" lon="-70.54793500"><ele>667.200</ele><time>2026-09-13T16:13:08Z</time><speed>0.000</speed><sat>7</sat></trkpt>
  <trkpt lat="-33.45433000" lon="-70.54792833"><ele>667.200</ele><time>2026-09-13T16:13:09Z</time><speed>0.000</speed><sat>7</sat></trkpt>
  <trkpt lat="-33.45432833" lon="-70.54791833"><ele>667.100</ele><time>2026-09-13T16:13:10Z</time><speed>0.000</speed><sat>7</sat></trkpt>
  <trkpt lat="-33.45432667" lon="-70.54790333"><ele>667.100</ele><time>2026-09-13T16:13:11Z</time><speed>0.000</speed><sat>7</sat></trkpt>
  <trkpt lat="-33.45431667" lon="-70.54789000"><ele>667.100</ele><time>2026-09-13T16:13:12Z</time><speed>0.000</speed><sat>7</sat></trkpt>
  <trkpt lat="-33.45431167" lon="-70.54788333"><ele>667.000</ele><time>2026-09-13T16:13:13Z</time><speed>0.000</speed><sat>8</sat></trkpt>
  <trkpt lat="-33.45430333" lon="-70.54788167"><ele>667.000</ele><time>2026-09-13T16:13:14Z</time><speed>0.000</speed><sat>8</sat></trkpt>
  <trkpt lat="-33.45430167" lon="-70.54788333"><ele>667.000</ele><time>2026-09-13T16:13:15Z</time><speed>0.000</speed><sat>8</sat></trkpt>
  <trkpt lat="-33.45430000" lon="-70.54788667"><ele>667.000</ele><time>2026-09-13T16:13:16Z</time><speed>0.000</speed><sat>8</sat></trkpt>
  <trkpt lat="-33.45430333" lon="-70.54788833"><ele>667.000</ele><time>2026-09-13T16:13:17Z</time><speed>0.000</speed><sat>8</sat></trkpt>
  <trkpt lat="-33.45430500" lon="-70.54788833"><ele>667.000</ele><time>2026-09-13T16:13:18Z</time><speed>0.000</speed><sat>8</sat></trkpt>
  <trkpt lat="-33.45430333" lon="-70.54788667"><ele>667.000</ele><time>2026-09-13T16:13:19Z</time><speed>0.000</speed><sat>8</sat></trkpt>
  <trkpt lat="-33.45430667" lon="-70.54789167"><ele>667.000</ele><time>2026-09-13T16:13:20Z</time><speed>0.000</speed><sat>8</sat></trkpt>
  <trkpt lat="-33.45431500" lon="-70.54789167"><ele>666.900</ele><time>2026-09-13T16:13:21Z</time><speed>0.000</speed><sat>7</sat></trkpt>
  <trkpt lat="-33.45432000" lon="-70.54789667"><ele>666.900</ele><time>2026-09-13T16:13:22Z</time><speed>0.000</speed><sat>8</sat></trkpt>
  <trkpt lat="-33.45432667" lon="-70.54790167"><ele>666.900</ele><time>2026-09-13T16:13:23Z</time><speed>0.000</speed><sat>8</sat></trkpt>
  <trkpt lat="-33.45433000" lon="-70.54789833"><ele>667.000</ele><time>2026-09-13T16:13:24Z</time><speed>0.000</speed><sat>8</sat></trkpt>
  <trkpt lat="-33.45432833" lon="-70.54789667"><ele>667.000</ele><time>2026-09-13T16:13:25Z</time><speed>0.000</speed><sat>8</sat></trkpt>
  <trkpt lat="-33.45432333" lon="-70.54790333"><ele>667.000</ele><time>2026-09-13T16:13:26Z</time><speed>0.000</speed><sat>7</sat></trkpt>
  <trkpt lat="-33.45432500" lon="-70.54791333"><ele>667.000</ele><time>2026-09-13T16:13:27Z</time><speed>0.000</speed><sat>7</sat></trkpt>
  <trkpt lat="-33.45432500" lon="-70.54792500"><ele>667.000</ele><time>2026-09-13T16:13:28Z</time><speed>0.000</speed><sat>8</sat></trkpt>
  <trkpt lat="-33.45431833" lon="-70.54793667"><ele>667.000</ele><time>2026-09-13T16:13:29Z</time><speed>0.000</speed><sat>8</sat></trkpt>
  <trkpt lat="-33.45431833" lon="-70.54794667"><ele>667.000</ele><time>2026-09-13T16:13:30Z</time><speed>0.000</speed><sat>8</sat></trkpt>
  <trkpt lat="-33.45431500" lon="-70.54793833"><ele>667.100</ele><time>2026-09-13T16:13:31Z</time><speed>0.000</speed><sat>9</sat></trkpt>
  <trkpt lat="-33.45431333" lon="-70.54793333"><ele>667.200</ele><time>2026-09-13T16:13:32Z</time><speed>0.000</speed><sat>7</sat></trkpt>
  <trkpt lat="-33.45431667" lon="-70.54793833"><ele>667.200</ele><time>2026-09-13T16:13:33Z</time><speed>0.000</speed><sat>7</sat></trkpt>
  <trkpt lat="-33.45432000" lon="-70.54794667"><ele>667.200</ele><time>2026-09-13T16:13:34Z</time><speed>0.000</speed><sat>8</sat></trkpt>
  <trkpt lat="-33.45432333" lon="-70.54795500"><ele>667.200</ele><time>2026-09-13T16:13:35Z</time><speed>0.000</speed><sat>8</sat></trkpt>
  <trkpt lat="-33.45432167" lon="-70.54795500"><ele>667.300</ele><time>2026-09-13T16:13:36Z</time><speed>0.000</speed><sat>8</sat></trkpt>
  <trkpt lat="-33.45430000" lon="-70.54793167"><ele>667.400</ele><time>2026-09-13T16:13:37Z</time><speed>0.000</speed><sat>8</sat></trkpt>
  <trkpt lat="-33.45429333" lon="-70.54792167"><ele>667.500</ele><time>2026-09-13T16:13:38Z</time><speed>0.000</speed><sat>9</sat></trkpt>
  <trkpt lat="-33.45429167" lon="-70.54791833"><ele>667.600</ele><time>2026-09-13T16:13:39Z</time><speed>0.000</speed><sat>9</sat></trkpt>
  <trkpt lat="-33.45429000" lon="-70.54792500"><ele>667.600</ele><time>2026-09-13T16:13:40Z</time><speed>0.000</speed><sat>9</sat></trkpt>
  <trkpt lat="-33.45428333" lon="-70.54793000"><ele>667.600</ele><time>2026-09-13T16:13:41Z</time><speed>0.000</speed><sat>9</sat></trkpt>
  <trkpt lat="-33.45428000" lon="-70.54793333"><ele>667.600</ele><time>2026-09-13T16:13:42Z</time><speed>0.000</speed><sat>9</sat></trkpt>
  <trkpt lat="-33.45428000" lon="-70.54794000"><ele>667.600</ele><time>2026-09-13T16:13:43Z</time><speed>0.000</speed><sat>9</sat></trkpt>
  <trkpt lat="-33.45427667" lon="-70.54794000"><ele>667.600</ele><time>2026-09-13T16:13:44Z</time><speed>0.000</speed><sat>9</sat></trkpt>
  <trkpt lat="-33.45427000" lon="-70.54793167"><ele>667.700</ele><time>2026-09-13T16:13:45Z</time><speed>0.000</speed><sat>9</sat></trkpt>
  <trkpt lat="-33.45426667" lon="-70.54792667"><ele>667.700</ele><time>2026-09-13T16:13:46Z</time><speed>0.000</speed><sat>7</sat></trkpt>
  <trkpt lat="-33.45426667" lon="-70.54791833"><ele>667.700</ele><time>2026-09-13T16:13:47Z</time><speed>0.000</speed><sat>7</sat></trkpt>
  <trkpt lat="-33.45426500" lon="-70.54791000"><ele>667.700</ele><time>2026-09-13T16:13:48Z</time><speed>0.000</speed><sat>8</sat></trkpt>
  <trkpt lat="-33.45425833" lon="-70.54790833"><ele>667.700</ele><time>2026-09-13T16:13:49Z</time><speed>0.000</speed><sat>8</sat></trkpt>
  <trkpt lat="-33.45425500" lon="-70.54791000"><ele>667.800</ele><time>2026-09-13T16:13:50Z</time><speed>0.000</speed><sat>8</sat></trkpt>
  <trkpt lat="-33.45424667" lon="-70.54791000"><ele>667.800</ele><time>2026-09-13T16:13:51Z</time><speed>0.000</speed><sat>9</sat></trkpt>
  <trkpt lat="-33.45424667" lon="-70.54790667"><ele>667.800</ele><time>2026-09-13T16:13:52Z</time><speed>0.000</speed><sat>9</sat></trkpt>
  <trkpt lat="-33.45424167" lon="-70.54790833"><ele>667.800</ele><time>2026-09-13T16:13:53Z</time><speed>0.000</speed><sat>9</sat></trkpt>
  <trkpt lat="-33.45424333" lon="-70.54790833"><ele>667.800</ele><time>2026-09-13T16:13:54Z</time><speed>0.000</speed><sat>8</sat></trkpt>
  <trkpt lat="-33.45424500" lon="-70.54791167"><ele>667.900</ele><time>2026-09-13T16:13:55Z</time><speed>0.000</speed><sat>9</sat></trkpt>
  <trkpt lat="-33.45424667" lon="-70.54791500"><ele>667.900</ele><time>2026-09-13T16:13:56Z</time><speed>0.000</speed><sat>10</sat></trkpt>
  <trkpt lat="-33.45424833" lon="-70.54792000"><ele>668.000</ele><time>2026-09-13T16:13:57Z</time><speed>0.000</speed><sat>10</sat></trkpt>
  <trkpt lat="-33.45425000" lon="-70.54792333"><ele>668.100</ele><time>2026-09-13T16:13:58Z</time><speed>0.000</speed><sat>10</sat></trkpt>
  <trkpt lat="-33.45424833" lon="-70.54792500"><ele>668.100</ele><time>2026-09-13T16:13:59Z</time><speed>0.000</speed><sat>10</sat></trkpt>
  <trkpt lat="-33.45424833" lon="-70.54792500"><ele>668.100</ele><time>2026-09-13T16:14:00Z</time><speed>0.000</speed><sat>9</sat></trkpt>
  <trkpt lat="-33.45424833" lon="-70.54792500"><ele>668.100</ele><time>2026-09-13T16:14:01Z</time><speed>0.000</speed><sat>9</sat></trkpt>
  <trkpt lat="-33.45424833" lon="-70.54792500"><ele>668.100</ele><time>2026-09-13T16:14:02Z</time><speed>0.000</speed><sat>10</sat></trkpt>
  <trkpt lat="-33.45424833" lon="-70.54792500"><ele>668.100</ele><time>2026-09-13T16:14:03Z</time><speed>0.000</speed><sat>12</sat></trkpt>
  <trkpt lat="-33.45424833" lon="-70.54792500"><ele>668.100</ele><time>2026-09-13T16:14:04Z</time><speed>0.000</speed><sat>13</sat></trkpt>
  <trkpt lat="-33.45424833" lon="-70.54792500"><ele>668.100</ele><time>2026-09-13T16:14:05Z</time><speed>0.000</speed><sat>12</sat></trkpt>
  <trkpt lat="-33.45424833" lon="-70.54792500"><ele>668.100</ele><time>2026-09-13T16:14:06Z</time><speed>0.000</speed><sat>12</sat></trkpt>
  <trkpt lat="-33.45424833" lon="-70.54792500"><ele>668.100</ele><time>2026-09-13T16:14:07Z</time><speed>0.000</speed><sat>12</sat></trkpt>
  <trkpt lat="-33.45424833" lon="-70.54792500"><ele>668.100</ele><time>2026-09-13T16:14:08Z</time><speed>0.000</speed><sat>12</sat></trkpt>
  <trkpt lat="-33.45424833" lon="-70.54792500"><ele>668.100</ele><time>2026-09-13T16:14:09Z</time><speed>0.000</speed><sat>12</sat></trkpt>
  <trkpt lat="-33.45424833" lon="-70.54792500"><ele>668.100</ele><time>2026-09-13T16:14:10Z</time><speed>0.000</speed><sat>12</sat></trkpt>
  <trkpt lat="-33.45424833" lon="-70.54792500"><ele>668.100</ele><time>2026-09-13T16:14:11Z</time><speed>0.000</speed><sat>11</sat></trkpt>
  <trkpt lat="-33.45424833" lon="-70.54792500"><ele>668.100</ele><time>2026-09-13T16:14:12Z</time><speed>0.000</speed><sat>11</sat></trkpt>
  <trkpt lat="-33.45424833" lon="-70.54792500"><ele>668.100</ele><time>2026-09-13T16:14:13Z</time><speed>0.000</speed><sat>11</sat></trkpt>
  <trkpt lat="-33.45424833" lon="-70.54792500"><ele>668.100</ele><time>2026-09-13T16:14:14Z</time><speed>0.000</speed><sat>11</sat></trkpt>
  <trkpt lat="-33.45424833" lon="-70.54792500"><ele>668.100</ele><time>2026-09-13T16:14:15Z</time><speed>0.000</speed><sat>11</sat></trkpt>
  <trkpt lat="-33.45424833" lon="-70.54792500"><ele>668.100</ele><time>2026-09-13T16:14:16Z</time><speed>0.000</speed><sat>11</sat></trkpt>
  <trkpt lat="-33.45424833" lon="-70.54792500"><ele>668.100</ele><time>2026-09-13T16:14:17Z</time><speed>0.000</speed><sat>11</sat></trkpt>
  <trkpt lat="-33.45422000" lon="-70.54793667"><ele>668.100</ele><time>2026-09-13T16:14:18Z</time><speed>0.000</speed><sat>11</sat></trkpt>
  <trkpt lat="-33.45422500" lon="-70.54793667"><ele>668.200</ele><time>2026-09-13T16:14:19Z</time><speed>0.000</speed><sat>12</sat></trkpt>
  <trkpt lat="-33.45422667" lon="-70.54793500"><ele>668.200</ele><time>2026-09-13T16:14:20Z</time><speed>0.000</speed><sat>12</sat></trkpt>
  <trkpt lat="-33.45422833" lon="-70.54793333"><ele>668.200</ele><time>2026-09-13T16:14:21Z</time><speed>0.000</speed><sat>12</sat></trkpt>
  <trkpt lat="-33.45422833" lon="-70.54793333"><ele>668.200</ele><time>2026-09-13T16:14:22Z</time><speed>0.000</speed><sat>12</sat></trkpt>
  <trkpt lat="-33.45422833" lon="-70.54793333"><ele>668.200</ele><time>2026-09-13T16:14:23Z</time><speed>0.000</speed><sat>11</sat></trkpt>
  <trkpt lat="-33.45422500" lon="-70.54792500"><ele>668.300</ele><time>2026-09-13T16:14:24Z</time><speed>0.000</speed><sat>11</sat></trkpt>
  <trkpt lat="-33.45422667" lon="-70.54791833"><ele>668.400</ele><time>2026-09-13T16:14:25Z</time><speed>0.000</speed><sat>12</sat></trkpt>
  <trkpt lat="-33.45422667" lon="-70.54791667"><ele>668.400</ele><time>2026-09-13T16:14:26Z</time><speed>0.000</speed><sat>12</sat></trkpt>
  <trkpt lat="-33.45422833" lon="-70.54791333"><ele>668.400</ele><time>2026-09-13T16:14:27Z</time><speed>0.000</speed><sat>12</sat></trkpt>
  <trkpt lat="-33.45422833" lon="-70.54791333"><ele>668.400</ele><time>2026-09-13T16:14:28Z</time><speed>0.000</speed><sat>12</sat></trkpt>
  <trkpt lat="-33.45422833" lon="-70.54791333"><ele>668.400</ele><time>2026-09-13T16:14:29Z</time><speed>0.000</speed><sat>12</sat></trkpt>
  <trkpt lat="-33.45422833" lon="-70.54791333"><ele>668.400</ele><time>2026-09-13T16:14:30Z</time><speed>0.000</speed><sat>12</sat></trkpt>
  <trkpt lat="-33.45422833" lon="-70.54791333"><ele>668.400</ele><time>2026-09-13T16:14:31Z</time><speed>0.000</speed><sat>10</sat></trkpt>
  <trkpt lat="-33.45421667" lon="-70.54791333"><ele>668.500</ele><time>2026-09-13T16:14:32Z</time><speed>0.000</speed><sat>10</sat></trkpt>
  <trkpt lat="-33.45421333" lon="-70.54790667"><ele>668.500</ele><time>2026-09-13T16:14:33Z</time><speed>0.000</speed><sat>10</sat></trkpt>
  <trkpt lat="-33.45422333" lon="-70.54789833"><ele>668.500</ele><time>2026-09-13T16:14:34Z</time><speed>0.000</speed><sat>14</sat></trkpt>
  <trkpt lat="-33.45423167" lon="-70.54788667"><ele>668.500</ele><time>2026-09-13T16:14:35Z</time><speed>0.000</speed><sat>14</sat></trkpt>
  <trkpt lat="-33.45424000" lon="-70.54787833"><ele>668.400</ele><time>2026-09-13T16:14:36Z</time><speed>0.000</speed><sat>14</sat></trkpt>
  <trkpt lat="-33.45424500" lon="-70.54787333"><ele>668.400</ele><time>2026-09-13T16:14:37Z</time><speed>0.000</speed><sat>13</sat></trkpt>
  <trkpt lat="-33.45425167" lon="-70.54787667"><ele>668.400</ele><time>2026-09-13T16:14:38Z</time><speed>0.000</speed><sat>13</sat></trkpt>
  <trkpt lat="-33.45425500" lon="-70.54787500"><ele>668.400</ele><time>2026-09-13T16:14:39Z</time><speed>0.000</speed><sat>12</sat></trkpt>
  <trkpt lat="-33.45425667" lon="-70.54787333"><ele>668.400</ele><time>2026-09-13T16:14:40Z</time><speed>0.000</speed><sat>12</sat></trkpt>
  <trkpt lat="-33.45425500" lon="-70.54787167"><ele>668.400</ele><time>2026-09-13T16:14:41Z</time><speed>0.000</speed><sat>12</sat></trkpt>
  <trkpt lat="-33.45425333" lon="-70.54787333"><ele>668.400</ele><time>2026-09-13T16:14:42Z</time><speed>0.000</speed><sat>12</sat></trkpt>
  <trkpt lat="-33.45425167" lon="-70.54787833"><ele>668.300</ele><time>2026-09-13T16:14:43Z</time><speed>0.000</speed><sat>12</sat></trkpt>
  <trkpt lat="-33.45424833" lon="-70.54787833"><ele>668.300</ele><time>2026-09-13T16:14:44Z</time><speed>0.000</speed><sat>12</sat></trkpt>
  <trkpt lat="-33.45424833" lon="-70.54787833"><ele>668.300</ele><time>2026-09-13T16:14:45Z</time><speed>0.000</speed><sat>12</sat></trkpt>
  <trkpt lat="-33.45424833" lon="-70.54787833"><ele>668.300</ele><time>2026-09-13T16:14:46Z</time><speed>0.000</speed><sat>12</sat></trkpt>
  <trkpt lat="-33.45424833" lon="-70.54787833"><ele>668.300</ele><time>2026-09-13T16:14:47Z</time><speed>0.000</speed><sat>12</sat></trkpt>
  <trkpt lat="-33.45424833" lon="-70.54787833"><ele>668.300</ele><time>2026-09-13T16:14:48Z</time><speed>0.000</speed><sat>12</sat></trkpt>
  <trkpt lat="-33.45424833" lon="-70.54787833"><ele>668.300</ele><time>2026-09-13T16:14:49Z</time><speed>0.000</speed><sat>12</sat></trkpt>
  <trkpt lat="-33.45424833" lon="-70.54787833"><ele>668.300</ele><time>2026-09-13T16:14:50Z</time><speed>0.000</speed><sat>12</sat></trkpt>
  <trkpt lat="-33.45424833" lon="-70.54787833"><ele>668.300</ele><time>2026-09-13T16:14:51Z</time><speed>0.000</speed><sat>13</sat></trkpt>
  <trkpt lat="-33.45424833" lon="-70.54787833"><ele>668.300</ele><time>2026-09-13T16:14:52Z</time><speed>0.000</speed><sat>13</sat></trkpt>
  <trkpt lat="-33.45424833" lon="-70.54787833"><ele>668.300</ele><time>2026-09-13T16:14:53Z</time><speed>0.000</speed><sat>13</sat></trkpt>
  <trkpt lat="-33.45424833" lon="-70.54787833"><ele>668.300</ele><time>2026-09-13T16:14:54Z</time><speed>0.000</speed><sat>12</sat></trkpt>
  <trkpt lat="-33.45424833" lon="-70.54787833"><ele>668.300</ele><time>2026-09-13T16:14:55Z</time><speed>0.000</speed><sat>12</sat></trkpt>
  <trkpt lat="-33.45424833" lon="-70.54787833"><ele>668.300</ele><time>2026-09-13T16:14:56Z</time><speed>0.000</speed><sat>12</sat></trkpt>
  <trkpt lat="-33.45424833" lon="-70.54787833"><ele>668.300</ele><time>2026-09-13T16:14:57Z</time><speed>0.000</speed><sat>12</sat></trkpt>
  <trkpt lat="-33.45424833" lon="-70.54787833"><ele>668.300</ele><time>2026-09-13T16:14:58Z</time><speed>0.000</speed><sat>12</sat></trkpt>
  <trkpt lat="-33.45424833" lon="-70.54787833"><ele>668.300</ele><time>2026-09-13T16:14:59Z</time><speed>0.000</speed><sat>12</sat></trkpt>
  <trkpt lat="-33.45424833" lon="-70.54787833"><ele>668.300</ele><time>2026-09-13T16:15:00Z</time><speed>0.000</speed><sat>12</sat></trkpt>
  <trkpt lat="-33.45424833" lon="-70.54787833"><ele>668.300</ele><time>2026-09-13T16:15:01Z</time><speed>0.000</speed><sat>12</sat></trkpt>
  <trkpt lat="-33.45424833" lon="-70.54787833"><ele>668.300</ele><time>2026-09-13T16:15:02Z</time><speed>0.000</speed><sat>12</sat></trkpt>
  <trkpt lat="-33.45424833" lon="-70.54787833"><ele>668.300</ele><time>2026-09-13T16:15:03Z</time><speed>0.000</speed><sat>12</sat></trkpt>
  <trkpt lat="-33.45424833" lon="-70.54787833"><ele>668.300</ele><time>2026-09-13T16:15:04Z</time><speed>0.000</speed><sat>12</sat></trkpt>
  <trkpt lat="-33.45424833" lon="-70.54787833"><ele>668.300</ele><time>2026-09-13T16:15:05Z</time><speed>0.000</speed><sat>13</sat></trkpt>
  <trkpt lat="-33.45424833" lon="-70.54787833"><ele>668.300</ele><time>2026-09-13T16:15:06Z</time><speed>0.000</speed><sat>13</sat></trkpt>
  <trkpt lat="-33.45424833" lon="-70.54787833"><ele>668.300</ele><time>2026-09-13T16:15:07Z</time><speed>0.000</speed><sat>13</sat></trkpt>
  <trkpt lat="-33.45424833" lon="-70.54787833"><ele>668.300</ele><time>2026-09-13T16:15:08Z</time><speed>0.000</speed><sat>13</sat></trkpt>
  <trkpt lat="-33.45424833" lon="-70.54787833"><ele>668.300</ele><time>2026-09-13T16:15:09Z</time><speed>0.000</speed><sat>13</sat></trkpt>
  <trkpt lat="-33.45424833" lon="-70.54787833"><ele>668.300</ele><time>2026-09-13T16:15:10Z</time><speed>0.000</speed><sat>13</sat></trkpt>
  <trkpt lat="-33.45424833" lon="-70.54787833"><ele>668.300</ele><time>2026-09-13T16:15:11Z</time><speed>0.000</speed><sat>13</sat></trkpt>
  <trkpt lat="-33.45424833" lon="-70.54787833"><ele>668.300</ele><time>2026-09-13T16:15:12Z</time><speed>0.000</speed><sat>13</sat></trkpt>
  <trkpt lat="-33.45424833" lon="-70.54787833"><ele>668.300</ele><time>2026-09-13T16:15:13Z</time><speed>0.000</speed><sat>13</sat></trkpt>
  <trkpt lat="-33.45424833" lon="-70.54787833"><ele>668.300</ele><time>2026-09-13T16:15:14Z</time><speed>0.000</speed><sat>13</sat></trkpt>
  <trkpt lat="-33.45424833" lon="-70.54787833"><ele>668.300</ele><time>2026-09-13T16:15:15Z</time><speed>0.000</speed><sat>13</sat></trkpt>
  <trkpt lat="-33.45424833" lon="-70.54787833"><ele>668.300</ele><time>2026-09-13T16:15:16Z</time><speed>0.000</speed><sat>13</sat></trkpt>
  <trkpt lat="-33.45422000" lon="-70.54787833"><ele>668.200</ele><time>2026-09-13T16:15:17Z</time><speed>0.000</speed><sat>13</sat></trkpt>
  <trkpt lat="-33.45421667" lon="-70.54787500"><ele>668.200</ele><time>2026-09-13T16:15:18Z</time><speed>0.000</speed><sat>13</sat></trkpt>
  <trkpt lat="-33.45421500" lon="-70.54787000"><ele>668.300</ele><time>2026-09-13T16:15:19Z</time><speed>0.000</speed><sat>13</sat></trkpt>
  <trkpt lat="-33.45421333" lon="-70.54786500"><ele>668.300</ele><time>2026-09-13T16:15:20Z</time><speed>0.000</speed><sat>14</sat></trkpt>
  <trkpt lat="-33.45421167" lon="-70.54786167"><ele>668.300</ele><time>2026-09-13T16:15:21Z</time><speed>0.000</speed><sat>13</sat></trkpt>
  <trkpt lat="-33.45421167" lon="-70.54786333"><ele>668.400</ele><time>2026-09-13T16:15:22Z</time><speed>0.000</speed><sat>13</sat></trkpt>
  <trkpt lat="-33.45421333" lon="-70.54786000"><ele>668.500</ele><time>2026-09-13T16:15:23Z</time><speed>0.000</speed><sat>11</sat></trkpt>
  <trkpt lat="-33.45422667" lon="-70.54785833"><ele>668.500</ele><time>2026-09-13T16:15:24Z</time><speed>0.000</speed><sat>12</sat></trkpt>
  <trkpt lat="-33.45422833" lon="-70.54785667"><ele>668.600</ele><time>2026-09-13T16:15:25Z</time><speed>0.000</speed><sat>12</sat></trkpt>
  <trkpt lat="-33.45423333" lon="-70.54786000"><ele>668.700</ele><time>2026-09-13T16:15:26Z</time><speed>0.000</speed><sat>12</sat></trkpt>
  <trkpt lat="-33.45424000" lon="-70.54786333"><ele>668.700</ele><time>2026-09-13T16:15:27Z</time><speed>0.000</speed><sat>13</sat></trkpt>
  <trkpt lat="-33.45424333" lon="-70.54786500"><ele>668.700</ele><time>2026-09-13T16:15:28Z</time><speed>0.000</speed><sat>13</sat></trkpt>
  <trkpt lat="-33.45424667" lon="-70.54787000"><ele>668.700</ele><time>2026-09-13T16:15:29Z</time><speed>0.000</speed><sat>13</sat></trkpt>
  <trkpt lat="-33.45424333" lon="-70.54787667"><ele>668.800</ele><time>2026-09-13T16:15:30Z</time><speed>0.000</speed><sat>14</sat></trkpt>
  <trkpt lat="-33.45424167" lon="-70.54787833"><ele>668.800</ele><time>2026-09-13T16:15:31Z</time><speed>0.000</speed><sat>15</sat></trkpt>
  <trkpt lat="-33.45424167" lon="-70.54788167"><ele>668.900</ele><time>2026-09-13T16:15:32Z</time><speed>0.000</speed><sat>15</sat></trkpt>
  <trkpt lat="-33.45424000" lon="-70.54788667"><ele>668.900</ele><time>2026-09-13T16:15:33Z</time><speed>0.000</speed><sat>15</sat></trkpt>
  <trkpt lat="-33.45423833" lon="-70.54788333"><ele>668.900</ele><time>2026-09-13T16:15:34Z</time><speed>0.000</speed><sat>15</sat></trkpt>
  <trkpt lat="-33.45423833" lon="-70.54788833"><ele>668.800</ele><time>2026-09-13T16:15:35Z</time><speed>0.000</speed><sat>15</sat></trkpt>
  <trkpt lat="-33.45424000" lon="-70.54789500"><ele>668.700</ele><time>2026-09-13T16:15:36Z</time><speed>0.000</speed><sat>15</sat></trkpt>
  <trkpt lat="-33.45424000" lon="-70.54789667"><ele>668.600</ele><time>2026-09-13T16:15:37Z</time><speed>0.000</speed><sat>15</sat></trkpt>
  <trkpt lat="-33.45424333" lon="-70.54789667"><ele>668.600</ele><time>2026-09-13T16:15:38Z</time><speed>0.000</speed><sat>15</sat></trkpt>
  <trkpt lat="-33.45424500" lon="-70.54789833"><ele>668.600</ele><time>2026-09-13T16:15:39Z</time><speed>0.000</speed><sat>16</sat></trkpt>
  <trkpt lat="-33.45424667" lon="-70.54789833"><ele>668.600</ele><time>2026-09-13T16:15:40Z</time><speed>0.000</speed><sat>16</sat></trkpt>
  <trkpt lat="-33.45424667" lon="-70.54789833"><ele>668.600</ele><time>2026-09-13T16:15:41Z</time><speed>0.000</speed><sat>16</sat></trkpt>
  <trkpt lat="-33.45424667" lon="-70.54789833"><ele>668.600</ele><time>2026-09-13T16:15:42Z</time><speed>0.000</speed><sat>16</sat></trkpt>
  <trkpt lat="-33.45424667" lon="-70.54789833"><ele>668.600</ele><time>2026-09-13T16:15:43Z</time><speed>0.000</speed><sat>15</sat></trkpt>
  <trkpt lat="-33.45424667" lon="-70.54789833"><ele>668.600</ele><time>2026-09-13T16:15:44Z</time><speed>0.000</speed><sat>14</sat></trkpt>
  <trkpt lat="-33.45424667" lon="-70.54789833"><ele>668.600</ele><time>2026-09-13T16:15:45Z</time><speed>0.000</speed><sat>17</sat></trkpt>
  <trkpt lat="-33.45424667" lon="-70.54789833"><ele>668.600</ele><time>2026-09-13T16:15:46Z</time><speed>0.000</speed><sat>17</sat></trkpt>
  <trkpt lat="-33.45424667" lon="-70.54789833"><ele>668.600</ele><time>2026-09-13T16:15:47Z</time><speed>0.000</speed><sat>16</sat></trkpt>
  <trkpt lat="-33.45424667" lon="-70.54789833"><ele>668.600</ele><time>2026-09-13T16:15:48Z</time><speed>0.000</speed><sat>17</sat></trkpt>
  <trkpt lat="-33.45424667" lon="-70.54789833"><ele>668.600</ele><time>2026-09-13T16:15:49Z</time><speed>0.000</speed><sat>17</sat></trkpt>
  <trkpt lat="-33.45424667" lon="-70.54789833"><ele>668.600</ele><time>2026-09-13T16:15:50Z</time><speed>0.000</speed><sat>18</sat></trkpt>
  <trkpt lat="-33.45426167" lon="-70.54788500"><ele>668.600</ele><time>2026-09-13T16:15:51Z</time><speed>0.000</speed><sat>19</sat></trkpt>
  <trkpt lat="-33.45426333" lon="-70.54788000"><ele>668.500</ele><time>2026-09-13T16:15:52Z</time><speed>0.000</speed><sat>19</sat></trkpt>
  <trkpt lat="-33.45426500" lon="-70.54786833"><ele>668.500</ele><time>2026-09-13T16:15:53Z</time><speed>0.000</speed><sat>21</sat></trkpt>
  <trkpt lat="-33.45427167" lon="-70.54786500"><ele>668.500</ele><time>2026-09-13T16:15:54Z</time><speed>0.000</speed><sat>21</sat></trkpt>
  <trkpt lat="-33.45427500" lon="-70.54786833"><ele>668.600</ele><time>2026-09-13T16:15:55Z</time><speed>0.000</speed><sat>19</sat></trkpt>
  <trkpt lat="-33.45427667" lon="-70.54786667"><ele>668.600</ele><time>2026-09-13T16:15:56Z</time><speed>0.000</speed><sat>18</sat></trkpt>
  <trkpt lat="-33.45428000" lon="-70.54786500"><ele>668.600</ele><time>2026-09-13T16:15:57Z</time><speed>0.643</speed><sat>18</sat></trkpt>
  <trkpt lat="-33.45427833" lon="-70.54786833"><ele>668.600</ele><time>2026-09-13T16:15:58Z</time><speed>0.689</speed><sat>21</sat></trkpt>
  <trkpt lat="-33.45427500" lon="-70.54787000"><ele>668.600</ele><time>2026-09-13T16:15:59Z</time><speed>0.000</speed><sat>21</sat></trkpt>
  <trkpt lat="-33.45426833" lon="-70.54786833"><ele>668.700</ele><time>2026-09-13T16:16:00Z</time><speed>0.000</speed><sat>19</sat></trkpt>
  <trkpt lat="-33.45426667" lon="-70.54787333"><ele>668.800</ele><time>2026-09-13T16:16:01Z</time><speed>0.000</speed><sat>17</sat></trkpt>
  <trkpt lat="-33.45427000" lon="-70.54788833"><ele>668.900</ele><time>2026-09-13T16:16:02Z</time><speed>0.000</speed><sat>17</sat></trkpt>
  <trkpt lat="-33.45427667" lon="-70.54789500"><ele>668.900</ele><time>2026-09-13T16:16:03Z</time><speed>0.706</speed><sat>17</sat></trkpt>
  <trkpt lat="-33.45427167" lon="-70.54788167"><ele>669.000</ele><time>2026-09-13T16:16:04Z</time><speed>0.656</speed><sat>19</sat></trkpt>
  <trkpt lat="-33.45427000" lon="-70.54787833"><ele>669.100</ele><time>2026-09-13T16:16:05Z</time><speed>0.636</speed><sat>19</sat></trkpt>
  <trkpt lat="-33.45427000" lon="-70.54787833"><ele>669.200</ele><time>2026-09-13T16:16:06Z</time><speed>0.000</speed><sat>19</sat></trkpt>
  <trkpt lat="-33.45426667" lon="-70.54788500"><ele>669.200</ele><time>2026-09-13T16:16:07Z</time><speed>0.000</speed><sat>19</sat></trkpt>
  <trkpt lat="-33.45426333" lon="-70.54788833"><ele>669.200</ele><time>2026-09-13T16:16:08Z</time><speed>0.000</speed><sat>19</sat></trkpt>
  <trkpt lat="-33.45426333" lon="-70.54789333"><ele>669.200</ele><time>2026-09-13T16:16:09Z</time><speed>0.000</speed><sat>18</sat></trkpt>
  <trkpt lat="-33.45426167" lon="-70.54790500"><ele>669.300</ele><time>2026-09-13T16:16:10Z</time><speed>0.000</speed><sat>19</sat></trkpt>
  <trkpt lat="-33.45426000" lon="-70.54791500"><ele>669.300</ele><time>2026-09-13T16:16:11Z</time><speed>0.000</speed><sat>18</sat></trkpt>
  <trkpt lat="-33.45426000" lon="-70.54791500"><ele>669.300</ele><time>2026-09-13T16:16:12Z</time><speed>0.000</speed><sat>18</sat></trkpt>
  <trkpt lat="-33.45426000" lon="-70.54791500"><ele>669.300</ele><time>2026-09-13T16:16:13Z</time><speed>0.000</speed><sat>18</sat></trkpt>
  <trkpt lat="-33.45426667" lon="-70.54791000"><ele>669.300</ele><time>2026-09-13T16:16:14Z</time><speed>0.000</speed><sat>17</sat></trkpt>
  <trkpt lat="-33.45426667" lon="-70.54791000"><ele>669.200</ele><time>2026-09-13T16:16:15Z</time><speed>0.000</speed><sat>19</sat></trkpt>
  <trkpt lat="-33.45426833" lon="-70.54790667"><ele>669.100</ele><time>2026-09-13T16:16:16Z</time><speed>0.000</speed><sat>17</sat></trkpt>
  <trkpt lat="-33.45427500" lon="-70.54791167"><ele>669.100</ele><time>2026-09-13T16:16:17Z</time><speed>0.000</speed><sat>17</sat></trkpt>
  <trkpt lat="-33.45428167" lon="-70.54791667"><ele>669.000</ele><time>2026-09-13T16:16:18Z</time><speed>0.000</speed><sat>18</sat></trkpt>
  <trkpt lat="-33.45429333" lon="-70.54792167"><ele>669.000</ele><time>2026-09-13T16:16:19Z</time><speed>0.676</speed><sat>17</sat></trkpt>
  <trkpt lat="-33.45429667" lon="-70.54793833"><ele>668.800</ele><time>2026-09-13T16:16:20Z</time><speed>0.763</speed><sat>17</sat></trkpt>
  <trkpt lat="-33.45430000" lon="-70.54794333"><ele>668.800</ele><time>2026-09-13T16:16:21Z</time><speed>0.000</speed><sat>17</sat></trkpt>
  <trkpt lat="-33.45430500" lon="-70.54795500"><ele>668.700</ele><time>2026-09-13T16:16:22Z</time><speed>0.894</speed><sat>17</sat></trkpt>
  <trkpt lat="-33.45430500" lon="-70.54795833"><ele>668.600</ele><time>2026-09-13T16:16:23Z</time><speed>0.894</speed><sat>17</sat></trkpt>
  <trkpt lat="-33.45430500" lon="-70.54795333"><ele>668.500</ele><time>2026-09-13T16:16:24Z</time><speed>0.816</speed><sat>17</sat></trkpt>
  <trkpt lat="-33.45430167" lon="-70.54794833"><ele>668.400</ele><time>2026-09-13T16:16:25Z</time><speed>0.781</speed><sat>17</sat></trkpt>
  <trkpt lat="-33.45429500" lon="-70.54794167"><ele>668.300</ele><time>2026-09-13T16:16:26Z</time><speed>0.780</speed><sat>19</sat></trkpt>
  <trkpt lat="-33.45429000" lon="-70.54794167"><ele>668.200</ele><time>2026-09-13T16:16:27Z</time><speed>0.000</speed><sat>18</sat></trkpt>
  <trkpt lat="-33.45428500" lon="-70.54793833"><ele>668.200</ele><time>2026-09-13T16:16:28Z</time><speed>0.000</speed><sat>17</sat></trkpt>
  <trkpt lat="-33.45428333" lon="-70.54793333"><ele>668.100</ele><time>2026-09-13T16:16:29Z</time><speed>0.000</speed><sat>18</sat></trkpt>
  <trkpt lat="-33.45428167" lon="-70.54792833"><ele>668.000</ele><time>2026-09-13T16:16:30Z</time><speed>0.000</speed><sat>19</sat></trkpt>
  <trkpt lat="-33.45428333" lon="-70.54792167"><ele>667.900</ele><time>2026-09-13T16:16:31Z</time><speed>0.000</speed><sat>19</sat></trkpt>
  <trkpt lat="-33.45428000" lon="-70.54792667"><ele>667.800</ele><time>2026-09-13T16:16:32Z</time><speed>0.000</speed><sat>18</sat></trkpt>
  <trkpt lat="-33.45428167" lon="-70.54793333"><ele>667.600</ele><time>2026-09-13T16:16:33Z</time><speed>0.000</speed><sat>17</sat></trkpt>
  <trkpt lat="-33.45428500" lon="-70.54794667"><ele>667.700</ele><time>2026-09-13T16:16:34Z</time><speed>0.705</speed><sat>17</sat></trkpt>
  <trkpt lat="-33.45428500" lon="-70.54795333"><ele>667.600</ele><time>2026-09-13T16:16:35Z</time><speed>0.000</speed><sat>16</sat></trkpt>
  <trkpt lat="-33.45428500" lon="-70.54796167"><ele>667.500</ele><time>2026-09-13T16:16:36Z</time><speed>0.901</speed><sat>16</sat></trkpt>
  <trkpt lat="-33.45428833" lon="-70.54796500"><ele>667.500</ele><time>2026-09-13T16:16:37Z</time><speed>0.000</speed><sat>17</sat></trkpt>
  <trkpt lat="-33.45428833" lon="-70.54797000"><ele>667.400</ele><time>2026-09-13T16:16:38Z</time><speed>1.083</speed><sat>18</sat></trkpt>
 </trkseg>
</trk>

</gpx>
 